{"service":"control","event":"listening","host":"127.0.0.1","port":8441}
{"timestamp":1791632166345,"service":"control","requestId":"d48ade55-4a47-4b53-8b63-c266b84e6163","method":"GET","result":200,"reason":"OK","latencyMs":34.26}
{"timestamp":1791632166498,"service":"control","requestId":"09ba66f9-d33d-470e-846c-e55427c5042b","method":"GET","result":200,"reason":"OK","latencyMs":14.48}
{"timestamp":1791632166629,"service":"control","requestId":"09da42d6-0fdb-4e98-9793-dfca687a13cb","method":"GET","result":200,"reason":"OK","latencyMs":12.91}
{"timestamp":1791632166892,"service":"control","requestId":"e1863608-f5da-45f7-b394-4b1e8e4ee0a6","method":"POST","result":200,"reason":"OK","latencyMs":112.92}
{"timestamp":1791632166938,"service":"control","requestId":"b7ff4153-3df6-4dc7-b727-5078cb62761d","method":"POST","result":200,"reason":"OK","latencyMs":34.58}
{"timestamp":1791632166990,"service":"control","requestId":"08ddb683-b346-4186-900c-0f1c0734eafb","method":"POST","result":200,"reason":"OK","latencyMs":38.61}
{"timestamp":1791632167221,"service":"control","requestId":"ef486477-6832-4cc3-806e-52fe067b8e7e","method":"POST","result":200,"reason":"OK","latencyMs":93.54}
{"timestamp":1791632167260,"service":"control","requestId":"53ed1949-7b11-444c-8d0d-ced023e01cd2","method":"POST","result":200,"reason":"OK","latencyMs":31.75}
{"timestamp":1791632167301,"service":"control","requestId":"9e1ad0fe-476b-4045-85e9-f0c10104a710","method":"POST","result":200,"reason":"OK","latencyMs":36.95}
{"timestamp":1791632167513,"service":"control","requestId":"5359c54a-9fbe-4b32-99e7-07edff652488","method":"POST","result":200,"reason":"OK","latencyMs":88.42}
{"timestamp":1791632167547,"service":"control","requestId":"e9c8dfff-aec5-41f3-b435-f75ae21e07ca","method":"POST","result":200,"reason":"OK","latencyMs":31.26}
{"timestamp":1791632167598,"service":"control","requestId":"96aaa8ac-7f6e-4673-963c-97bcf348edca","method":"POST","result":200,"reason":"OK","latencyMs":43.54}
{"timestamp":1791632167790,"service":"control","requestId":"6f5ecc4d-c8e2-4303-8f79-fe953c6158d1","method":"POST","result":200,"reason":"OK","latencyMs":69.88}
{"timestamp":1791632167821,"service":"control","requestId":"252e867e-5235-4c73-b11c-dbc638653790","method":"POST","result":200,"reason":"OK","latencyMs":26.14}
{"timestamp":1791632167860,"service":"control","requestId":"534f96db-b30b-489f-9143-e1423efc48cb","method":"POST","result":200,"reason":"OK","latencyMs":32.68}
{"timestamp":1791632168043,"service":"control","requestId":"8cefe01c-4211-44b4-8778-28d66d5f3e64","method":"POST","result":200,"reason":"OK","latencyMs":74.47}
{"timestamp":1791632168077,"service":"control","requestId":"5d1df4d7-9e1a-406b-bd1b-21e67535d344","method":"POST","result":200,"reason":"OK","latencyMs":29.9}
{"timestamp":1791632168117,"service":"control","requestId":"a0fb4abb-224e-446b-9ba3-e5e7da596a5a","method":"POST","result":200,"reason":"OK","latencyMs":36.58}
{"timestamp":1791632168257,"service":"control","requestId":"84502c58-dc83-474e-b4b1-7d2a0bd99cae","method":"POST","result":200,"reason":"OK","latencyMs":30.35}
{"timestamp":1791632168334,"service":"control","requestId":"12abdb40-e3ea-4b43-869e-b5da5aba88cb","method":"POST","result":200,"reason":"OK","latencyMs":72.98}
{"timestamp":1791632168423,"service":"control","requestId":"f4035f1e-6bb3-4860-8321-19a48677c128","method":"POST","result":200,"reason":"OK","latencyMs":85.26}
{"timestamp":1791632168452,"service":"control","requestId":"b3d9e2d9-2d0a-43fa-ab9d-919f0f7617bd","method":"POST","result":200,"reason":"OK","latencyMs":31.72}
{"timestamp":1791632168490,"service":"control","requestId":"7342fecb-16eb-4d77-bdff-0f7b3a256828","method":"POST","result":200,"reason":"OK","latencyMs":33.48}
{"timestamp":1791632168526,"service":"control","requestId":"6f9a8030-830c-4733-a584-99f95024577c","method":"POST","result":200,"reason":"OK","latencyMs":32.73}
{"timestamp":1791632168553,"service":"control","requestId":"36174302-3706-4939-a04b-a23ae6afc887","method":"POST","result":200,"reason":"OK","latencyMs":29.65}
{"timestamp":1791632168583,"service":"control","requestId":"370cd810-1fea-4c07-956f-62cacef10413","method":"POST","result":200,"reason":"OK","latencyMs":27.19}
{"timestamp":1791632168618,"service":"control","requestId":"ae6db670-c060-4104-b655-047bcb715b6d","method":"POST","result":200,"reason":"OK","latencyMs":33.27}
{"timestamp":1791632168650,"service":"control","requestId":"de77dc2e-9a4d-41ed-bd62-343be33c62b5","method":"POST","result":200,"reason":"OK","latencyMs":30.79}
{"timestamp":1791632168724,"service":"control","requestId":"9f4c69b7-b011-470a-b9ca-b57f2e0dab49","method":"POST","result":200,"reason":"OK","latencyMs":78.06}
{"timestamp":1791632168818,"service":"control","requestId":"7fa5d053-5acd-4997-b655-a371c0419bf6","method":"POST","result":200,"reason":"OK","latencyMs":96.97}
{"timestamp":1791632168846,"service":"control","requestId":"a1dec00e-8687-43dc-9a28-7ae2ea9db629","method":"POST","result":200,"reason":"OK","latencyMs":31.44}
{"timestamp":1791632168881,"service":"control","requestId":"2d174cec-0de8-4f80-9526-215c174a88cf","method":"POST","result":200,"reason":"OK","latencyMs":33.94}
{"timestamp":1791632168909,"service":"control","requestId":"602e17bf-ad7b-4d15-8124-2499252cb5e4","method":"POST","result":200,"reason":"OK","latencyMs":30.44}
{"timestamp":1791632168939,"service":"control","requestId":"7fb803df-bc88-4be8-a180-6c9bf28d16cc","method":"POST","result":200,"reason":"OK","latencyMs":29.24}
{"timestamp":1791632168974,"service":"control","requestId":"f341c7fe-d056-4ab9-b569-5548940dae8d","method":"POST","result":200,"reason":"OK","latencyMs":33.95}
{"timestamp":1791632169005,"service":"control","requestId":"ae853fad-245a-40c0-b248-ef221b840537","method":"POST","result":200,"reason":"OK","latencyMs":33.69}
{"timestamp":1791632169035,"service":"control","requestId":"9f72021f-9662-4451-8b52-f0abf090038c","method":"POST","result":200,"reason":"OK","latencyMs":32.86}
{"timestamp":1791632169106,"service":"control","requestId":"5c81d082-05ee-4999-8ca5-3f9709e2db94","method":"POST","result":200,"reason":"OK","latencyMs":73.64}
{"timestamp":1791632169192,"service":"control","requestId":"2e5e1efe-711a-43a0-82c0-0c6868120402","method":"POST","result":200,"reason":"OK","latencyMs":84.88}
{"timestamp":1791632169225,"service":"control","requestId":"11034c1d-3f74-42d3-aa14-c17f72781cc1","method":"POST","result":200,"reason":"OK","latencyMs":36.37}
{"timestamp":1791632169265,"service":"control","requestId":"977d239c-544c-4207-9a99-3a744634bd83","method":"POST","result":200,"reason":"OK","latencyMs":43.43}
{"timestamp":1791632169294,"service":"control","requestId":"1981fe65-b7b5-4ecd-b82f-ea674c0bcce2","method":"POST","result":200,"reason":"OK","latencyMs":35.15}
{"timestamp":1791632169325,"service":"control","requestId":"e4ef9963-6d45-49b6-a695-69d0fa72ae81","method":"POST","result":200,"reason":"OK","latencyMs":33.44}
{"timestamp":1791632169359,"service":"control","requestId":"4081ca35-dd73-4f4d-a35c-3867dc78813f","method":"POST","result":200,"reason":"OK","latencyMs":37.78}
{"timestamp":1791632169385,"service":"control","requestId":"16f3f183-91d5-428c-ae3e-8e482f0650cb","method":"POST","result":200,"reason":"OK","latencyMs":28.78}
{"timestamp":1791632169414,"service":"control","requestId":"2ae3b110-ed98-48a7-8fde-cde59b33139f","method":"POST","result":200,"reason":"OK","latencyMs":30.76}
{"timestamp":1791632169488,"service":"control","requestId":"9ed7b41d-2ec9-49dc-9faf-00fda7306120","method":"POST","result":200,"reason":"OK","latencyMs":73.25}
{"timestamp":1791632169565,"service":"control","requestId":"c5b2eafb-de9e-4a84-9087-28878e5dcba5","method":"POST","result":200,"reason":"OK","latencyMs":76.31}
{"timestamp":1791632169590,"service":"control","requestId":"d3a8fdf4-cc34-42bb-a452-e2734b8db38a","method":"POST","result":200,"reason":"OK","latencyMs":27.34}
{"timestamp":1791632169626,"service":"control","requestId":"6db63ddc-d6c4-4997-8a28-39c852628af9","method":"POST","result":200,"reason":"OK","latencyMs":35.26}
{"timestamp":1791632169653,"service":"control","requestId":"76e91fce-18c8-4fae-9a35-751168a07bbe","method":"POST","result":200,"reason":"OK","latencyMs":29.63}
{"timestamp":1791632169686,"service":"control","requestId":"00af0d3b-14c0-4a83-bafc-0d12d1dc38c8","method":"POST","result":200,"reason":"OK","latencyMs":36.24}
{"timestamp":1791632169719,"service":"control","requestId":"c61e4f81-778d-4988-b61d-735bc315a9c5","method":"POST","result":200,"reason":"OK","latencyMs":36.63}
{"timestamp":1791632169758,"service":"control","requestId":"e36253c8-fcfd-41f8-9788-9ea23385b2e4","method":"POST","result":200,"reason":"OK","latencyMs":41.15}
{"timestamp":1791632169786,"service":"control","requestId":"09398a3e-946d-4df1-bcb1-60664956561b","method":"POST","result":200,"reason":"OK","latencyMs":31.69}
{"timestamp":1791632169882,"service":"control","requestId":"4dddf710-110e-4f4f-9fa0-33f5064b513e","method":"POST","result":200,"reason":"OK","latencyMs":94.25}
{"timestamp":1791632169974,"service":"control","requestId":"b3e9e5c8-aa50-4657-9a65-45f7efcbc65b","method":"POST","result":200,"reason":"OK","latencyMs":97.19}
{"timestamp":1791632169999,"service":"control","requestId":"94224140-3984-470c-91dd-179b45ce3eca","method":"POST","result":200,"reason":"OK","latencyMs":30.34}
{"timestamp":1791632170031,"service":"control","requestId":"3a124835-d18a-4464-a4e6-211baff72355","method":"POST","result":200,"reason":"OK","latencyMs":34.28}
{"timestamp":1791632170059,"service":"control","requestId":"f0232dcb-0e75-4244-90a6-ac65d5682610","method":"POST","result":200,"reason":"OK","latencyMs":30.92}
{"timestamp":1791632170090,"service":"control","requestId":"05972ab3-bea7-41a9-9d73-78f366c28982","method":"POST","result":200,"reason":"OK","latencyMs":34.69}
{"timestamp":1791632170116,"service":"control","requestId":"01db4e30-4ff6-4fc3-a8ca-6b0135b31794","method":"POST","result":200,"reason":"OK","latencyMs":28.64}
{"timestamp":1791632170149,"service":"control","requestId":"b78b4bb4-8dde-494d-a41f-e96d3183a7c0","method":"POST","result":200,"reason":"OK","latencyMs":32.24}
{"timestamp":1791632170183,"service":"control","requestId":"4d2fa23f-5ab0-4601-b5c5-bc5a9bae8b38","method":"POST","result":200,"reason":"OK","latencyMs":32.61}
{"timestamp":1791632170255,"service":"control","requestId":"bf7b27ae-aa2c-4eeb-86f2-9320b2d5abb6","method":"POST","result":200,"reason":"OK","latencyMs":75.94}
{"timestamp":1791632170326,"service":"control","requestId":"8d8a0782-baf4-4578-aded-9e91e1e99d76","method":"POST","result":200,"reason":"OK","latencyMs":74.27}
{"timestamp":1791632170359,"service":"control","requestId":"7aeb457a-f7f7-4b35-bae7-eee156faddf3","method":"POST","result":200,"reason":"OK","latencyMs":36.35}
{"timestamp":1791632170391,"service":"control","requestId":"609541af-fe04-4f51-894a-02abc7c997fb","method":"POST","result":200,"reason":"OK","latencyMs":35.76}
{"timestamp":1791632170423,"service":"control","requestId":"8b8f356d-4d16-4e02-b28b-0747a3be170d","method":"POST","result":200,"reason":"OK","latencyMs":36.5}
{"timestamp":1791632170455,"service":"control","requestId":"e1ccefec-4b40-4fb5-b54c-3fad274342ba","method":"POST","result":200,"reason":"OK","latencyMs":36.28}
{"timestamp":1791632170493,"service":"control","requestId":"f2e5471e-b954-4a15-82a9-b87da64bb4e6","method":"POST","result":200,"reason":"OK","latencyMs":41.54}
{"timestamp":1791632170523,"service":"control","requestId":"0fa15fee-bffa-451d-8e20-b40935420048","method":"POST","result":200,"reason":"OK","latencyMs":32.54}
{"timestamp":1791632170553,"service":"control","requestId":"0911bd6a-e7f5-40cb-93b8-fbb8205b4e30","method":"POST","result":200,"reason":"OK","latencyMs":32.84}
{"timestamp":1791632170630,"service":"control","requestId":"3211ad20-3e9e-4db1-b899-05aeabc46216","method":"POST","result":200,"reason":"OK","latencyMs":80.14}
{"timestamp":1791632170715,"service":"control","requestId":"25d0b8b9-7aca-4a40-a39a-d429db8c09d6","method":"POST","result":200,"reason":"OK","latencyMs":88.21}
{"timestamp":1791632170744,"service":"control","requestId":"716a87d0-96a5-45c2-b264-9a4a96d3ccfb","method":"POST","result":200,"reason":"OK","latencyMs":34.65}
{"timestamp":1791632170783,"service":"control","requestId":"6c7dc089-be18-4ce5-89f4-427b00fe6c1d","method":"POST","result":200,"reason":"OK","latencyMs":38.09}
{"timestamp":1791632170814,"service":"control","requestId":"283b1a3f-8d64-4aac-b05a-877435b183d7","method":"POST","result":200,"reason":"OK","latencyMs":34.37}
{"timestamp":1791632170863,"service":"control","requestId":"83307307-1788-467d-92b0-8a25a2af9da5","method":"POST","result":200,"reason":"OK","latencyMs":52.15}
{"timestamp":1791632170891,"service":"control","requestId":"39abdae8-7018-4412-b904-8844a8973f30","method":"POST","result":200,"reason":"OK","latencyMs":31.92}
{"timestamp":1791632170926,"service":"control","requestId":"cb32824f-2b0e-4183-87a3-30837ad6df10","method":"POST","result":200,"reason":"OK","latencyMs":34.21}
{"timestamp":1791632170956,"service":"control","requestId":"b8582df2-af64-44d0-a464-e3f98ffea856","method":"POST","result":200,"reason":"OK","latencyMs":33.35}
{"timestamp":1791632171029,"service":"control","requestId":"82b1661b-6c70-4625-ae3a-4ecf71583be4","method":"POST","result":200,"reason":"OK","latencyMs":76.44}
{"timestamp":1791632171118,"service":"control","requestId":"433e2377-98e9-488e-a832-34ed38cd5b10","method":"POST","result":200,"reason":"OK","latencyMs":94.27}
{"timestamp":1791632171145,"service":"control","requestId":"892aadbc-cb69-4ca5-9786-9568be4fd5ce","method":"POST","result":200,"reason":"OK","latencyMs":30.12}
{"timestamp":1791632171186,"service":"control","requestId":"ffcda6a5-dfb8-4d25-84dd-0c81e8a5887c","method":"POST","result":200,"reason":"OK","latencyMs":36.98}
{"timestamp":1791632171211,"service":"control","requestId":"311e61d5-e51f-4ec0-9b53-40b3f7e596a0","method":"POST","result":200,"reason":"OK","latencyMs":30.32}
{"timestamp":1791632171243,"service":"control","requestId":"2d5d72dd-108a-4654-9f40-05247fea2ada","method":"POST","result":200,"reason":"OK","latencyMs":34.98}
{"timestamp":1791632171275,"service":"control","requestId":"01b3435c-e359-4021-951e-4ee922444b6d","method":"POST","result":200,"reason":"OK","latencyMs":35.91}
{"timestamp":1791632171307,"service":"control","requestId":"4fa9f8f1-c4b5-4d97-8e90-caf34976c189","method":"POST","result":200,"reason":"OK","latencyMs":36.25}
{"timestamp":1791632171337,"service":"control","requestId":"5bef713e-ebba-433c-9609-de46c18d58ae","method":"POST","result":200,"reason":"OK","latencyMs":32.61}
{"timestamp":1791632171414,"service":"control","requestId":"4b54a87d-4437-49b9-842d-4f210a41a134","method":"POST","result":200,"reason":"OK","latencyMs":79.53}
{"timestamp":1791632171486,"service":"control","requestId":"1d1e36e6-18d2-400c-8e76-202612982421","method":"POST","result":200,"reason":"OK","latencyMs":77.5}
{"timestamp":1791632171522,"service":"control","requestId":"88dcdb3e-5ea7-43b1-9248-e8d0ea8b5a3e","method":"POST","result":200,"reason":"OK","latencyMs":39.84}
{"timestamp":1791632171568,"service":"control","requestId":"d8732913-8c58-421a-876a-72f4ce8d6c7c","method":"POST","result":200,"reason":"OK","latencyMs":52.26}
{"timestamp":1791632171601,"service":"control","requestId":"526e6b92-2390-43d6-84d6-241ac6640414","method":"POST","result":200,"reason":"OK","latencyMs":37.28}
{"timestamp":1791632171642,"service":"control","requestId":"dd3a37ce-034b-49bc-ad2b-5b2f940e3ccb","method":"POST","result":200,"reason":"OK","latencyMs":44.7}
{"timestamp":1791632171672,"service":"control","requestId":"e970fda5-cf16-4eb5-a4c7-066bb2aed6d0","method":"POST","result":200,"reason":"OK","latencyMs":37.09}
{"timestamp":1791632171706,"service":"control","requestId":"449c364a-a651-452f-96f9-1b9874b70572","method":"POST","result":200,"reason":"OK","latencyMs":38.21}
{"timestamp":1791632171741,"service":"control","requestId":"2d913b8d-c1f2-46e8-89ac-778f79e19729","method":"POST","result":200,"reason":"OK","latencyMs":38.28}
{"timestamp":1791632171830,"service":"control","requestId":"47cd6265-a269-42be-8132-2b8a5c515834","method":"POST","result":200,"reason":"OK","latencyMs":87.86}
{"timestamp":1791632171921,"service":"control","requestId":"23d0a454-d4d6-42d7-aed0-379fa9f912cc","method":"POST","result":200,"reason":"OK","latencyMs":90.24}
{"timestamp":1791632171956,"service":"control","requestId":"20700f28-c27f-4994-be06-02a024a3eb83","method":"POST","result":200,"reason":"OK","latencyMs":38.1}
{"timestamp":1791632171992,"service":"control","requestId":"4d0238f2-2b39-4f04-be3f-832e02c57462","method":"POST","result":200,"reason":"OK","latencyMs":40.02}
{"timestamp":1791632172027,"service":"control","requestId":"f2b2a74b-5193-490b-a627-5c89a5abc8ef","method":"POST","result":200,"reason":"OK","latencyMs":39.84}
{"timestamp":1791632172064,"service":"control","requestId":"a05c379e-99aa-4c8c-a28c-272f9cbaf420","method":"POST","result":200,"reason":"OK","latencyMs":40.25}
{"timestamp":1791632172101,"service":"control","requestId":"c9bdea8a-ad45-4738-8688-54aaa3b63ef5","method":"POST","result":200,"reason":"OK","latencyMs":40.39}
{"timestamp":1791632172131,"service":"control","requestId":"92b8eaaa-2284-4053-acd5-20b9881ac374","method":"POST","result":200,"reason":"OK","latencyMs":33.54}
{"timestamp":1791632172161,"service":"control","requestId":"8e71e202-e318-4f9e-876e-c34e3db43a6f","method":"POST","result":200,"reason":"OK","latencyMs":33.57}
{"timestamp":1791632172242,"service":"control","requestId":"6842a001-5910-4da5-b2b4-3e933b52dbd2","method":"POST","result":200,"reason":"OK","latencyMs":79.82}
{"timestamp":1791632172320,"service":"control","requestId":"3fa1ff54-23f8-4859-afcf-eaba0fe7234d","method":"POST","result":200,"reason":"OK","latencyMs":81.92}
{"timestamp":1791632172353,"service":"control","requestId":"15b6cd5f-7f9d-4dc1-8278-3d074e8c7808","method":"POST","result":200,"reason":"OK","latencyMs":37.28}
{"timestamp":1791632172385,"service":"control","requestId":"752c6283-525e-4df3-bb8a-896b18e46543","method":"POST","result":200,"reason":"OK","latencyMs":34.66}
{"timestamp":1791632172412,"service":"control","requestId":"9a24867e-203e-4146-8df1-b74a582694b0","method":"POST","result":200,"reason":"OK","latencyMs":31.75}
{"timestamp":1791632172444,"service":"control","requestId":"9f254836-2023-4acf-b87f-2c77dc06d539","method":"POST","result":200,"reason":"OK","latencyMs":35.07}
{"timestamp":1791632172476,"service":"control","requestId":"fdad4819-b5ca-459a-80e8-e5ab1a2bb2af","method":"POST","result":200,"reason":"OK","latencyMs":35.85}
{"timestamp":1791632172510,"service":"control","requestId":"2c7bfa2f-08be-4cae-8fcb-c96b75714d2f","method":"POST","result":200,"reason":"OK","latencyMs":37.98}
{"timestamp":1791632172661,"service":"control","requestId":"24d9e177-f5c0-41bc-90ad-bbf3b62ca38e","method":"POST","result":200,"reason":"OK","latencyMs":39.64}
{"timestamp":1791632172710,"service":"control","requestId":"f0046e76-749e-4291-9d53-84548b2fb536","method":"PUT","result":200,"reason":"OK","latencyMs":51.88}
{"timestamp":1791632172906,"service":"control","requestId":"419c3002-4284-4764-8132-3741a208b97a","method":"POST","result":401,"reason":"LOGIN_DENIED","latencyMs":86.19}
{"timestamp":1791632173213,"service":"control","requestId":"2f7a3cec-8b29-4e7a-a444-70a8decaac28","method":"POST","result":200,"reason":"OK","latencyMs":32.98}
{"timestamp":1791632173255,"service":"control","requestId":"5e96ec7d-e8ca-4bbe-b142-4959e63b8c89","method":"POST","result":200,"reason":"OK","latencyMs":35.64}
{"timestamp":1791632173315,"service":"control","requestId":"adbf6092-43d6-42c6-8b3e-ec78f4ca2227","method":"POST","result":200,"reason":"OK","latencyMs":37.35}
{"timestamp":1791632173376,"service":"control","requestId":"e523d76c-8edb-400b-8263-639206591d61","method":"POST","result":200,"reason":"OK","latencyMs":57.83}
{"timestamp":1791632173537,"service":"control","requestId":"ed817a36-613c-4a47-8187-e6faaf4370c7","method":"GET","result":200,"reason":"OK","latencyMs":42.04}
{"timestamp":1791632173574,"service":"control","requestId":"dded341a-5da3-44ef-91ae-ebc9ce78dfd0","method":"POST","result":200,"reason":"OK","latencyMs":31.58}
{"timestamp":1791632173626,"service":"control","requestId":"d31d46d6-8636-445d-bd80-540151e3ea00","method":"POST","result":200,"reason":"OK","latencyMs":51.15}
{"timestamp":1791632173732,"service":"control","requestId":"75d4609a-241c-45f2-8b44-3ebe7261c2b1","method":"POST","result":200,"reason":"OK","latencyMs":39.09}
{"timestamp":1791632173775,"service":"control","requestId":"3f1e5e21-aed1-4da8-a2ef-d69dcfa03dcd","method":"POST","result":200,"reason":"OK","latencyMs":47.16}
{"timestamp":1791632174060,"service":"control","requestId":"fe2b7a16-a8c6-4f3a-b37e-cca544165cf9","method":"POST","result":200,"reason":"OK","latencyMs":41.21}
{"timestamp":1791632174101,"service":"control","requestId":"e75cf858-af82-4be6-8f48-b8f43ff6ad0f","method":"POST","result":200,"reason":"OK","latencyMs":40.05}
{"timestamp":1791632174319,"service":"control","requestId":"659f8093-8a4d-4b53-937f-3d65f571fdbe","method":"POST","result":200,"reason":"OK","latencyMs":31.17}
{"timestamp":1791632174407,"service":"control","requestId":"39462895-5524-46bf-bdfc-3fc30ae549d7","method":"POST","result":200,"reason":"OK","latencyMs":69.72}
{"timestamp":1791632174560,"service":"control","requestId":"f4b79cdc-d90b-4778-99fd-2c2cbcb00fdf","method":"GET","result":200,"reason":"OK","latencyMs":42.94}
{"timestamp":1791632174603,"service":"control","requestId":"57008792-d275-49a3-bc6b-2ef4188b7fb7","method":"POST","result":200,"reason":"OK","latencyMs":38.61}
{"timestamp":1791632174659,"service":"control","requestId":"eca4928b-d5bd-4534-8100-93809eb7c7db","method":"POST","result":200,"reason":"OK","latencyMs":58.73}
{"timestamp":1791632175065,"service":"control","requestId":"84d927ec-aa82-4f91-876a-6e8006ffb20e","method":"POST","result":200,"reason":"OK","latencyMs":33.78}
{"timestamp":1791632175099,"service":"control","requestId":"fa346f5f-ea60-4fb3-8f6d-395149337332","method":"POST","result":200,"reason":"OK","latencyMs":37.54}
{"timestamp":1791632175238,"service":"control","requestId":"40eab693-2e51-4326-87ab-378bf0a644c9","method":"POST","result":200,"reason":"OK","latencyMs":29.98}
{"timestamp":1791632175274,"service":"control","requestId":"9463a7b2-82f3-40bf-b494-2fcadb28365f","method":"POST","result":200,"reason":"OK","latencyMs":28.61}
{"timestamp":1791632175314,"service":"control","requestId":"c54cd395-9845-462f-98d2-d7af643aa70d","method":"POST","result":200,"reason":"OK","latencyMs":27.48}
{"timestamp":1791632175364,"service":"control","requestId":"fe64ffa8-df8b-45ed-9224-5fb8bbe6b6eb","method":"POST","result":200,"reason":"OK","latencyMs":45.64}
{"timestamp":1791632175498,"service":"control","requestId":"84f39588-a9e2-476e-b0c8-ceab91191e11","method":"GET","result":200,"reason":"OK","latencyMs":37.22}
{"timestamp":1791632175538,"service":"control","requestId":"3a5149f5-7343-4684-b190-fae73ecd79b5","method":"POST","result":200,"reason":"OK","latencyMs":35.29}
{"timestamp":1791632175570,"service":"control","requestId":"285c12a8-be63-4dca-8eca-f1a7673a5d1f","method":"POST","result":404,"reason":"OBJECT_NOT_FOUND","latencyMs":35.03}
{"timestamp":1791632175979,"service":"control","requestId":"b0fdea7b-d229-46ed-8e32-9d5eda474dae","method":"POST","result":200,"reason":"OK","latencyMs":38.1}
{"timestamp":1791632176014,"service":"control","requestId":"787f09e1-b889-4ca7-8557-e9588b4e2af9","method":"POST","result":200,"reason":"OK","latencyMs":32.2}
{"timestamp":1791632176064,"service":"control","requestId":"284419ac-ff5c-4154-9730-71846c142d7e","method":"POST","result":200,"reason":"OK","latencyMs":37.91}
{"timestamp":1791632176108,"service":"control","requestId":"18748f2e-4cf0-4f16-8d4f-f42ecb7749b9","method":"POST","result":200,"reason":"OK","latencyMs":46.58}
{"timestamp":1791632176245,"service":"control","requestId":"ca5afd9b-c84b-4d4c-84a7-7b8721268be9","method":"POST","result":200,"reason":"OK","latencyMs":37.59}
{"timestamp":1791632176272,"service":"control","requestId":"a7a56015-f920-4d61-8195-c6acf09382db","method":"PUT","result":200,"reason":"OK","latencyMs":31.87}
{"timestamp":1791632176405,"service":"control","requestId":"19ac5c62-f6a1-42f1-8407-f355a5161e72","method":"GET","result":200,"reason":"OK","latencyMs":33.76}
{"timestamp":1791632176450,"service":"control","requestId":"ce8b3b5f-261d-4727-a631-89fb5fd69589","method":"POST","result":200,"reason":"OK","latencyMs":40.64}
{"timestamp":1791632176485,"service":"control","requestId":"b09573c7-9293-43b6-a976-03399176ad63","method":"POST","result":409,"reason":"POLICY_DENIED","latencyMs":39.42}
{"timestamp":1791632176617,"service":"control","requestId":"89cc4e39-7396-465b-b56f-5aeb23e3e1f3","method":"POST","result":200,"reason":"OK","latencyMs":33.47}
{"timestamp":1791632176650,"service":"control","requestId":"7a20d891-25a9-431d-9acf-115be5042fef","method":"PUT","result":200,"reason":"OK","latencyMs":32.39}
{"timestamp":1791632176791,"service":"control","requestId":"1ec92b0e-9697-45e7-afa8-1502568c031c","method":"GET","result":200,"reason":"OK","latencyMs":33.51}
{"timestamp":1791632176945,"service":"control","requestId":"75ceedda-a6f4-4781-86f1-6833252eb3ea","method":"POST","result":200,"reason":"OK","latencyMs":36.85}
{"timestamp":1791632176984,"service":"control","requestId":"589e229d-7018-4de6-92c7-a760d83738c5","method":"POST","result":200,"reason":"OK","latencyMs":31.24}
{"timestamp":1791632177497,"service":"control","requestId":"5e4db25c-641e-4327-9a7a-833702386e7b","method":"POST","result":200,"reason":"OK","latencyMs":33.76}
{"timestamp":1791632177542,"service":"control","requestId":"51c2fab6-f67c-44b2-9270-c675b69a9b55","method":"PATCH","result":200,"reason":"OK","latencyMs":47.93}
{"timestamp":1791632177698,"service":"control","requestId":"9ad19b11-7dc6-4172-b4dc-b0fc488873d3","method":"POST","result":200,"reason":"OK","latencyMs":33.67}
{"timestamp":1791632177753,"service":"control","requestId":"5c9713f3-b401-45de-95b6-f3e363bc1873","method":"POST","result":200,"reason":"OK","latencyMs":46.21}
{"timestamp":1791632177906,"service":"control","requestId":"4cf6ba03-9b57-4697-87a2-966b10fc89db","method":"POST","result":200,"reason":"OK","latencyMs":34.37}
{"timestamp":1791632177953,"service":"control","requestId":"1438d7cd-9ea5-4250-a13d-8a162616fd95","method":"POST","result":200,"reason":"OK","latencyMs":43.29}
{"timestamp":1791632178091,"service":"control","requestId":"c8c58e45-427d-43f9-83ba-1d985b6a2d33","method":"GET","result":401,"reason":"USER_REVOKED","latencyMs":36.86}
{"timestamp":1791632178245,"service":"control","requestId":"23ded16b-a0c0-459a-afd2-8a384a42619a","method":"GET","result":200,"reason":"OK","latencyMs":30.84}
{"timestamp":1791632178286,"service":"control","requestId":"b54adadf-90a4-4613-bd80-4c166d37a377","method":"POST","result":200,"reason":"OK","latencyMs":37.2}
{"timestamp":1791632178334,"service":"control","requestId":"669caa71-c57c-4da5-bc6a-9243fa39553f","method":"POST","result":200,"reason":"OK","latencyMs":51.84}
{"timestamp":1791632178399,"service":"control","requestId":"68c3ff7a-2d4f-4349-bf82-a1e4768d7658","method":"POST","result":200,"reason":"OK","latencyMs":35.81}
{"timestamp":1791632178431,"service":"control","requestId":"06f35ac8-b1c9-4583-81dd-f0731197ab63","method":"POST","result":200,"reason":"OK","latencyMs":35.23}
{"timestamp":1791632178573,"service":"control","requestId":"1a6d48df-7185-4de9-bd91-aaa8928ec3ae","method":"GET","result":200,"reason":"OK","latencyMs":34.67}
{"timestamp":1791632178704,"service":"control","requestId":"8c3493cc-6e6f-461b-a19e-c1e81b588a67","method":"GET","result":200,"reason":"OK","latencyMs":29.37}
{"timestamp":1791632178858,"service":"control","requestId":"c0fcaf38-87ed-4192-a23f-053b574da04b","method":"POST","result":200,"reason":"OK","latencyMs":30.98}
{"timestamp":1791632178898,"service":"control","requestId":"b14dcb4b-3d8a-4217-9aa2-229c1b5f89ce","method":"POST","result":200,"reason":"OK","latencyMs":33.48}
{"timestamp":1791632178950,"service":"control","requestId":"e5c75b22-dc18-4f3d-9134-d986ecec3bc8","method":"POST","result":200,"reason":"OK","latencyMs":41.29}
{"timestamp":1791632179001,"service":"control","requestId":"3eeada86-ef4c-4c2a-b116-9a16cf03508c","method":"POST","result":200,"reason":"OK","latencyMs":54.75}
{"timestamp":1791632179152,"service":"control","requestId":"ed885aae-decd-4ae8-887f-cfe42708b678","method":"GET","result":200,"reason":"OK","latencyMs":46.01}
{"timestamp":1791632179177,"service":"control","requestId":"d1c10fac-5889-4e71-ba1e-a3050238d215","method":"POST","result":200,"reason":"OK","latencyMs":51.54}
{"timestamp":1791632179201,"service":"control","requestId":"16d2942b-5606-465b-b911-edda7a307191","method":"POST","result":200,"reason":"OK","latencyMs":46.58}
{"timestamp":1791632179228,"service":"control","requestId":"39ebd37d-073a-441a-a7f1-62c10fefc92c","method":"PUT","result":200,"reason":"OK","latencyMs":47.75}
{"timestamp":1791632179250,"service":"control","requestId":"bd608112-76e2-4bd0-967e-9d415d0394cf","method":"POST","result":409,"reason":"POLICY_DENIED","latencyMs":49.53}
{"timestamp":1791632179410,"service":"control","requestId":"c345f471-47ec-4a5d-b9d1-ceb16ba30bfd","method":"POST","result":200,"reason":"OK","latencyMs":33.23}
{"timestamp":1791632179456,"service":"control","requestId":"2db2562d-2851-4e7b-a84d-670b01f02073","method":"PUT","result":200,"reason":"OK","latencyMs":41.83}
{"timestamp":1791632179613,"service":"control","requestId":"4b9fd33b-18b3-4d6e-a15f-0a451bba8ff3","method":"POST","result":200,"reason":"OK","latencyMs":36.14}
{"timestamp":1791632179650,"service":"control","requestId":"8a7c23a1-4226-44b7-b18c-1ccdeb80b649","method":"POST","result":200,"reason":"OK","latencyMs":32.68}
{"timestamp":1791632179696,"service":"control","requestId":"1701ef0a-6f21-4f47-840c-304ecf9152dd","method":"POST","result":200,"reason":"OK","latencyMs":33.76}
{"timestamp":1791632179744,"service":"control","requestId":"55b3d2ac-d6aa-4add-ae66-c1d0182a806c","method":"POST","result":200,"reason":"OK","latencyMs":46.54}
{"timestamp":1791632179902,"service":"control","requestId":"b6c778c6-51ca-4041-83f8-990bba16da93","method":"GET","result":200,"reason":"OK","latencyMs":41.9}
{"timestamp":1791632179946,"service":"control","requestId":"6a4f2f07-51d2-4414-a0a3-b83fb033ea8b","method":"POST","result":200,"reason":"OK","latencyMs":37.11}
{"timestamp":1791632179974,"service":"control","requestId":"210d6c83-982d-4e26-96ad-7377a5d6d1d0","method":"POST","result":200,"reason":"OK","latencyMs":52.68}
{"timestamp":1791632180011,"service":"control","requestId":"603163eb-a148-4b3e-ae4b-65003e74ecaa","method":"POST","result":200,"reason":"OK","latencyMs":66.33}
{"timestamp":1791632180039,"service":"control","requestId":"e17113a1-85c9-440b-bf22-0eb7c13f02ff","method":"PUT","result":200,"reason":"OK","latencyMs":61.47}
{"timestamp":1791632180062,"service":"control","requestId":"4cb38172-7af1-411f-b91b-7b0f132d8913","method":"POST","result":200,"reason":"OK","latencyMs":47.24}
{"timestamp":1791632180094,"service":"control","requestId":"2a3406ff-b108-4d9b-8d5a-aa112b0faa42","method":"POST","result":200,"reason":"OK","latencyMs":36.83}
{"timestamp":1791632180249,"service":"control","requestId":"183c1dba-4d07-40e9-8217-baf363572e05","method":"POST","result":200,"reason":"OK","latencyMs":36.11}
{"timestamp":1791632180292,"service":"control","requestId":"44680b1a-1b78-49ce-aa04-9a997e991f0c","method":"PUT","result":200,"reason":"OK","latencyMs":39.14}
{"timestamp":1791632180442,"service":"control","requestId":"58ffe21c-008e-45e1-b724-8457d790613b","method":"POST","result":200,"reason":"OK","latencyMs":33.2}
{"timestamp":1791632180490,"service":"control","requestId":"43708ade-1751-48b6-82f7-887dd45b2059","method":"POST","result":200,"reason":"OK","latencyMs":39.91}
{"timestamp":1791632180536,"service":"control","requestId":"83e496df-2860-4117-beaf-b87ef9103909","method":"POST","result":200,"reason":"OK","latencyMs":37.78}
{"timestamp":1791632180587,"service":"control","requestId":"16e35c70-83b8-46c7-b4e2-459e5a9cfd18","method":"POST","result":200,"reason":"OK","latencyMs":46.36}
{"timestamp":1791632180739,"service":"control","requestId":"5c6d24bf-e5bb-4eac-8c1c-5cce18db0deb","method":"GET","result":200,"reason":"OK","latencyMs":37.85}
{"timestamp":1791632180803,"service":"control","requestId":"7d410f0b-ba48-48bd-a7bb-6f6ff618d2cf","method":"POST","result":200,"reason":"OK","latencyMs":57.23}
{"timestamp":1791632180866,"service":"control","requestId":"cdaa92a5-fc70-4b0b-854c-acb3a98bc87e","method":"POST","result":200,"reason":"OK","latencyMs":62.19}
{"timestamp":1791632180875,"service":"control","requestId":"39d29c46-ab43-4813-a521-65c81d5b06d5","method":"POST","result":200,"reason":"OK","latencyMs":65.58}
{"timestamp":1791632180925,"service":"control","requestId":"186a31dd-0f41-42b4-8fe9-c50572eb6dc3","method":"POST","result":200,"reason":"OK","latencyMs":62.84}
{"timestamp":1791632180953,"service":"control","requestId":"f194dd94-18f3-4300-aa7e-02162464eb30","method":"PUT","result":200,"reason":"OK","latencyMs":80.77}
{"timestamp":1791632180977,"service":"control","requestId":"8e0cf499-5b7b-490c-a750-e4767d4c943e","method":"POST","result":200,"reason":"OK","latencyMs":51.45}
{"timestamp":1791632181128,"service":"control","requestId":"2532206f-5d78-4fef-8b51-e51041bf6158","method":"POST","result":200,"reason":"OK","latencyMs":34.28}
{"timestamp":1791632181167,"service":"control","requestId":"de5179cc-7c7b-4c70-bfa2-54928f8e546e","method":"PUT","result":200,"reason":"OK","latencyMs":36.01}
{"timestamp":1791632181329,"service":"control","requestId":"e58c42d4-c1d7-48b0-8d1e-12b611b347e5","method":"POST","result":200,"reason":"OK","latencyMs":47.7}
{"timestamp":1791632181361,"service":"control","requestId":"2778f06e-aa52-4ac6-acd9-ce89b1072dad","method":"POST","result":200,"reason":"OK","latencyMs":36.33}
{"timestamp":1791632181408,"service":"control","requestId":"e4d92b8b-1931-4de4-9e3c-8eef4c4d3c73","method":"POST","result":200,"reason":"OK","latencyMs":35.39}
{"timestamp":1791632181460,"service":"control","requestId":"78d52288-9d06-4770-85cb-4afe4d2a1a91","method":"POST","result":200,"reason":"OK","latencyMs":49.95}
{"timestamp":1791632181595,"service":"control","requestId":"a7766c41-d02b-48d1-aa4d-54b2f87f3ac1","method":"GET","result":200,"reason":"OK","latencyMs":37.1}
{"timestamp":1791632181642,"service":"control","requestId":"20b2b9c1-f383-406e-a112-6d72269c7b40","method":"POST","result":200,"reason":"OK","latencyMs":42.71}
{"timestamp":1791632181690,"service":"control","requestId":"0f528667-3cfb-4ad7-bf37-aef8a7d520f2","method":"POST","result":200,"reason":"OK","latencyMs":51.69}
{"timestamp":1791632181734,"service":"control","requestId":"2f54f08c-3bcb-4d98-bb49-a715f382e8bd","method":"POST","result":200,"reason":"OK","latencyMs":38.04}
{"timestamp":1791632181774,"service":"control","requestId":"d9487e94-8e68-4295-8c36-8de76ae2b317","method":"POST","result":200,"reason":"OK","latencyMs":47.36}
{"timestamp":1791632181804,"service":"control","requestId":"3f5afcbb-28ca-4888-a4c6-6ea7fba7f364","method":"POST","result":200,"reason":"OK","latencyMs":69.4}
{"timestamp":1791632181834,"service":"control","requestId":"d6e61ee8-d539-4d0c-ad23-862ec838bb1d","method":"PUT","result":200,"reason":"OK","latencyMs":55.72}
{"timestamp":1791632181978,"service":"control","requestId":"eaff2701-f2fb-449b-a8bf-4cd2a6a4541d","method":"POST","result":200,"reason":"OK","latencyMs":36.33}
{"timestamp":1791632182014,"service":"control","requestId":"c41e8abc-726b-442b-a121-b471798cf63d","method":"PUT","result":200,"reason":"OK","latencyMs":35.98}
{"timestamp":1791632182187,"service":"control","requestId":"c944027d-1c7f-40e3-b72e-320be3cb763e","method":"POST","result":200,"reason":"OK","latencyMs":34.76}
{"timestamp":1791632182236,"service":"control","requestId":"95deb501-d9f8-43cf-b8e5-43792a25deb5","method":"POST","result":200,"reason":"OK","latencyMs":36.78}
{"timestamp":1791632182274,"service":"control","requestId":"45019e53-6dc4-4cea-bde7-b21f47907251","method":"POST","result":200,"reason":"OK","latencyMs":30.24}
{"timestamp":1791632182330,"service":"control","requestId":"f335d4bb-7cd8-45c5-93a3-d3cfad44a3c1","method":"POST","result":200,"reason":"OK","latencyMs":53.32}
{"timestamp":1791632182478,"service":"control","requestId":"06b30155-292d-4a18-811e-14f6a5314e30","method":"GET","result":200,"reason":"OK","latencyMs":33.28}
{"timestamp":1791632182516,"service":"control","requestId":"579d9a5b-c768-46a3-bf5f-d8e7b5ed4e0d","method":"POST","result":200,"reason":"OK","latencyMs":34.93}
{"timestamp":1791632182574,"service":"control","requestId":"1314342a-2997-426a-bd59-5ab9acaf62db","method":"POST","result":200,"reason":"OK","latencyMs":65.86}
{"timestamp":1791632182614,"service":"control","requestId":"87f19e56-4bee-42e9-a843-fdbf3693d79f","method":"POST","result":200,"reason":"OK","latencyMs":34.28}
{"timestamp":1791632182646,"service":"control","requestId":"74b66518-5be7-4c15-be59-8a1ea95af793","method":"POST","result":200,"reason":"OK","latencyMs":37.71}
{"timestamp":1791632182682,"service":"control","requestId":"09dfa367-681d-49c8-9d6e-c177ead4b370","method":"POST","result":200,"reason":"OK","latencyMs":38.7}
{"timestamp":1791632182717,"service":"control","requestId":"c11bd497-9706-4a39-ab31-aafe22827a2c","method":"PUT","result":200,"reason":"OK","latencyMs":39.41}
{"timestamp":1791632182850,"service":"control","requestId":"1d96eeee-9adb-4693-a2f2-ba7d22138a04","method":"POST","result":200,"reason":"OK","latencyMs":40.94}
{"timestamp":1791632182883,"service":"control","requestId":"3b46ca3d-dbbb-481a-a201-401781af3cf7","method":"PUT","result":200,"reason":"OK","latencyMs":39.72}
{"timestamp":1791632183035,"service":"control","requestId":"b076516c-1c93-4434-bfea-60f5490bc5e4","method":"POST","result":200,"reason":"OK","latencyMs":32.21}
{"timestamp":1791632183078,"service":"control","requestId":"3f9d71d5-84b3-4aab-a8c4-a8651549e96d","method":"POST","result":200,"reason":"OK","latencyMs":37.77}
{"timestamp":1791632183123,"service":"control","requestId":"28d00069-6767-4d46-bd53-cd6437b8ee9f","method":"POST","result":200,"reason":"OK","latencyMs":35.01}
{"timestamp":1791632183172,"service":"control","requestId":"21f7771b-3421-49a4-9880-c76f7f3fda84","method":"POST","result":200,"reason":"OK","latencyMs":46.96}
{"timestamp":1791632183323,"service":"control","requestId":"e71aa7a7-f60f-4be3-b054-b48c9782da06","method":"GET","result":200,"reason":"OK","latencyMs":52.07}
{"timestamp":1791632183349,"service":"control","requestId":"75becd04-0acf-46a7-9a34-85d3492e1f22","method":"POST","result":200,"reason":"OK","latencyMs":72.85}
{"timestamp":1791632183379,"service":"control","requestId":"dccfc786-e71c-4f53-98e6-1fda47472bbf","method":"POST","result":200,"reason":"OK","latencyMs":61.51}
{"timestamp":1791632183407,"service":"control","requestId":"ae77178e-daf5-47c1-82cf-3993858656d6","method":"PUT","result":200,"reason":"OK","latencyMs":64.55}
{"timestamp":1791632183432,"service":"control","requestId":"434a6374-77e6-4a3e-b410-3dd1712b6e90","method":"POST","result":409,"reason":"POLICY_DENIED","latencyMs":63.82}
{"timestamp":1791632183566,"service":"control","requestId":"83beef38-9374-4031-b2b6-c881ebf9f03d","method":"POST","result":200,"reason":"OK","latencyMs":38.03}
{"timestamp":1791632183611,"service":"control","requestId":"1634009a-897d-4c62-b68f-a1c9745e1aed","method":"PUT","result":200,"reason":"OK","latencyMs":44.05}
{"timestamp":1791632183755,"service":"control","requestId":"c4c945e2-54a1-42fb-a511-c93be83ea5d1","method":"POST","result":200,"reason":"OK","latencyMs":39.93}
{"timestamp":1791632183793,"service":"control","requestId":"49e5b560-f985-48c2-a9d5-e40c787c58f2","method":"POST","result":200,"reason":"OK","latencyMs":34.71}
{"timestamp":1791632183832,"service":"control","requestId":"9037b139-8928-4e5c-9b35-fdaa49ac8007","method":"POST","result":200,"reason":"OK","latencyMs":29.59}
{"timestamp":1791632183880,"service":"control","requestId":"e86fa064-5568-4079-b843-e163d5313c89","method":"POST","result":200,"reason":"OK","latencyMs":45.2}
{"timestamp":1791632184040,"service":"control","requestId":"343213b6-e3e0-46eb-b947-9a7778136f33","method":"GET","result":200,"reason":"OK","latencyMs":35.7}
{"timestamp":1791632184102,"service":"control","requestId":"aadbece5-bed5-424d-a8fd-dbd242c65bf2","method":"POST","result":200,"reason":"OK","latencyMs":52.22}
{"timestamp":1791632184131,"service":"control","requestId":"26a157bf-9950-4c83-95f5-a74e38a82979","method":"POST","result":200,"reason":"OK","latencyMs":66.24}
{"timestamp":1791632184172,"service":"control","requestId":"fff28d29-5413-45ec-997d-02711ba382c7","method":"POST","result":200,"reason":"OK","latencyMs":78.7}
{"timestamp":1791632184202,"service":"control","requestId":"5e33c26c-a611-4f78-816d-c848432632f9","method":"PUT","result":200,"reason":"OK","latencyMs":68.38}
{"timestamp":1791632184219,"service":"control","requestId":"f3577707-b538-46f4-b691-d95354d22e29","method":"POST","result":200,"reason":"OK","latencyMs":43.99}
{"timestamp":1791632184260,"service":"control","requestId":"64d5282f-b831-4566-a785-05b1c4cbe8fa","method":"POST","result":200,"reason":"OK","latencyMs":45.25}
{"timestamp":1791632184409,"service":"control","requestId":"2958b45b-a5bc-47c3-b24b-2eb36d189163","method":"POST","result":200,"reason":"OK","latencyMs":41.41}
{"timestamp":1791632184458,"service":"control","requestId":"94f42a03-9c0d-4a51-a5b3-46d9d05c9300","method":"PUT","result":200,"reason":"OK","latencyMs":48.25}
{"timestamp":1791632184617,"service":"control","requestId":"75202da5-6e8a-4448-a13e-485b1f6fa1a3","method":"POST","result":200,"reason":"OK","latencyMs":39.24}
{"timestamp":1791632184661,"service":"control","requestId":"d188b4b3-16c6-4909-bb64-9a74d68b3620","method":"POST","result":200,"reason":"OK","latencyMs":39.03}
{"timestamp":1791632184708,"service":"control","requestId":"5df48649-1709-43c9-8da9-b6f8365a985b","method":"POST","result":200,"reason":"OK","latencyMs":38.7}
{"timestamp":1791632184762,"service":"control","requestId":"f9d5f172-31f5-4151-9c71-ee73bb7cf0c7","method":"POST","result":200,"reason":"OK","latencyMs":51.28}
{"timestamp":1791632184905,"service":"control","requestId":"77163e78-ce3e-4680-b200-34f0e97661aa","method":"GET","result":200,"reason":"OK","latencyMs":36.39}
{"timestamp":1791632184946,"service":"control","requestId":"e3214f2d-b978-4f38-bbf6-560ed137889f","method":"POST","result":200,"reason":"OK","latencyMs":38.19}
{"timestamp":1791632184995,"service":"control","requestId":"47348974-ec44-4eca-b005-ee06e5f08b79","method":"POST","result":200,"reason":"OK","latencyMs":53.24}
{"timestamp":1791632185027,"service":"control","requestId":"99bff5d5-f068-4211-97f1-f2f82af629df","method":"POST","result":200,"reason":"OK","latencyMs":63.92}
{"timestamp":1791632185057,"service":"control","requestId":"0279a862-dbcd-4c8d-a33f-1852f939b1fd","method":"POST","result":200,"reason":"OK","latencyMs":58.21}
{"timestamp":1791632185087,"service":"control","requestId":"a7640de8-4df6-4f03-9d63-04db105fb5f2","method":"PUT","result":200,"reason":"OK","latencyMs":58.54}
{"timestamp":1791632185112,"service":"control","requestId":"7d96af22-1d63-4ffc-bf32-b78af42f35d7","method":"POST","result":200,"reason":"OK","latencyMs":60.43}
{"timestamp":1791632185257,"service":"control","requestId":"a9b3ff42-388c-4c73-90fc-cddb1d474908","method":"POST","result":200,"reason":"OK","latencyMs":35.51}
{"timestamp":1791632185296,"service":"control","requestId":"710a74e7-878c-40bb-ad4c-33b024fedb4d","method":"PUT","result":200,"reason":"OK","latencyMs":38.21}
{"timestamp":1791632185456,"service":"control","requestId":"3b7aa018-f18b-4e84-8dd4-4d14aa2195df","method":"POST","result":200,"reason":"OK","latencyMs":38.08}
{"timestamp":1791632185502,"service":"control","requestId":"29278b7e-6474-481e-b4ab-81c7403fcedd","method":"POST","result":200,"reason":"OK","latencyMs":40.72}
{"timestamp":1791632185548,"service":"control","requestId":"b6fbd9ad-1130-401e-a125-c5a0b879718c","method":"POST","result":200,"reason":"OK","latencyMs":38.03}
{"timestamp":1791632185603,"service":"control","requestId":"822734a9-c763-4b02-8eb3-8c1e8cf63348","method":"POST","result":200,"reason":"OK","latencyMs":51.27}
{"timestamp":1791632185744,"service":"control","requestId":"3d2a4b0f-4c7a-487b-b522-bfee5bab4237","method":"GET","result":200,"reason":"OK","latencyMs":38.11}
{"timestamp":1791632185786,"service":"control","requestId":"36b1abdd-3ca3-4f5f-bd0b-343b9ba73f1c","method":"POST","result":200,"reason":"OK","latencyMs":39.09}
{"timestamp":1791632185842,"service":"control","requestId":"0e6e5cf8-8799-435d-9472-e0a6f9b4d867","method":"POST","result":200,"reason":"OK","latencyMs":63.35}
{"timestamp":1791632185894,"service":"control","requestId":"2cdf84da-f8eb-4771-ae4d-3640d1541ee1","method":"POST","result":200,"reason":"OK","latencyMs":48.03}
{"timestamp":1791632185989,"service":"control","requestId":"52c66ef7-6280-4673-a037-0a7598468d8c","method":"POST","result":200,"reason":"OK","latencyMs":125.6}
{"timestamp":1791632186021,"service":"control","requestId":"8bf05ec3-6993-4aec-ba56-6fdccf78a121","method":"POST","result":200,"reason":"OK","latencyMs":134.67}
{"timestamp":1791632186042,"service":"control","requestId":"b63a7a00-bf92-4318-b270-5992866bc851","method":"PUT","result":200,"reason":"OK","latencyMs":49.36}
{"timestamp":1791632186206,"service":"control","requestId":"0b91bd92-ab7f-4c32-89a7-70f12f50659e","method":"POST","result":200,"reason":"OK","latencyMs":38.27}
{"timestamp":1791632186243,"service":"control","requestId":"813d6896-1fc6-4701-8b60-5714ef695679","method":"PUT","result":200,"reason":"OK","latencyMs":36.33}
{"timestamp":1791632186385,"service":"control","requestId":"2d6742d3-7b1c-4fc8-9897-c9b8d3b151ee","method":"POST","result":200,"reason":"OK","latencyMs":36.71}
{"timestamp":1791632186427,"service":"control","requestId":"cb8dbc95-14e4-4545-a3c9-0b2f8f918563","method":"POST","result":200,"reason":"OK","latencyMs":38.56}
{"timestamp":1791632186471,"service":"control","requestId":"86d7f49c-d11a-48bb-ad7b-ff4720b0dad2","method":"POST","result":200,"reason":"OK","latencyMs":35.75}
{"timestamp":1791632186522,"service":"control","requestId":"1b3296fb-7ffd-49f9-b096-65023dbbe7f5","method":"POST","result":200,"reason":"OK","latencyMs":48.36}
{"timestamp":1791632186702,"service":"control","requestId":"c9fa41e0-b813-4ebe-a53f-c71d3cee63ea","method":"GET","result":200,"reason":"OK","latencyMs":45.74}
{"timestamp":1791632186742,"service":"control","requestId":"47462988-bea3-4f03-a0b1-6507cdedfe9e","method":"POST","result":200,"reason":"OK","latencyMs":44.96}
{"timestamp":1791632186788,"service":"control","requestId":"55e339b1-61c6-4369-b4b4-2c03740472ea","method":"POST","result":200,"reason":"OK","latencyMs":54.11}
{"timestamp":1791632186830,"service":"control","requestId":"56932033-add8-429b-a82f-27d527dd9047","method":"POST","result":200,"reason":"OK","latencyMs":40.87}
{"timestamp":1791632186880,"service":"control","requestId":"6d87357e-f835-4734-b787-0d1f28a33a7e","method":"POST","result":200,"reason":"OK","latencyMs":61.68}
{"timestamp":1791632186911,"service":"control","requestId":"7b12b929-4b2b-4c86-ab11-5fd95761b1cc","method":"POST","result":200,"reason":"OK","latencyMs":39.36}
{"timestamp":1791632186946,"service":"control","requestId":"f8ec7e1b-b120-466f-8dea-7452f05b6719","method":"PUT","result":200,"reason":"OK","latencyMs":42.85}
{"timestamp":1791632187097,"service":"control","requestId":"4b09cd6d-0515-4fe4-82bf-bfd6b4f498a9","method":"POST","result":200,"reason":"OK","latencyMs":36.75}
{"timestamp":1791632187147,"service":"control","requestId":"9cc50d1a-4bbd-441a-a96a-6ee199267167","method":"PUT","result":200,"reason":"OK","latencyMs":42.92}
{"timestamp":1791632187309,"service":"control","requestId":"12356eeb-e75c-4fbb-bbc6-278898a59d95","method":"POST","result":200,"reason":"OK","latencyMs":35.41}
{"timestamp":1791632187346,"service":"control","requestId":"8092ffc3-ef68-4e10-b4a4-83e98c0d4ae6","method":"POST","result":200,"reason":"OK","latencyMs":33.03}
{"timestamp":1791632187385,"service":"control","requestId":"c2b841b6-6a04-4a91-986c-6e9b95310bee","method":"POST","result":200,"reason":"OK","latencyMs":32.99}
{"timestamp":1791632187433,"service":"control","requestId":"b233f3be-441a-4a63-a556-3d6fd25ae5c7","method":"POST","result":200,"reason":"OK","latencyMs":45.53}
{"timestamp":1791632187587,"service":"control","requestId":"ff0d69bf-dcde-4ede-b6f8-687d734e4949","method":"POST","result":200,"reason":"OK","latencyMs":44.76}
{"timestamp":1791632187614,"service":"control","requestId":"7154e76b-a7d1-456d-a941-c7302424d70b","method":"GET","result":200,"reason":"OK","latencyMs":68.52}
{"timestamp":1791632187639,"service":"control","requestId":"794c6787-3a4e-4446-bfd3-91cee2a3a636","method":"PUT","result":200,"reason":"OK","latencyMs":54.44}
{"timestamp":1791632187661,"service":"control","requestId":"dd22cc38-2f40-4d89-8c3a-87386dcc17b9","method":"POST","result":200,"reason":"OK","latencyMs":44.72}
{"timestamp":1791632187696,"service":"control","requestId":"3d67e1ea-10ae-4442-8200-8989283d81cd","method":"POST","result":409,"reason":"POLICY_DENIED","latencyMs":40.42}
{"timestamp":1791632187842,"service":"control","requestId":"0ee71665-0624-4e41-8081-a5dbb3c3cd88","method":"POST","result":200,"reason":"OK","latencyMs":47.52}
{"timestamp":1791632187866,"service":"control","requestId":"b12300c6-046e-4c84-869a-34f202569eec","method":"PUT","result":200,"reason":"OK","latencyMs":39.38}
{"timestamp":1791632188000,"service":"control","requestId":"28c1f8de-3a29-4a8b-b068-3394a8a5f98a","method":"POST","result":200,"reason":"OK","latencyMs":31.48}
{"timestamp":1791632188037,"service":"control","requestId":"d36c543e-2de5-466e-a3b3-a6c759bf92c6","method":"POST","result":200,"reason":"OK","latencyMs":33.45}
{"timestamp":1791632188080,"service":"control","requestId":"587c06b5-fb0e-4fa8-838b-474822330f49","method":"POST","result":200,"reason":"OK","latencyMs":33.37}
{"timestamp":1791632188135,"service":"control","requestId":"69aec700-ba0e-4c88-bc1c-a76d78f2c655","method":"POST","result":200,"reason":"OK","latencyMs":53.86}
{"timestamp":1791632188262,"service":"control","requestId":"1108b28f-466f-48e9-88c1-eb4f7a0ee16e","method":"GET","result":200,"reason":"OK","latencyMs":37.4}
{"timestamp":1791632188308,"service":"control","requestId":"4059935c-84b6-4958-b527-020aef9ce5e0","method":"POST","result":200,"reason":"OK","latencyMs":40.83}
{"timestamp":1791632188357,"service":"control","requestId":"fb912bee-9c02-4747-bef3-f2cb9dfeb922","method":"POST","result":200,"reason":"OK","latencyMs":56.48}
{"timestamp":1791632188388,"service":"control","requestId":"0213ccd8-8e27-44ef-92a8-1e5c9d35b104","method":"POST","result":200,"reason":"OK","latencyMs":68.52}
{"timestamp":1791632188417,"service":"control","requestId":"5b1245e6-60e6-4393-bb82-d04af8f31e69","method":"POST","result":200,"reason":"OK","latencyMs":55.64}
{"timestamp":1791632188447,"service":"control","requestId":"d3f70b41-39ab-412d-8b77-a1b5900b31cb","method":"PUT","result":200,"reason":"OK","latencyMs":58.2}
{"timestamp":1791632188470,"service":"control","requestId":"61e30d17-3724-4632-b8a9-b602f8e4308e","method":"POST","result":200,"reason":"OK","latencyMs":65.11}
{"timestamp":1791632188612,"service":"control","requestId":"51e9aa17-9838-473c-9ba3-7e722af77bc1","method":"POST","result":200,"reason":"OK","latencyMs":32.81}
{"timestamp":1791632188645,"service":"control","requestId":"c857ee80-a706-4c36-b8c6-8b9ff6a0efba","method":"PUT","result":200,"reason":"OK","latencyMs":35.47}
{"timestamp":1791632188812,"service":"control","requestId":"c0338b3e-a34a-4cb9-a110-5cc4e84c7c38","method":"POST","result":200,"reason":"OK","latencyMs":42.1}
{"timestamp":1791632188843,"service":"control","requestId":"3bc8a7c0-e58c-446e-b8ad-23b037a36ba4","method":"POST","result":200,"reason":"OK","latencyMs":34.7}
{"timestamp":1791632188887,"service":"control","requestId":"c0c21a1b-d13c-44a8-9db6-aceea4cc1d69","method":"POST","result":200,"reason":"OK","latencyMs":38.39}
{"timestamp":1791632188926,"service":"control","requestId":"c803dd2f-f77c-429a-b0a3-06bcb7329d48","method":"POST","result":200,"reason":"OK","latencyMs":44.38}
{"timestamp":1791632189066,"service":"control","requestId":"76b7055f-bad6-4947-85e4-a9aca81016d4","method":"GET","result":200,"reason":"OK","latencyMs":37.95}
{"timestamp":1791632189120,"service":"control","requestId":"650ebabd-2d92-4496-8ce8-de6a2360beec","method":"POST","result":200,"reason":"OK","latencyMs":48.26}
{"timestamp":1791632189177,"service":"control","requestId":"f8778081-a9f2-4ba0-b39d-d676ef182f71","method":"POST","result":200,"reason":"OK","latencyMs":65.89}
{"timestamp":1791632189202,"service":"control","requestId":"40bddfb0-437c-4517-b958-e7c68ac2a41b","method":"POST","result":200,"reason":"OK","latencyMs":56.84}
{"timestamp":1791632189232,"service":"control","requestId":"994d4b00-a8db-464b-a7d3-23a045315a07","method":"POST","result":200,"reason":"OK","latencyMs":52.84}
{"timestamp":1791632189264,"service":"control","requestId":"b4654021-4d8d-413a-a55f-d5a8582c619a","method":"PUT","result":200,"reason":"OK","latencyMs":59.22}
{"timestamp":1791632189296,"service":"control","requestId":"20b0d7de-448f-490b-9455-90ff42c440fe","method":"POST","result":200,"reason":"OK","latencyMs":72.83}
{"timestamp":1791632189438,"service":"control","requestId":"aa07db2c-d0e3-4846-86ef-5e0fa791d26d","method":"POST","result":200,"reason":"OK","latencyMs":41.77}
{"timestamp":1791632189476,"service":"control","requestId":"de2198ff-76c6-40c1-99f1-866cd050e5fd","method":"PUT","result":200,"reason":"OK","latencyMs":42.16}
{"timestamp":1791632189627,"service":"control","requestId":"8b667e8c-58ee-4063-aab6-f66e826b8ba2","method":"POST","result":200,"reason":"OK","latencyMs":40.73}
{"timestamp":1791632189663,"service":"control","requestId":"22c649ed-6c34-4f8a-98a4-86ad411c1b03","method":"POST","result":200,"reason":"OK","latencyMs":34.62}
{"timestamp":1791632189707,"service":"control","requestId":"3e21817d-ed49-42a3-91d4-48957622d0c2","method":"POST","result":200,"reason":"OK","latencyMs":37.94}
{"timestamp":1791632189754,"service":"control","requestId":"1d96489d-ca50-4b29-9aab-fc167778db61","method":"POST","result":200,"reason":"OK","latencyMs":50.31}
{"timestamp":1791632189932,"service":"control","requestId":"1a04b743-11de-4fb9-8a65-43e26fd53e00","method":"GET","result":200,"reason":"OK","latencyMs":42.75}
{"timestamp":1791632189966,"service":"control","requestId":"65c68741-23de-4fd7-9047-74c782336bab","method":"POST","result":200,"reason":"OK","latencyMs":38.75}
{"timestamp":1791632190025,"service":"control","requestId":"3a61bf3e-b965-4a1d-95a0-f9a274e79ef6","method":"POST","result":200,"reason":"OK","latencyMs":64.14}
{"timestamp":1791632190065,"service":"control","requestId":"d1c4e170-b9c7-4aac-add7-6b2208dd0f31","method":"POST","result":200,"reason":"OK","latencyMs":39.16}
{"timestamp":1791632190100,"service":"control","requestId":"f6d5c8dc-1acc-4142-8848-00eb03329d82","method":"POST","result":200,"reason":"OK","latencyMs":41}
{"timestamp":1791632190130,"service":"control","requestId":"a6f93ca5-e721-471f-bb3c-7f1b99975202","method":"POST","result":200,"reason":"OK","latencyMs":66.06}
{"timestamp":1791632190158,"service":"control","requestId":"b0c00da4-b1ea-420b-9236-fd1519f10eb1","method":"PUT","result":200,"reason":"OK","latencyMs":54.57}
{"timestamp":1791632190299,"service":"control","requestId":"a2c27ecc-a146-4343-a6a9-cb975f1ccccd","method":"POST","result":200,"reason":"OK","latencyMs":49.39}
{"timestamp":1791632190338,"service":"control","requestId":"741e025b-d6cd-4929-9904-f1d7e792fbb3","method":"PUT","result":200,"reason":"OK","latencyMs":46.84}
{"timestamp":1791632190471,"service":"control","requestId":"db4ebd96-81a2-4071-ba98-59f1ad7e6207","method":"POST","result":200,"reason":"OK","latencyMs":37.02}
{"timestamp":1791632190512,"service":"control","requestId":"b552860f-462d-4612-bc7f-aa44fee01b37","method":"POST","result":200,"reason":"OK","latencyMs":37.74}
{"timestamp":1791632190550,"service":"control","requestId":"b45f603b-2413-45ee-a2c2-26a17b48b3f1","method":"POST","result":200,"reason":"OK","latencyMs":33.95}
{"timestamp":1791632190602,"service":"control","requestId":"40f157f3-8a50-46ec-9e77-83d2c80d673d","method":"POST","result":200,"reason":"OK","latencyMs":51.47}
{"timestamp":1791632190756,"service":"control","requestId":"c6c59b60-d934-4931-b1e0-7589dd96b816","method":"GET","result":200,"reason":"OK","latencyMs":46.48}
{"timestamp":1791632190792,"service":"control","requestId":"9b2b19da-2ad2-43e2-9da4-c99220253544","method":"POST","result":200,"reason":"OK","latencyMs":39.66}
{"timestamp":1791632190841,"service":"control","requestId":"f862c74c-1927-439a-86c5-ae584b6bbb40","method":"POST","result":200,"reason":"OK","latencyMs":53.73}
{"timestamp":1791632190920,"service":"control","requestId":"b107dd0c-0836-482e-9aa4-018b0ff84518","method":"POST","result":200,"reason":"OK","latencyMs":68.14}
{"timestamp":1791632190969,"service":"control","requestId":"0dd5829d-bcb8-4024-97fb-e13523d5de0c","method":"POST","result":200,"reason":"OK","latencyMs":52.77}
{"timestamp":1791632190993,"service":"control","requestId":"747a36bb-1eb6-4408-95c5-6dca90a518ae","method":"POST","result":200,"reason":"OK","latencyMs":69.59}
{"timestamp":1791632191037,"service":"control","requestId":"54fc3f41-f3c3-4af7-a61c-26e243742c0f","method":"PUT","result":200,"reason":"OK","latencyMs":49.67}
{"timestamp":1791632191170,"service":"control","requestId":"be470e7f-3560-4dc4-ad1c-05b1c294ddba","method":"POST","result":200,"reason":"OK","latencyMs":36.55}
{"timestamp":1791632191209,"service":"control","requestId":"45145883-ec56-4990-8c29-705a272de1ce","method":"PUT","result":200,"reason":"OK","latencyMs":42}
{"timestamp":1791632191352,"service":"control","requestId":"96e01d30-3411-4889-b04e-a5375bf00aca","method":"POST","result":200,"reason":"OK","latencyMs":40.79}
{"timestamp":1791632191388,"service":"control","requestId":"dabf5e1d-7ee6-4354-92f5-d0a4073d923e","method":"POST","result":200,"reason":"OK","latencyMs":33.34}
{"timestamp":1791632191432,"service":"control","requestId":"2e0c6ee1-5f95-4121-92aa-fbbbfc8c3d94","method":"POST","result":200,"reason":"OK","latencyMs":38.04}
{"timestamp":1791632191480,"service":"control","requestId":"aef4d748-16fc-4a40-b310-972796cb19b6","method":"POST","result":200,"reason":"OK","latencyMs":50.87}
{"timestamp":1791632191615,"service":"control","requestId":"c734a1b9-0db3-46c9-b576-0c8280408103","method":"GET","result":200,"reason":"OK","latencyMs":40.36}
{"timestamp":1791632191646,"service":"control","requestId":"7d528648-553d-44f1-b6c2-f8e3bbe2a9e3","method":"POST","result":200,"reason":"OK","latencyMs":67.86}
{"timestamp":1791632191671,"service":"control","requestId":"f5f28229-6445-47ae-9c78-697787f87769","method":"POST","result":200,"reason":"OK","latencyMs":53.2}
{"timestamp":1791632191704,"service":"control","requestId":"8e3973df-d74d-48a6-82ab-8fed6fcb31c8","method":"PUT","result":200,"reason":"OK","latencyMs":60.78}
{"timestamp":1791632191733,"service":"control","requestId":"b167722b-026b-4896-aab5-88530cc0ed4c","method":"POST","result":409,"reason":"POLICY_DENIED","latencyMs":63.08}
{"timestamp":1791632191877,"service":"control","requestId":"bb41410d-e10c-485d-8eff-d418b7baee1f","method":"POST","result":200,"reason":"OK","latencyMs":41.86}
{"timestamp":1791632191913,"service":"control","requestId":"a21ab6a4-b8cd-48e5-a62d-8a6cd9accdf5","method":"PUT","result":200,"reason":"OK","latencyMs":41.24}
{"timestamp":1791632192060,"service":"control","requestId":"96420e63-26e7-4b4c-871b-60e74d39fbb4","method":"POST","result":200,"reason":"OK","latencyMs":40.16}
{"timestamp":1791632192102,"service":"control","requestId":"3a22d7f9-f8d1-454b-ab2c-0520429aa666","method":"POST","result":200,"reason":"OK","latencyMs":39.7}
{"timestamp":1791632192142,"service":"control","requestId":"06472a80-f4ad-4555-8185-0cf731ffe50e","method":"POST","result":200,"reason":"OK","latencyMs":35.65}
{"timestamp":1791632192184,"service":"control","requestId":"e22f8317-0b92-4fb2-bd5e-6630c483201d","method":"POST","result":200,"reason":"OK","latencyMs":45.61}
{"timestamp":1791632192333,"service":"control","requestId":"8baa41cc-bc4c-43dc-b712-7f09bc3a4ac4","method":"GET","result":200,"reason":"OK","latencyMs":39.71}
{"timestamp":1791632192374,"service":"control","requestId":"c7aa0ebf-b348-4912-a9d8-847adbc7afa3","method":"POST","result":200,"reason":"OK","latencyMs":44.56}
{"timestamp":1791632192418,"service":"control","requestId":"eaa837e5-9aa5-4049-bb07-197e58007bcf","method":"POST","result":200,"reason":"OK","latencyMs":54.38}
{"timestamp":1791632192442,"service":"control","requestId":"98c31de7-e793-4051-a284-0c3f21b269bf","method":"POST","result":200,"reason":"OK","latencyMs":58.95}
{"timestamp":1791632192465,"service":"control","requestId":"1af4eb70-d28d-4b8a-960b-fc47b2ed719d","method":"POST","result":200,"reason":"OK","latencyMs":45.6}
{"timestamp":1791632192497,"service":"control","requestId":"828a4264-b56c-474d-a8bd-4050ab83e8ef","method":"PUT","result":200,"reason":"OK","latencyMs":59.48}
{"timestamp":1791632192522,"service":"control","requestId":"23b494d1-486f-4675-9e19-62d24e207191","method":"POST","result":200,"reason":"OK","latencyMs":64.24}
{"timestamp":1791632192659,"service":"control","requestId":"534292df-956f-4b77-8a1c-0c940d891019","method":"POST","result":200,"reason":"OK","latencyMs":39.25}
{"timestamp":1791632192693,"service":"control","requestId":"c8f5e912-990e-492e-a93a-ef5c4e9ace32","method":"PUT","result":200,"reason":"OK","latencyMs":37.65}
{"timestamp":1791632192840,"service":"control","requestId":"dec84b39-0ae3-47a3-a0e1-4871b4c07dce","method":"POST","result":200,"reason":"OK","latencyMs":40.33}
{"timestamp":1791632192882,"service":"control","requestId":"c6b41550-8a6e-44e7-bbca-662447021db0","method":"POST","result":200,"reason":"OK","latencyMs":35.47}
{"timestamp":1791632192927,"service":"control","requestId":"64c2eaaf-4b06-4416-9273-53e4eb7db99b","method":"POST","result":200,"reason":"OK","latencyMs":34.36}
{"timestamp":1791632192985,"service":"control","requestId":"e8c68d0e-b2f3-4803-b4b5-d85854d77b4c","method":"POST","result":200,"reason":"OK","latencyMs":56.4}
{"timestamp":1791632193128,"service":"control","requestId":"4f6b702d-1514-4933-ad77-7dfc04ad1789","method":"GET","result":200,"reason":"OK","latencyMs":39.13}
{"timestamp":1791632193178,"service":"control","requestId":"c5d289da-4448-4766-ac13-db6a3f1a495b","method":"POST","result":200,"reason":"OK","latencyMs":46.74}
{"timestamp":1791632193229,"service":"control","requestId":"73b8b0ab-b674-4e8b-b2b4-6af1fd026470","method":"POST","result":200,"reason":"OK","latencyMs":58.29}
{"timestamp":1791632193262,"service":"control","requestId":"924a39c2-388b-42be-a392-725685b17869","method":"POST","result":200,"reason":"OK","latencyMs":61.12}
{"timestamp":1791632193298,"service":"control","requestId":"57d66e6b-d2a9-4f5b-9240-e3308eb5f5ae","method":"POST","result":200,"reason":"OK","latencyMs":65.92}
{"timestamp":1791632193330,"service":"control","requestId":"c6e550ff-269d-4549-b5d4-6fb8477621d5","method":"PUT","result":200,"reason":"OK","latencyMs":66.67}
{"timestamp":1791632193361,"service":"control","requestId":"a8e1007e-196a-45b7-bdfa-3b2347408ded","method":"POST","result":200,"reason":"OK","latencyMs":72.16}
{"timestamp":1791632193503,"service":"control","requestId":"b9ec86e9-c450-45f2-8332-8d7d89c4c7bb","method":"POST","result":200,"reason":"OK","latencyMs":42.32}
{"timestamp":1791632193536,"service":"control","requestId":"ea213543-f252-443f-a1e0-3b858a06392d","method":"PUT","result":200,"reason":"OK","latencyMs":41.77}
{"timestamp":1791632193694,"service":"control","requestId":"b642e475-16af-4c13-8d5b-d079163c271e","method":"POST","result":200,"reason":"OK","latencyMs":36.56}
{"timestamp":1791632193737,"service":"control","requestId":"8f49eb88-245c-48b7-9578-1196f93bf4e2","method":"POST","result":200,"reason":"OK","latencyMs":38.38}
{"timestamp":1791632193783,"service":"control","requestId":"df8778ac-008a-46ac-ba24-855b542b400c","method":"POST","result":200,"reason":"OK","latencyMs":40.04}
{"timestamp":1791632193823,"service":"control","requestId":"838f8ca9-4189-4d25-8555-f34a4d0cd47b","method":"POST","result":200,"reason":"OK","latencyMs":46.35}
{"timestamp":1791632193966,"service":"control","requestId":"3914fa08-4fbd-4d11-b0f1-404e69917126","method":"GET","result":200,"reason":"OK","latencyMs":39}
{"timestamp":1791632194009,"service":"control","requestId":"90a97a1b-3c7f-4a71-9483-47aa46168439","method":"POST","result":200,"reason":"OK","latencyMs":42.26}
{"timestamp":1791632194060,"service":"control","requestId":"dd2dc575-c842-4b40-aa7e-ab8f801f0d28","method":"POST","result":200,"reason":"OK","latencyMs":59.23}
{"timestamp":1791632194099,"service":"control","requestId":"09c44e5f-db81-4940-9092-426a1b08a875","method":"POST","result":200,"reason":"OK","latencyMs":38.24}
{"timestamp":1791632194138,"service":"control","requestId":"88688b92-e910-4b2e-a88c-55a6ff6e0c50","method":"POST","result":200,"reason":"OK","latencyMs":44.87}
{"timestamp":1791632194159,"service":"control","requestId":"de997141-2dd8-418f-8108-544bd09fa2eb","method":"POST","result":200,"reason":"OK","latencyMs":61.55}
{"timestamp":1791632194209,"service":"control","requestId":"d681a9f8-0916-4757-a9ee-db3f4ab59a45","method":"PUT","result":200,"reason":"OK","latencyMs":55.11}
{"timestamp":1791632194335,"service":"control","requestId":"46043a36-328f-44e0-9574-2db8ba9cf3f1","method":"POST","result":200,"reason":"OK","latencyMs":42.78}
{"timestamp":1791632194370,"service":"control","requestId":"34a6be5a-352e-4ef4-b916-ae5100be9683","method":"PUT","result":200,"reason":"OK","latencyMs":41.89}
{"timestamp":1791632194507,"service":"control","requestId":"59fc8809-f784-4f14-a4f2-68f28497198a","method":"POST","result":200,"reason":"OK","latencyMs":37.56}
{"timestamp":1791632194553,"service":"control","requestId":"73e9668e-ece3-4154-821c-9e67e0fc04f4","method":"POST","result":200,"reason":"OK","latencyMs":44.76}
{"timestamp":1791632194596,"service":"control","requestId":"d33ec95c-6cc4-4ded-bfc8-9e0fe59b7962","method":"POST","result":200,"reason":"OK","latencyMs":47.37}
{"timestamp":1791632194654,"service":"control","requestId":"3b24f814-2d94-425c-9e1e-a8e631d6083b","method":"POST","result":200,"reason":"OK","latencyMs":63.63}
{"timestamp":1791632194802,"service":"control","requestId":"e6150e04-6688-4383-b650-faa3a4c5b2a5","method":"GET","result":200,"reason":"OK","latencyMs":47.35}
{"timestamp":1791632194851,"service":"control","requestId":"f41fa380-8ee7-437c-a9b8-735db0f69805","method":"POST","result":200,"reason":"OK","latencyMs":57.11}
{"timestamp":1791632194884,"service":"control","requestId":"869c5388-7e27-4109-af1e-dc48cf15b3c2","method":"POST","result":200,"reason":"OK","latencyMs":49.75}
{"timestamp":1791632194935,"service":"control","requestId":"7e303524-9d5e-46ca-8930-add3e43e06be","method":"POST","result":200,"reason":"OK","latencyMs":40.04}
{"timestamp":1791632194977,"service":"control","requestId":"dee93242-376c-4b2a-bf44-e30c0436a7ac","method":"POST","result":200,"reason":"OK","latencyMs":53.31}
{"timestamp":1791632194998,"service":"control","requestId":"83381778-8711-4aec-978e-3f27c16120ad","method":"POST","result":200,"reason":"OK","latencyMs":38.47}
{"timestamp":1791632195039,"service":"control","requestId":"9561e44b-c08b-49b6-9974-50d76c0f38ab","method":"PUT","result":200,"reason":"OK","latencyMs":45.3}
{"timestamp":1791632195188,"service":"control","requestId":"e1878c4d-ce4f-4255-87d4-70661ade09b8","method":"POST","result":200,"reason":"OK","latencyMs":57.07}
{"timestamp":1791632195218,"service":"control","requestId":"fe3fa4d7-b63c-44c1-9a3a-4a1bfac31c59","method":"PUT","result":200,"reason":"OK","latencyMs":48.99}
{"timestamp":1791632195357,"service":"control","requestId":"4363d049-4bae-4e1f-989f-ceab267cbcf6","method":"GET","result":200,"reason":"OK","latencyMs":45.85}
{"timestamp":1791632195519,"service":"control","requestId":"f649990c-dfc1-4a51-890b-a9c5ded19511","method":"GET","result":200,"reason":"OK","latencyMs":45.87}
{"timestamp":1791632195682,"service":"control","requestId":"c6d01748-a5da-4729-8128-23dcc21511be","method":"POST","result":200,"reason":"OK","latencyMs":47.98}
{"timestamp":1791632195736,"service":"control","requestId":"10d29bfe-e772-4cd5-b2b9-e345c8e9f9f0","method":"POST","result":200,"reason":"OK","latencyMs":50.49}
{"timestamp":1791632195784,"service":"control","requestId":"a94777b9-545c-470a-ab6a-a584dbd624f7","method":"POST","result":200,"reason":"OK","latencyMs":46.38}
{"timestamp":1791632195833,"service":"control","requestId":"5cb5fcca-0376-4284-8012-5e5a3c049c35","method":"POST","result":200,"reason":"OK","latencyMs":52.68}
{"timestamp":1791632195991,"service":"control","requestId":"300b9b35-f050-4941-8efe-091df9b66778","method":"POST","result":200,"reason":"OK","latencyMs":37.02}
{"timestamp":1791632196032,"service":"control","requestId":"5c474b9d-acce-495c-87da-370f8de24b31","method":"PUT","result":200,"reason":"OK","latencyMs":47.83}
{"timestamp":1791632196164,"service":"control","requestId":"87f153da-e306-42a3-9a43-b27178d24267","method":"POST","result":200,"reason":"OK","latencyMs":43.65}
{"timestamp":1791632196205,"service":"control","requestId":"a573b5a8-3b4c-4201-a75b-16886c4b63ae","method":"POST","result":409,"reason":"EPOCH_MISMATCH","latencyMs":48.91}
{"timestamp":1791632196368,"service":"control","requestId":"2a6cb4b4-9290-4382-86bd-4d6230d15630","method":"GET","result":200,"reason":"OK","latencyMs":42.01}
{"timestamp":1791632196414,"service":"control","requestId":"da109d4a-2167-49ea-9b29-4cf40533e4c7","method":"POST","result":200,"reason":"OK","latencyMs":49.48}
{"timestamp":1791632196446,"service":"control","requestId":"db5acd58-300b-4f73-9a03-7671cc0255ec","method":"POST","result":200,"reason":"OK","latencyMs":51.52}
{"timestamp":1791632196484,"service":"control","requestId":"fdfbbbd3-fba0-4de2-8b87-0a3fbae37c42","method":"POST","result":200,"reason":"OK","latencyMs":37.14}
{"timestamp":1791632196522,"service":"control","requestId":"c43d66ba-ad6e-41f8-a709-98fd1c5b10a4","method":"POST","result":200,"reason":"OK","latencyMs":44.7}
{"timestamp":1791632196718,"service":"control","requestId":"a5525a90-d29d-4386-8150-cfc301f45505","method":"POST","result":200,"reason":"OK","latencyMs":95.95}
{"timestamp":1791632196767,"service":"control","requestId":"0e8e00a9-c383-4c02-bf97-8810e01ee717","method":"POST","result":200,"reason":"OK","latencyMs":45.76}
{"timestamp":1791632197044,"service":"control","requestId":"292cc27a-2602-482b-80db-32b544d1368e","method":"POST","result":200,"reason":"OK","latencyMs":44.18}
{"timestamp":1791632197105,"service":"control","requestId":"56fbe9f8-dd18-419b-b12a-a60478ff4e26","method":"POST","result":200,"reason":"OK","latencyMs":64.2}
{"timestamp":1791632197246,"service":"control","requestId":"0a107dcc-cb64-4f5f-80cb-ee77b8d4ae29","method":"POST","result":200,"reason":"OK","latencyMs":40.84}
{"timestamp":1791632197312,"service":"control","requestId":"8974ff69-bc50-4aab-8166-4f358e01a117","method":"POST","result":200,"reason":"OK","latencyMs":57.73}
{"timestamp":1791632197452,"service":"control","requestId":"7d70b2a6-1896-42b0-95f0-9e2046c16fac","method":"GET","result":200,"reason":"OK","latencyMs":46.04}
{"timestamp":1791632197627,"service":"control","requestId":"c4adf46b-18d7-4c0e-94a7-7cf9cd8a3241","method":"GET","result":200,"reason":"OK","latencyMs":44.36}
{"timestamp":1791632197794,"service":"control","requestId":"958a79e8-e995-4fb8-ac48-e56b96a596b3","method":"GET","result":200,"reason":"OK","latencyMs":41.9}
{"timestamp":1791632197941,"service":"control","requestId":"dde961ad-77da-4759-ba51-e9fb1012fd98","method":"GET","result":200,"reason":"OK","latencyMs":41.67}
{"timestamp":1791632198110,"service":"control","requestId":"0150f3b4-aca6-4011-a668-2ce97fa0142f","method":"POST","result":200,"reason":"OK","latencyMs":44.48}
{"timestamp":1791632198147,"service":"control","requestId":"ff3b0b05-a8e2-474f-86dc-16e1b2db69f7","method":"POST","result":200,"reason":"OK","latencyMs":40.23}
{"timestamp":1791632198207,"service":"control","requestId":"edbf3d99-5dec-4cf1-912e-7a6574215c22","method":"POST","result":200,"reason":"OK","latencyMs":40.42}
{"timestamp":1791632198259,"service":"control","requestId":"7048dbb7-1609-4aee-9ee0-9170d7d4fb24","method":"POST","result":200,"reason":"OK","latencyMs":59.22}
{"timestamp":1791632198412,"service":"control","requestId":"36498249-1c29-4a36-aa64-583d0c5a41ca","method":"GET","result":200,"reason":"OK","latencyMs":46.25}
{"timestamp":1791632198447,"service":"control","requestId":"4ea9e348-48cc-41a0-bb8a-896a12f5b546","method":"POST","result":200,"reason":"OK","latencyMs":41.1}
{"timestamp":1791632198495,"service":"control","requestId":"17a4afc7-31fe-408a-9e71-ae720fa754c0","method":"POST","result":200,"reason":"OK","latencyMs":56.87}
{"timestamp":1791632198578,"service":"control","requestId":"d218cf1c-2bdc-400d-8fdc-027ad4cca7a0","method":"POST","result":200,"reason":"OK","latencyMs":43.69}
{"timestamp":1791632198609,"service":"control","requestId":"707c502c-836d-4bd9-856f-e0e474107df3","method":"POST","result":200,"reason":"OK","latencyMs":43.86}
{"timestamp":1791632198795,"service":"control","requestId":"d0f0213a-ed56-4c8a-9435-7227e8df3c5e","method":"POST","result":200,"reason":"OK","latencyMs":48.09}
{"timestamp":1791632198840,"service":"control","requestId":"456f6bbf-3f3f-4cc8-bb4b-0b35b0006905","method":"POST","result":200,"reason":"OK","latencyMs":47.89}
{"timestamp":1791632198896,"service":"control","requestId":"ab978eab-e1f1-44d2-bd46-f9b254798769","method":"POST","result":200,"reason":"OK","latencyMs":41.66}
{"timestamp":1791632198942,"service":"control","requestId":"1187a05f-26fd-49a5-abb3-f2d640bcf261","method":"POST","result":200,"reason":"OK","latencyMs":52.94}
{"timestamp":1791632199095,"service":"control","requestId":"11a83dff-cfb6-4d89-8c52-d743d7b7d9b7","method":"GET","result":200,"reason":"OK","latencyMs":44.72}
{"timestamp":1791632199123,"service":"control","requestId":"9ce15db8-be31-48f4-829d-32d959ba26d0","method":"POST","result":200,"reason":"OK","latencyMs":35.97}
{"timestamp":1791632199168,"service":"control","requestId":"e4d24a2f-5409-491f-b3aa-6cf4dfd556f4","method":"POST","result":200,"reason":"OK","latencyMs":51.81}
{"timestamp":1791632199242,"service":"control","requestId":"1a813f8e-b9de-4bb4-98d7-fda48601e620","method":"POST","result":200,"reason":"OK","latencyMs":36.59}
{"timestamp":1791632199291,"service":"control","requestId":"81ce4ac5-1415-498e-b1b4-02abce150c93","method":"POST","result":200,"reason":"OK","latencyMs":55.31}
{"timestamp":1791632199447,"service":"control","requestId":"8b4b6bdf-ef94-4105-9faa-ceebeccf1f57","method":"POST","result":200,"reason":"OK","latencyMs":42.13}
{"timestamp":1791632199491,"service":"control","requestId":"e0b83c93-22b1-4e67-98b6-0c3c3a89526f","method":"POST","result":200,"reason":"OK","latencyMs":42.71}
{"timestamp":1791632199546,"service":"control","requestId":"6a0f0112-19ad-43e1-b03b-f50e7789fece","method":"POST","result":200,"reason":"OK","latencyMs":40.03}
{"timestamp":1791632199602,"service":"control","requestId":"febf352c-f0c7-4eb5-8c43-c227c18e5511","method":"POST","result":200,"reason":"OK","latencyMs":61.34}
{"timestamp":1791632199757,"service":"control","requestId":"1004d2f0-2032-483b-a3c4-3395f60e763c","method":"GET","result":200,"reason":"OK","latencyMs":47.59}
{"timestamp":1791632199803,"service":"control","requestId":"10e03c4c-2d6b-4669-8d7c-42551a29c57c","method":"POST","result":200,"reason":"OK","latencyMs":49.26}
{"timestamp":1791632199855,"service":"control","requestId":"7bd1957a-8600-4d77-89cc-ce79063a7ba0","method":"POST","result":200,"reason":"OK","latencyMs":61.49}
{"timestamp":1791632199935,"service":"control","requestId":"d8b8c020-a2da-47be-a405-aae4957f9418","method":"POST","result":200,"reason":"OK","latencyMs":40.64}
{"timestamp":1791632199972,"service":"control","requestId":"be915ace-c45e-448a-8503-f8ac2a989b7c","method":"POST","result":200,"reason":"OK","latencyMs":48.44}
{"timestamp":1791632200134,"service":"control","requestId":"6060d5e3-6ecb-48b5-b45a-c9802bf2637b","method":"POST","result":200,"reason":"OK","latencyMs":41.49}
{"timestamp":1791632200174,"service":"control","requestId":"d4c4f958-7adb-4230-a0a6-86b886ba9390","method":"POST","result":200,"reason":"OK","latencyMs":42.89}
{"timestamp":1791632200245,"service":"control","requestId":"42729858-6882-442b-a70d-9db24d76bd5e","method":"POST","result":200,"reason":"OK","latencyMs":52.51}
{"timestamp":1791632200291,"service":"control","requestId":"4d4fb5bd-2edc-4fc9-8dba-47ebbc47f14c","method":"POST","result":200,"reason":"OK","latencyMs":61.02}
{"timestamp":1791632200465,"service":"control","requestId":"2bddf54f-f2a4-4de0-854b-b3904b0e2438","method":"GET","result":200,"reason":"OK","latencyMs":59.71}
{"timestamp":1791632200510,"service":"control","requestId":"540baff5-e7cd-4afa-8626-b63a33e7046b","method":"POST","result":200,"reason":"OK","latencyMs":42.11}
{"timestamp":1791632200561,"service":"control","requestId":"4d5294a5-23d6-416b-8e32-86269be1f713","method":"POST","result":200,"reason":"OK","latencyMs":58.18}
{"timestamp":1791632200679,"service":"control","requestId":"6a03f14c-75b9-45ff-aed3-4385361ce977","method":"POST","result":200,"reason":"OK","latencyMs":49.32}
{"timestamp":1791632200716,"service":"control","requestId":"3934aa87-6224-4c0a-8970-258e48e0f13c","method":"POST","result":200,"reason":"OK","latencyMs":51.73}
{"timestamp":1791632200896,"service":"control","requestId":"069c6cf2-2fb8-4941-9a4c-a80b981abb8a","method":"POST","result":200,"reason":"OK","latencyMs":51.71}
{"timestamp":1791632200934,"service":"control","requestId":"851d8a6c-0b5d-4652-b70e-207cb506d6f7","method":"POST","result":200,"reason":"OK","latencyMs":43.92}
{"timestamp":1791632201027,"service":"control","requestId":"4f7daf72-eb28-455e-b36d-7278a8b9551a","method":"POST","result":200,"reason":"OK","latencyMs":55.83}
{"timestamp":1791632201065,"service":"control","requestId":"3b49c04a-8d4c-4ead-b565-74f22dd5662a","method":"POST","result":200,"reason":"OK","latencyMs":53}
{"timestamp":1791632201225,"service":"control","requestId":"f1c1aa8c-e28e-4de9-8566-b0da6c813576","method":"GET","result":200,"reason":"OK","latencyMs":48.68}
{"timestamp":1791632201268,"service":"control","requestId":"e95abdd2-4278-49dd-b4a7-0968a7f8744d","method":"POST","result":200,"reason":"OK","latencyMs":46.22}
{"timestamp":1791632201315,"service":"control","requestId":"eae8445b-3cb0-4da4-806b-c4402e447e1a","method":"POST","result":200,"reason":"OK","latencyMs":56.22}
{"timestamp":1791632201412,"service":"control","requestId":"aa52b824-5db2-443c-aa69-4214b6ed1abd","method":"POST","result":200,"reason":"OK","latencyMs":47.21}
{"timestamp":1791632201440,"service":"control","requestId":"14f49bd0-1846-4908-aca5-42cc4773a49b","method":"POST","result":200,"reason":"OK","latencyMs":43.91}
{"timestamp":1791632201902,"service":"control","requestId":"bf74179f-12c1-4271-89ab-c53c6ad86ba2","method":"GET","result":200,"reason":"OK","latencyMs":46.07}
{"timestamp":1791632202474,"service":"control","requestId":"2ed67376-90ad-48cc-8313-8ca6cbf2807f","method":"GET","result":200,"reason":"OK","latencyMs":45.51}
{"timestamp":1791632203034,"service":"control","requestId":"49463749-2edc-45eb-abcb-c253cb45e21a","method":"GET","result":200,"reason":"OK","latencyMs":47.9}
{"timestamp":1791632203604,"service":"control","requestId":"417e3b34-32bd-4d5f-8204-e42053af4e4e","method":"POST","result":200,"reason":"OK","latencyMs":45.15}
{"timestamp":1791632204049,"service":"control","requestId":"adc277c7-387e-4dfe-8c93-73738eea0ced","method":"POST","result":200,"reason":"OK","latencyMs":47.89}
{"timestamp":1791632204503,"service":"control","requestId":"216d6879-f0ec-4aa4-b2c1-7b91caef5390","method":"POST","result":200,"reason":"OK","latencyMs":39.65}
{"timestamp":1791632204937,"service":"control","requestId":"77d5543b-6998-4c68-a8ae-cf5cd515632f","method":"POST","result":200,"reason":"OK","latencyMs":51.02}
{"timestamp":1791632205194,"service":"control","requestId":"0a7d178e-0b0d-44ce-a6b3-cd88296db4a7","method":"GET","result":200,"reason":"OK","latencyMs":48.45}
{"timestamp":1791632205228,"service":"control","requestId":"ee41868b-ee56-4574-b4f9-a537fcff1b0c","method":"POST","result":200,"reason":"OK","latencyMs":46.34}
{"timestamp":1791632205266,"service":"control","requestId":"1966f946-e982-402d-a98b-ac2de8a323ff","method":"POST","result":200,"reason":"OK","latencyMs":53.63}
{"timestamp":1791632205347,"service":"control","requestId":"6dbfde19-d4bf-4c2d-8aaa-3101c5f1cb64","method":"POST","result":200,"reason":"OK","latencyMs":42.18}
{"timestamp":1791632205373,"service":"control","requestId":"264a0c33-59ba-431e-bbc8-1510cb9a8008","method":"POST","result":200,"reason":"OK","latencyMs":40.33}
{"timestamp":1791632205811,"service":"control","requestId":"37662acb-e0c2-45c8-be2b-06cc10fdaaec","method":"POST","result":200,"reason":"OK","latencyMs":40.63}
{"timestamp":1791632206251,"service":"control","requestId":"3af58ef0-dcd9-4e34-b3c4-67875bcbddb1","method":"POST","result":200,"reason":"OK","latencyMs":40.01}
{"timestamp":1791632206707,"service":"control","requestId":"9ee80073-464b-45e0-885f-e12462fc79ea","method":"POST","result":200,"reason":"OK","latencyMs":49.53}
{"timestamp":1791632207160,"service":"control","requestId":"de20f552-223b-4c03-a322-a9289ba321b0","method":"POST","result":200,"reason":"OK","latencyMs":57.14}
{"timestamp":1791632207396,"service":"control","requestId":"85fa0b1c-a1b2-4b1a-99c3-47f159f9afa2","method":"GET","result":200,"reason":"OK","latencyMs":47.19}
{"timestamp":1791632207434,"service":"control","requestId":"fcb2914f-5c7a-4670-9eab-fcae2237fbcd","method":"POST","result":200,"reason":"OK","latencyMs":43.18}
{"timestamp":1791632207472,"service":"control","requestId":"365ca8e9-b785-4075-b319-141dea2bb478","method":"POST","result":200,"reason":"OK","latencyMs":53.41}
{"timestamp":1791632207557,"service":"control","requestId":"5dc898a1-e6dc-4cfd-9d3c-ad3925015cbc","method":"POST","result":200,"reason":"OK","latencyMs":39.68}
{"timestamp":1791632207592,"service":"control","requestId":"8dd1f41a-6a20-4cac-85ac-66c2c576bc72","method":"POST","result":200,"reason":"OK","latencyMs":42.7}
{"timestamp":1791632208079,"service":"control","requestId":"1ec3ddff-52ff-48a3-afcf-8483b1f8aadc","method":"POST","result":200,"reason":"OK","latencyMs":50.11}
{"timestamp":1791632208545,"service":"control","requestId":"72c10f65-fece-4deb-b70d-3d1b14c69421","method":"POST","result":200,"reason":"OK","latencyMs":43.5}
{"timestamp":1791632208983,"service":"control","requestId":"d68752d6-7e51-40dd-b30b-40704a4d1e6a","method":"POST","result":200,"reason":"OK","latencyMs":44.35}
{"timestamp":1791632209421,"service":"control","requestId":"dcd429c9-5240-4a04-a344-41e2a531e914","method":"POST","result":200,"reason":"OK","latencyMs":52.68}
{"timestamp":1791632209674,"service":"control","requestId":"9c8f5e8d-3fca-42ed-9e28-e8cd9c2823d3","method":"GET","result":200,"reason":"OK","latencyMs":38.65}
{"timestamp":1791632209710,"service":"control","requestId":"2bec4646-f594-485c-9a71-56d1fce8b557","method":"POST","result":200,"reason":"OK","latencyMs":39.59}
{"timestamp":1791632209760,"service":"control","requestId":"12768d5d-e464-42c1-998f-9f089fca5a5a","method":"POST","result":200,"reason":"OK","latencyMs":57.72}
{"timestamp":1791632209858,"service":"control","requestId":"8aa6ba85-7915-41a5-ab23-eadae0e57cfe","method":"POST","result":200,"reason":"OK","latencyMs":53.55}
{"timestamp":1791632209885,"service":"control","requestId":"8bafc349-3c15-4820-999a-c3e6cef4a250","method":"POST","result":200,"reason":"OK","latencyMs":42.66}
{"timestamp":1791632210340,"service":"control","requestId":"8638b3c1-64a4-4a63-9f10-95a89ba328f2","method":"POST","result":200,"reason":"OK","latencyMs":42.54}
{"timestamp":1791632210841,"service":"control","requestId":"42ef4692-b1c5-45b1-9178-6a5026d6d2a9","method":"POST","result":200,"reason":"OK","latencyMs":46.14}
{"timestamp":1791632211346,"service":"control","requestId":"1dfa68d5-d59d-4184-92ef-33c019eae63d","method":"POST","result":200,"reason":"OK","latencyMs":41.12}
{"timestamp":1791632211825,"service":"control","requestId":"fe74f9d2-0c6b-4808-8131-aac4b13eba79","method":"POST","result":200,"reason":"OK","latencyMs":55.15}
{"timestamp":1791632212101,"service":"control","requestId":"21d89fa3-a71a-49e1-8858-d1884424c45e","method":"GET","result":200,"reason":"OK","latencyMs":65.82}
{"timestamp":1791632212158,"service":"control","requestId":"dc4be7b5-c325-4d4d-9a52-0df6b43dfff9","method":"POST","result":200,"reason":"OK","latencyMs":62.2}
{"timestamp":1791632212199,"service":"control","requestId":"91196207-2cb4-4879-bde5-6d42bdc98ca6","method":"POST","result":200,"reason":"OK","latencyMs":62.15}
{"timestamp":1791632212300,"service":"control","requestId":"29d37628-c864-4057-801d-36121f6e50fe","method":"POST","result":200,"reason":"OK","latencyMs":47.09}
{"timestamp":1791632212328,"service":"control","requestId":"20fa0db7-b6de-4ae6-9bb3-eedbc57871ae","method":"POST","result":200,"reason":"OK","latencyMs":43.55}
{"timestamp":1791632212776,"service":"control","requestId":"f862ebd7-031d-4f33-9f26-41fa4bcac49d","method":"POST","result":200,"reason":"OK","latencyMs":39.91}
{"timestamp":1791632213250,"service":"control","requestId":"08f86f6d-bc38-4a19-8420-1e3543e33e18","method":"POST","result":200,"reason":"OK","latencyMs":62.36}
{"timestamp":1791632213686,"service":"control","requestId":"0bf265dd-6c30-4734-887b-a49759328370","method":"POST","result":200,"reason":"OK","latencyMs":41.54}
{"timestamp":1791632214145,"service":"control","requestId":"a6b82c41-4ec9-4158-9bdd-ce7c024851a9","method":"POST","result":200,"reason":"OK","latencyMs":56.93}
{"timestamp":1791632214390,"service":"control","requestId":"1a66d2ad-dbc2-488c-ab74-f8f7287473cc","method":"GET","result":200,"reason":"OK","latencyMs":39.99}
{"timestamp":1791632214428,"service":"control","requestId":"2750e27c-fd42-4737-9736-73862e767c6d","method":"POST","result":200,"reason":"OK","latencyMs":45.24}
{"timestamp":1791632214462,"service":"control","requestId":"52995484-9046-4ebe-a97c-713227ffcfb0","method":"POST","result":200,"reason":"OK","latencyMs":49.5}
{"timestamp":1791632214578,"service":"control","requestId":"8409197e-0913-4792-9800-0a9f64fb69fa","method":"POST","result":200,"reason":"OK","latencyMs":54.4}
{"timestamp":1791632214608,"service":"control","requestId":"c13a9b95-c24a-4e21-8f1c-52f8b110aa95","method":"POST","result":200,"reason":"OK","latencyMs":52.67}
{"timestamp":1791632215613,"service":"control","requestId":"0de3a831-aca4-4dd4-88b6-3c216fd3d231","method":"GET","result":200,"reason":"OK","latencyMs":43.1}
{"timestamp":1791632217071,"service":"control","requestId":"41dbda26-cb40-4c2c-9fc1-ab2de44ee698","method":"GET","result":200,"reason":"OK","latencyMs":44.84}
{"timestamp":1791632218387,"service":"control","requestId":"4be7d780-666e-46a8-9069-37b4b0075439","method":"GET","result":200,"reason":"OK","latencyMs":45.18}
{"timestamp":1791632219749,"service":"control","requestId":"da373363-1593-48be-b1f0-8e04e9d0f809","method":"POST","result":200,"reason":"OK","latencyMs":42.83}
{"timestamp":1791632221176,"service":"control","requestId":"4e21cced-3c1e-4196-a98d-38e8390e6f66","method":"POST","result":200,"reason":"OK","latencyMs":39.29}
{"timestamp":1791632222367,"service":"control","requestId":"b5870fa2-1d9f-45c2-b1fd-dc5f8f9d0614","method":"POST","result":200,"reason":"OK","latencyMs":52.05}
{"timestamp":1791632223739,"service":"control","requestId":"2700efbb-cabb-49dd-82c4-5abfee76c921","method":"POST","result":200,"reason":"OK","latencyMs":56.28}
{"timestamp":1791632224150,"service":"control","requestId":"635c0610-cdbe-4ebc-9731-039d01b90b97","method":"GET","result":200,"reason":"OK","latencyMs":50.35}
{"timestamp":1791632224207,"service":"control","requestId":"c32b6884-9184-4257-944a-05308e675892","method":"POST","result":200,"reason":"OK","latencyMs":61.42}
{"timestamp":1791632224243,"service":"control","requestId":"bc63fb66-53b4-4db9-9cfa-2a74e32b98b1","method":"POST","result":200,"reason":"OK","latencyMs":52.16}
{"timestamp":1791632224346,"service":"control","requestId":"8fd382af-2165-40d1-b25f-dc3ba12ff3fe","method":"POST","result":200,"reason":"OK","latencyMs":47.46}
{"timestamp":1791632224381,"service":"control","requestId":"e8a576fd-c665-4715-91da-4d29a8e38fd3","method":"POST","result":200,"reason":"OK","latencyMs":50.24}
{"timestamp":1791632225410,"service":"control","requestId":"08ccff37-d0e7-468b-a4a8-473d550ed34b","method":"POST","result":200,"reason":"OK","latencyMs":39.98}
{"timestamp":1791632226770,"service":"control","requestId":"16ccf73b-2333-4ed6-a978-c68500ea2fb5","method":"POST","result":200,"reason":"OK","latencyMs":56.17}
{"timestamp":1791632227931,"service":"control","requestId":"9022c21f-c65f-4c95-a36f-014504c591a3","method":"POST","result":200,"reason":"OK","latencyMs":46.6}
{"timestamp":1791632229290,"service":"control","requestId":"e3f3226e-a27e-4f57-a172-6b8d5e7aed77","method":"POST","result":200,"reason":"OK","latencyMs":69.58}
{"timestamp":1791632229861,"service":"control","requestId":"bedfe747-cf61-4891-ad0e-393b485425e3","method":"GET","result":200,"reason":"OK","latencyMs":48.61}
{"timestamp":1791632229910,"service":"control","requestId":"706946bf-5135-4769-82e5-8ac24822bd65","method":"POST","result":200,"reason":"OK","latencyMs":47.66}
{"timestamp":1791632229965,"service":"control","requestId":"263c4b57-606b-4406-9ffc-272349842325","method":"POST","result":200,"reason":"OK","latencyMs":65.69}
{"timestamp":1791632230078,"service":"control","requestId":"658efa6f-5e51-489e-ab65-e4b261de84f8","method":"POST","result":200,"reason":"OK","latencyMs":64.34}
{"timestamp":1791632230111,"service":"control","requestId":"7e18896e-fe36-48a0-86ee-f3bdd12ba421","method":"POST","result":200,"reason":"OK","latencyMs":56.65}
{"timestamp":1791632231206,"service":"control","requestId":"a2842869-7e05-4fd5-b497-4d4880629f0f","method":"POST","result":200,"reason":"OK","latencyMs":49.13}
{"timestamp":1791632232592,"service":"control","requestId":"3007a945-56b4-43d6-aa6e-a0412cbc0756","method":"POST","result":200,"reason":"OK","latencyMs":42.86}
{"timestamp":1791632233872,"service":"control","requestId":"a421ab1f-8474-4d08-adda-365584689bd7","method":"POST","result":200,"reason":"OK","latencyMs":47.93}
{"timestamp":1791632235417,"service":"control","requestId":"d9295030-2ae9-4fc8-93d0-b892128f60be","method":"POST","result":200,"reason":"OK","latencyMs":61.71}
{"timestamp":1791632235934,"service":"control","requestId":"46b0fed3-96c1-421f-affa-caa39b7633e6","method":"GET","result":200,"reason":"OK","latencyMs":51.68}
{"timestamp":1791632235976,"service":"control","requestId":"ad11d04a-8548-441d-8fb4-d9365a49acb4","method":"POST","result":200,"reason":"OK","latencyMs":48.61}
{"timestamp":1791632236017,"service":"control","requestId":"44f5ec88-fa18-43d1-84bf-be56303684a0","method":"POST","result":200,"reason":"OK","latencyMs":57.91}
{"timestamp":1791632236098,"service":"control","requestId":"a233cfae-8a8f-4851-93e7-bf5b7d1db0a6","method":"POST","result":200,"reason":"OK","latencyMs":39.85}
{"timestamp":1791632236132,"service":"control","requestId":"e8dc0c00-915b-44f7-b744-cafc4777b319","method":"POST","result":200,"reason":"OK","latencyMs":42.46}
{"timestamp":1791632237239,"service":"control","requestId":"eeb3d984-d31a-4a2f-8e11-78311ddd1769","method":"POST","result":200,"reason":"OK","latencyMs":46.29}
{"timestamp":1791632238547,"service":"control","requestId":"9e4a4645-2bcb-41e9-8536-bb2dbf3f7df2","method":"POST","result":200,"reason":"OK","latencyMs":49.84}
{"timestamp":1791632239851,"service":"control","requestId":"fca6647f-f6ca-41d3-b313-7c681b70e4cd","method":"POST","result":200,"reason":"OK","latencyMs":53.89}
{"timestamp":1791632241285,"service":"control","requestId":"72d37001-9852-4844-a9ac-267feab86018","method":"POST","result":200,"reason":"OK","latencyMs":62.47}
{"timestamp":1791632241749,"service":"control","requestId":"3a95544e-3e9e-49fb-8ecf-56b7da696b24","method":"GET","result":200,"reason":"OK","latencyMs":50.11}
{"timestamp":1791632241790,"service":"control","requestId":"4d3d2417-6050-4d04-998a-d36615c3376e","method":"POST","result":200,"reason":"OK","latencyMs":45.99}
{"timestamp":1791632241841,"service":"control","requestId":"aae9d18c-c62a-4bd5-b532-e007afbea2a4","method":"POST","result":200,"reason":"OK","latencyMs":60.27}
{"timestamp":1791632241944,"service":"control","requestId":"6f753a90-2a4e-4f26-86d8-9b9f4c340d68","method":"POST","result":200,"reason":"OK","latencyMs":58.9}
{"timestamp":1791632241976,"service":"control","requestId":"5c66d194-9eae-4662-850c-5d3619ed8382","method":"POST","result":200,"reason":"OK","latencyMs":47.69}
{"timestamp":1791632243035,"service":"control","requestId":"e2e2ff2c-b2cf-4740-b590-bc3f7acb0aa7","method":"POST","result":200,"reason":"OK","latencyMs":41.28}
{"timestamp":1791632244401,"service":"control","requestId":"172c2da5-dfb8-4b11-92c1-90e0de0d3874","method":"POST","result":200,"reason":"OK","latencyMs":45.98}
{"timestamp":1791632245780,"service":"control","requestId":"a7b6f87f-59e9-41d2-bc2d-ac305abf8ae3","method":"POST","result":200,"reason":"OK","latencyMs":47.34}
{"timestamp":1791632247153,"service":"control","requestId":"ac5c5256-5365-4bd5-9477-3ff7edbfbcc8","method":"POST","result":200,"reason":"OK","latencyMs":66.57}
{"timestamp":1791632247598,"service":"control","requestId":"cadfb778-c6fd-4166-b4f4-6da2a86594e9","method":"GET","result":200,"reason":"OK","latencyMs":48.67}
{"timestamp":1791632247631,"service":"control","requestId":"3239527c-68da-4d43-89ed-33b35a73fbb9","method":"POST","result":200,"reason":"OK","latencyMs":41.66}
{"timestamp":1791632247685,"service":"control","requestId":"57467b4f-0d1b-43c3-a61b-5d621a46144b","method":"POST","result":200,"reason":"OK","latencyMs":63.14}
{"timestamp":1791632247793,"service":"control","requestId":"93919e64-76b8-4b08-bfc2-ec6b74beb060","method":"POST","result":200,"reason":"OK","latencyMs":47.8}
{"timestamp":1791632247827,"service":"control","requestId":"fa98f1f2-3e3f-4227-a94e-25a5b612d88f","method":"POST","result":200,"reason":"OK","latencyMs":49.21}
{"timestamp":1791632247998,"service":"control","requestId":"bd9642d6-5db3-472b-963d-583283cc26a9","method":"GET","result":200,"reason":"OK","latencyMs":40.6}
{"timestamp":1791632248153,"service":"control","requestId":"5a17fe0f-943c-4805-8165-c9d8621f99dd","method":"GET","result":200,"reason":"OK","latencyMs":45.74}
{"timestamp":1791632248301,"service":"control","requestId":"9a786352-006a-442b-901a-ec69ff67ed36","method":"GET","result":200,"reason":"OK","latencyMs":46.34}
{"timestamp":1791632248504,"service":"control","requestId":"a7455eeb-6322-473e-811b-4e111bc8d3a9","method":"POST","result":200,"reason":"OK","latencyMs":41.5}
{"timestamp":1791632248547,"service":"control","requestId":"6dc53aea-8f4e-4aa2-a1cc-48c9ea9c1cca","method":"POST","result":200,"reason":"OK","latencyMs":42.52}
{"timestamp":1791632248621,"service":"control","requestId":"573f683c-4e77-4b5f-914e-be3c59882566","method":"POST","result":200,"reason":"OK","latencyMs":44.72}
{"timestamp":1791632249655,"service":"control","requestId":"d95351c1-8654-4dce-91f4-7d26cddeae02","method":"POST","result":200,"reason":"OK","latencyMs":69.87}
{"timestamp":1791632249822,"service":"control","requestId":"66422895-235d-4e4b-aad7-c0a6a915a6e3","method":"GET","result":200,"reason":"OK","latencyMs":52.52}
{"timestamp":1791632249865,"service":"control","requestId":"05128401-1e8c-4aef-bc82-019b37b6e28b","method":"POST","result":200,"reason":"OK","latencyMs":49.7}
{"timestamp":1791632249918,"service":"control","requestId":"90456c8a-6abc-44d1-9420-820cf03f5e5b","method":"POST","result":200,"reason":"OK","latencyMs":62.29}
{"timestamp":1791632250028,"service":"control","requestId":"e44f9214-1a90-4d72-9df8-0553ca903e69","method":"POST","result":200,"reason":"OK","latencyMs":54.52}
{"timestamp":1791632250078,"service":"control","requestId":"f0c63df4-f89e-46ea-bee6-eb6b581d3f21","method":"POST","result":200,"reason":"OK","latencyMs":65.5}
{"timestamp":1791632250274,"service":"control","requestId":"cd374198-08f3-4dcd-8627-70f019773817","method":"POST","result":200,"reason":"OK","latencyMs":52.37}
{"timestamp":1791632250320,"service":"control","requestId":"f18e0930-4e7f-4e41-bb75-70734dda89dd","method":"POST","result":200,"reason":"OK","latencyMs":49.76}
{"timestamp":1791632250383,"service":"control","requestId":"dee545bd-8dee-40c4-8c2b-f30320175ecc","method":"POST","result":200,"reason":"OK","latencyMs":47.41}
{"timestamp":1791632251412,"service":"control","requestId":"61688ab6-f44d-475c-8eaf-41f536e6020a","method":"POST","result":200,"reason":"OK","latencyMs":65.62}
{"timestamp":1791632251549,"service":"control","requestId":"cfa39cff-1436-4c0b-8f5b-47f271fcec61","method":"GET","result":200,"reason":"OK","latencyMs":43.61}
{"timestamp":1791632251603,"service":"control","requestId":"fc7d51cb-03bc-46ff-9521-3b1287a6feed","method":"POST","result":200,"reason":"OK","latencyMs":52.24}
{"timestamp":1791632251656,"service":"control","requestId":"af4b7664-8929-4e16-9e20-d4a2065c6e6c","method":"POST","result":200,"reason":"OK","latencyMs":66.36}
{"timestamp":1791632251758,"service":"control","requestId":"b2123d44-3330-42b2-a52f-67742eb9faa5","method":"POST","result":200,"reason":"OK","latencyMs":47.18}
{"timestamp":1791632251785,"service":"control","requestId":"22618229-632b-4dbb-aef6-1e389bb967d7","method":"POST","result":200,"reason":"OK","latencyMs":43.04}
{"timestamp":1791632251990,"service":"control","requestId":"efe27127-b361-4635-a243-0828c1286d59","method":"POST","result":200,"reason":"OK","latencyMs":41.98}
{"timestamp":1791632252051,"service":"control","requestId":"cca73c0b-080f-4601-aa36-0e35483cfb21","method":"POST","result":200,"reason":"OK","latencyMs":46.24}
{"timestamp":1791632252125,"service":"control","requestId":"cd13e351-2b80-4918-a5a8-85471e216988","method":"POST","result":200,"reason":"OK","latencyMs":48}
{"timestamp":1791632253157,"service":"control","requestId":"5ac3d82e-8768-4097-9a5c-3b7cf22fee73","method":"POST","result":200,"reason":"OK","latencyMs":69.5}
{"timestamp":1791632253320,"service":"control","requestId":"f6a06aa7-6123-44d0-bca5-d06ff5fce8c0","method":"GET","result":200,"reason":"OK","latencyMs":49.86}
{"timestamp":1791632253358,"service":"control","requestId":"c369b340-cbcc-4310-ba12-5b8e6e9612e3","method":"POST","result":200,"reason":"OK","latencyMs":46.62}
{"timestamp":1791632253405,"service":"control","requestId":"1ae89a52-4654-4ed1-bd0d-857055c9214b","method":"POST","result":200,"reason":"OK","latencyMs":56.57}
{"timestamp":1791632253497,"service":"control","requestId":"09ec7ada-ce4d-44b9-abe9-9043a66e0ae2","method":"POST","result":200,"reason":"OK","latencyMs":39.31}
{"timestamp":1791632253540,"service":"control","requestId":"2976d936-0604-40de-8979-d0dca8906baf","method":"POST","result":200,"reason":"OK","latencyMs":52.39}
{"timestamp":1791632253719,"service":"control","requestId":"d7b6ee33-60eb-4c9a-9680-6ed0d4a3d5db","method":"POST","result":200,"reason":"OK","latencyMs":46.88}
{"timestamp":1791632253763,"service":"control","requestId":"3dcf93d1-667d-4a33-bf7c-ab1608efcb76","method":"POST","result":200,"reason":"OK","latencyMs":49.05}
{"timestamp":1791632253831,"service":"control","requestId":"fd63799b-2b09-4cf8-beec-063888f23093","method":"POST","result":200,"reason":"OK","latencyMs":45.03}
{"timestamp":1791632254864,"service":"control","requestId":"7b120eae-87fd-46a4-8545-5c668c901a26","method":"POST","result":200,"reason":"OK","latencyMs":60.8}
{"timestamp":1791632254999,"service":"control","requestId":"501f08f7-b676-4066-9794-153cde96d4a1","method":"GET","result":200,"reason":"OK","latencyMs":38.68}
{"timestamp":1791632255041,"service":"control","requestId":"1363a513-83ba-49e5-aed6-8a0b68bbe9f3","method":"POST","result":200,"reason":"OK","latencyMs":46.81}
{"timestamp":1791632255086,"service":"control","requestId":"4ba5556d-e1ce-44ac-ac01-60c1e85168a0","method":"POST","result":200,"reason":"OK","latencyMs":54.51}
{"timestamp":1791632255173,"service":"control","requestId":"915c26aa-6e42-46eb-a9cd-d43d14c39fc8","method":"POST","result":200,"reason":"OK","latencyMs":47.13}
{"timestamp":1791632255213,"service":"control","requestId":"10af2f75-e61f-4c5d-83cc-8b5f1d88d28f","method":"POST","result":200,"reason":"OK","latencyMs":50.68}
{"timestamp":1791632255387,"service":"control","requestId":"fabb310c-812f-4263-a59e-dfd969403569","method":"POST","result":200,"reason":"OK","latencyMs":50.08}
{"timestamp":1791632255439,"service":"control","requestId":"1a38118c-2c14-4ded-8d3b-3b4e234ca7f2","method":"POST","result":200,"reason":"OK","latencyMs":57.57}
{"timestamp":1791632255514,"service":"control","requestId":"c8efc75f-4616-4593-992e-aa9158b53bd0","method":"POST","result":200,"reason":"OK","latencyMs":59.77}
{"timestamp":1791632256533,"service":"control","requestId":"ee21afd2-af09-4d38-a69f-021607eb2249","method":"POST","result":200,"reason":"OK","latencyMs":67.3}
{"timestamp":1791632256735,"service":"control","requestId":"ee42f3fa-ebfb-4e25-90a8-f65035684ea6","method":"GET","result":200,"reason":"OK","latencyMs":90.78}
{"timestamp":1791632256787,"service":"control","requestId":"2686f7fe-9b1a-4ea1-9579-8223a37f7993","method":"POST","result":200,"reason":"OK","latencyMs":58.93}
{"timestamp":1791632256828,"service":"control","requestId":"0825f7e8-922f-4824-a3fd-fa841f0ea37d","method":"POST","result":200,"reason":"OK","latencyMs":60.14}
{"timestamp":1791632256933,"service":"control","requestId":"609f1d29-5934-4904-adc6-56fd14e23d4d","method":"POST","result":200,"reason":"OK","latencyMs":49.04}
{"timestamp":1791632256983,"service":"control","requestId":"db5e6010-7ee3-45b8-871d-ba2966b73e6c","method":"POST","result":200,"reason":"OK","latencyMs":57.7}
{"timestamp":1791632257786,"service":"control","requestId":"b8d7eed0-99f1-4a93-9d90-d4cd3ebb4772","method":"GET","result":200,"reason":"OK","latencyMs":44.86}
{"timestamp":1791632258668,"service":"control","requestId":"c852312d-fae1-4524-a959-82dd0a5d324b","method":"GET","result":200,"reason":"OK","latencyMs":45.8}
{"timestamp":1791632259674,"service":"control","requestId":"c6ed772e-a2ff-4e33-8cc2-2f613dd8b2f7","method":"GET","result":200,"reason":"OK","latencyMs":41.54}
{"timestamp":1791632260676,"service":"control","requestId":"713e61f5-83d3-4be2-8f9d-0186521284ff","method":"POST","result":200,"reason":"OK","latencyMs":45.13}
{"timestamp":1791632261524,"service":"control","requestId":"cc6492ea-a304-49ae-9a17-3268dea33de1","method":"POST","result":200,"reason":"OK","latencyMs":45.51}
{"timestamp":1791632262365,"service":"control","requestId":"cf1881e9-4edf-4cab-93bf-6a47ec7aa407","method":"POST","result":200,"reason":"OK","latencyMs":45.64}
{"timestamp":1791632263724,"service":"control","requestId":"db933d97-d378-47a0-844c-990541c5f76c","method":"POST","result":200,"reason":"OK","latencyMs":63.38}
{"timestamp":1791632264066,"service":"control","requestId":"f0bd2e9b-c65a-4221-99b8-d85e83838076","method":"GET","result":200,"reason":"OK","latencyMs":57.22}
{"timestamp":1791632264119,"service":"control","requestId":"152fe5cc-fb0e-4492-b14d-bfdb71f50fdb","method":"POST","result":200,"reason":"OK","latencyMs":62.74}
{"timestamp":1791632264161,"service":"control","requestId":"a6baeccf-f0c2-4df9-bbbf-814510411048","method":"POST","result":200,"reason":"OK","latencyMs":61.91}
{"timestamp":1791632264247,"service":"control","requestId":"c4207d6c-23cd-4371-a4d1-aea04005fc87","method":"POST","result":200,"reason":"OK","latencyMs":47.16}
{"timestamp":1791632264301,"service":"control","requestId":"411144be-57b9-49df-bf37-4dca7ae5c4a1","method":"POST","result":200,"reason":"OK","latencyMs":69.97}
{"timestamp":1791632265025,"service":"control","requestId":"a67b8708-5661-4385-bc4e-4da47703fa7a","method":"POST","result":200,"reason":"OK","latencyMs":46.3}
{"timestamp":1791632265960,"service":"control","requestId":"0fa860f4-7a74-4190-a0b9-25edc3021a8f","method":"POST","result":200,"reason":"OK","latencyMs":44.79}
{"timestamp":1791632266812,"service":"control","requestId":"2be26c39-299a-43fd-beac-93df71830d7f","method":"POST","result":200,"reason":"OK","latencyMs":41.26}
{"timestamp":1791632268220,"service":"control","requestId":"056a8edb-a51d-4751-9c02-3c55d6014ef1","method":"POST","result":200,"reason":"OK","latencyMs":59.01}
{"timestamp":1791632268531,"service":"control","requestId":"5475a608-a93b-478d-962d-0c2abd562cc1","method":"GET","result":200,"reason":"OK","latencyMs":43.23}
{"timestamp":1791632268576,"service":"control","requestId":"d22b48ae-ee11-4d65-a504-d721d1cdf6ca","method":"POST","result":200,"reason":"OK","latencyMs":51.68}
{"timestamp":1791632268616,"service":"control","requestId":"4c418634-12c1-424d-be39-f1a748199cab","method":"POST","result":200,"reason":"OK","latencyMs":54.71}
{"timestamp":1791632268709,"service":"control","requestId":"2574448d-bc65-4f60-aeff-3db276d1a90d","method":"POST","result":200,"reason":"OK","latencyMs":46.99}
{"timestamp":1791632268740,"service":"control","requestId":"1bc3c64b-8fbe-457c-889b-58ca3dc412b7","method":"POST","result":200,"reason":"OK","latencyMs":47.93}
{"timestamp":1791632269492,"service":"control","requestId":"3a3c87c5-5c02-4cf4-a8bf-8a658baa6ef3","method":"POST","result":200,"reason":"OK","latencyMs":43.73}
{"timestamp":1791632270354,"service":"control","requestId":"2692d460-d32e-4dc0-b5a1-c94d5eb0b6d5","method":"POST","result":200,"reason":"OK","latencyMs":41.97}
{"timestamp":1791632271211,"service":"control","requestId":"5fba3e7d-7dbf-4433-a76f-ac55c9297eed","method":"POST","result":200,"reason":"OK","latencyMs":48.94}
{"timestamp":1791632272614,"service":"control","requestId":"2b06f353-f9cb-49bf-a2b0-dc60dc7e1170","method":"POST","result":200,"reason":"OK","latencyMs":59.46}
{"timestamp":1791632272956,"service":"control","requestId":"972d0d6d-76a8-41b5-885c-da014742f8ef","method":"GET","result":200,"reason":"OK","latencyMs":51.99}
{"timestamp":1791632273001,"service":"control","requestId":"85a4d77e-15b5-409f-a14c-d1ed36f1e3eb","method":"POST","result":200,"reason":"OK","latencyMs":55.38}
{"timestamp":1791632273042,"service":"control","requestId":"714a3625-ed63-4809-a849-493c405995c6","method":"POST","result":200,"reason":"OK","latencyMs":56.58}
{"timestamp":1791632273125,"service":"control","requestId":"2cefd559-7959-44b5-955a-e04485449cef","method":"POST","result":200,"reason":"OK","latencyMs":47.54}
{"timestamp":1791632273164,"service":"control","requestId":"99c1c3ae-d69f-4582-aa12-4a34061a7a43","method":"POST","result":200,"reason":"OK","latencyMs":55.02}
{"timestamp":1791632273957,"service":"control","requestId":"91a4ae1d-c473-4719-a1f5-1a24b21c4add","method":"POST","result":200,"reason":"OK","latencyMs":56.47}
{"timestamp":1791632274863,"service":"control","requestId":"03277065-4c6d-4662-acf9-4ccb72e3630d","method":"POST","result":200,"reason":"OK","latencyMs":53.1}
{"timestamp":1791632275680,"service":"control","requestId":"e5c02d5f-1138-40f7-a040-3602cfd9b75e","method":"POST","result":200,"reason":"OK","latencyMs":45.12}
{"timestamp":1791632277016,"service":"control","requestId":"04af5ce1-3a4d-465c-b164-d660a960fe59","method":"POST","result":200,"reason":"OK","latencyMs":64.91}
{"timestamp":1791632277319,"service":"control","requestId":"b0cb903e-de95-456e-9901-48442af73961","method":"GET","result":200,"reason":"OK","latencyMs":54.01}
{"timestamp":1791632277355,"service":"control","requestId":"7a481ff9-9ea6-44d3-a320-efecfc8627b9","method":"POST","result":200,"reason":"OK","latencyMs":49.61}
{"timestamp":1791632277401,"service":"control","requestId":"df858a87-e93d-4c59-a30d-13528c911ea6","method":"POST","result":200,"reason":"OK","latencyMs":64.15}
{"timestamp":1791632277485,"service":"control","requestId":"31a788df-be23-43c1-996e-5c2ada5cd212","method":"POST","result":200,"reason":"OK","latencyMs":45.22}
{"timestamp":1791632277518,"service":"control","requestId":"0206bdf3-3c1a-4c09-97c7-4598ecba4a22","method":"POST","result":200,"reason":"OK","latencyMs":47.38}
{"timestamp":1791632278298,"service":"control","requestId":"3cbbf4c2-a6e9-4bc8-936e-e8bbf0926b1d","method":"POST","result":200,"reason":"OK","latencyMs":51.43}
{"timestamp":1791632279141,"service":"control","requestId":"50bc21e5-31bf-41cb-8eb0-1de1488edda1","method":"POST","result":200,"reason":"OK","latencyMs":50.02}
{"timestamp":1791632280021,"service":"control","requestId":"1fa4ba7a-3db3-4675-8b5c-bb4a2fb3089f","method":"POST","result":200,"reason":"OK","latencyMs":41.77}
{"timestamp":1791632281443,"service":"control","requestId":"e0734c90-8bf4-48f7-92b4-341b6c3ebfe3","method":"POST","result":200,"reason":"OK","latencyMs":59.3}
{"timestamp":1791632281811,"service":"control","requestId":"5232ec5f-2a89-455b-8d01-a25420ce92ad","method":"GET","result":200,"reason":"OK","latencyMs":49.76}
{"timestamp":1791632281855,"service":"control","requestId":"83ee287a-6501-4f1c-9304-544f477a09c4","method":"POST","result":200,"reason":"OK","latencyMs":57.09}
{"timestamp":1791632281900,"service":"control","requestId":"9b785e11-a5db-4a68-804b-9c49e0b72770","method":"POST","result":200,"reason":"OK","latencyMs":64.33}
{"timestamp":1791632281982,"service":"control","requestId":"58d8ca7b-2943-4c56-a8a2-b18695d8aa6e","method":"POST","result":200,"reason":"OK","latencyMs":47.1}
{"timestamp":1791632282014,"service":"control","requestId":"9d84dc59-6c54-4685-983b-0661f936ccf2","method":"POST","result":200,"reason":"OK","latencyMs":47.28}
{"timestamp":1791632282219,"service":"control","requestId":"8e412591-4eab-4892-919f-24cb6e8c851c","method":"POST","result":200,"reason":"OK","latencyMs":44.55}
{"timestamp":1791632282261,"service":"control","requestId":"7484aeda-9ad8-4527-b50f-b93826a75f6b","method":"POST","result":200,"reason":"OK","latencyMs":46.06}
{"timestamp":1791632302439,"service":"control","requestId":"d6341668-318b-462d-94cb-9d7665df0383","method":"GET","result":200,"reason":"OK","latencyMs":41.73}
{"timestamp":1791632302649,"service":"control","requestId":"58df3ade-210e-4c92-9fa4-1ead0d7cfa82","method":"POST","result":200,"reason":"OK","latencyMs":62.19}
{"timestamp":1791632302693,"service":"control","requestId":"fc0238b2-57fd-4913-b4d6-e2993e852525","method":"POST","result":200,"reason":"OK","latencyMs":60.7}
{"timestamp":1791632302840,"service":"control","requestId":"c97f78c4-f2c4-48e7-9e22-e69f898b3917","method":"GET","result":200,"reason":"OK","latencyMs":53.77}
{"timestamp":1791632302885,"service":"control","requestId":"2b9818e9-ecf9-4161-93cd-5a6561ac1ae0","method":"POST","result":200,"reason":"OK","latencyMs":60.26}
{"timestamp":1791632302931,"service":"control","requestId":"08b98662-e5bb-4eb0-b016-c46317679e58","method":"POST","result":200,"reason":"OK","latencyMs":66.25}
{"timestamp":1791632303008,"service":"control","requestId":"d184aae7-1ebb-4f5e-937a-a0da5bd075f6","method":"POST","result":200,"reason":"OK","latencyMs":44.5}
{"timestamp":1791632303048,"service":"control","requestId":"518c711b-0a42-40b1-ad5f-a4681e8c430f","method":"POST","result":200,"reason":"OK","latencyMs":54.87}
{"timestamp":1791632311226,"service":"control","requestId":"40f4690e-fcde-48e2-abb4-feaf82d12331","method":"POST","result":200,"reason":"OK","latencyMs":102.89}
{"timestamp":1791632311271,"service":"control","requestId":"76493fd9-6e3b-458c-a4ba-090643339aec","method":"POST","result":200,"reason":"OK","latencyMs":54.86}
{"timestamp":1791632311317,"service":"control","requestId":"b15d516f-5dac-41c5-8d50-4b437694d122","method":"POST","result":200,"reason":"OK","latencyMs":58.52}
{"timestamp":1791632311474,"service":"control","requestId":"a691860c-af61-4716-adef-5b9606ddafb2","method":"POST","result":200,"reason":"OK","latencyMs":48.11}
{"timestamp":1791632311513,"service":"control","requestId":"17567638-ee56-46d8-ae09-a342f19fac80","method":"POST","result":200,"reason":"OK","latencyMs":53.55}
{"timestamp":1791632311548,"service":"control","requestId":"8b9ae34b-0566-436c-9038-bd12d42e65cf","method":"POST","result":200,"reason":"OK","latencyMs":47.21}
{"timestamp":1791632311590,"service":"control","requestId":"cb3dd7de-14da-4d05-bc2a-6ccb17b67f41","method":"POST","result":200,"reason":"OK","latencyMs":59.11}
{"timestamp":1791632311774,"service":"control","requestId":"86263546-54fc-4a99-a10f-f0d05fd029b4","method":"GET","result":200,"reason":"OK","latencyMs":52.54}
{"timestamp":1791632311811,"service":"control","requestId":"748d2b31-a24c-41ab-8ed5-e62c89198095","method":"GET","result":200,"reason":"OK","latencyMs":45.05}
{"timestamp":1791632311857,"service":"control","requestId":"8896d210-0c4c-4b18-b6c1-5a1acc918d0f","method":"POST","result":200,"reason":"OK","latencyMs":50.06}
{"timestamp":1791632311905,"service":"control","requestId":"74d9dc3b-1606-44cd-8983-90716fa316b1","method":"POST","result":200,"reason":"OK","latencyMs":63.24}
{"timestamp":1791632311937,"service":"control","requestId":"9afb553e-bf8e-4c76-9257-acb2241ac384","method":"POST","result":200,"reason":"OK","latencyMs":41.22}
{"timestamp":1791632311982,"service":"control","requestId":"377dd85a-39a1-4f8b-be40-5353b08eefcd","method":"POST","result":200,"reason":"OK","latencyMs":50.2}
{"timestamp":1791632312134,"service":"control","requestId":"2c4c27f3-a834-40d2-8c5b-52078624ec8c","method":"GET","result":200,"reason":"OK","latencyMs":59.41}
{"timestamp":1791632312395,"service":"control","requestId":"f67fe9fe-dca2-4ab9-8ab5-4fd21065b5c0","method":"GET","result":200,"reason":"OK","latencyMs":55.21}
{"timestamp":1791632341226,"service":"control","requestId":"2d5783dd-0c13-496a-88b7-d3502128597f","method":"POST","result":200,"reason":"OK","latencyMs":108.65}
{"timestamp":1791632341272,"service":"control","requestId":"e088ab06-e81a-4ffb-8c30-3fdff5ff6b4c","method":"POST","result":200,"reason":"OK","latencyMs":66.35}
{"timestamp":1791632341309,"service":"control","requestId":"4c89a726-d5e6-4115-8581-bddd788cb1be","method":"POST","result":200,"reason":"OK","latencyMs":51.74}
{"timestamp":1791632341483,"service":"control","requestId":"fec1750f-c074-41da-99d4-e72357901977","method":"POST","result":200,"reason":"OK","latencyMs":48.71}
{"timestamp":1791632341515,"service":"control","requestId":"7d7db694-a207-42db-840b-2d0bb543d734","method":"POST","result":200,"reason":"OK","latencyMs":48.45}
{"timestamp":1791632341561,"service":"control","requestId":"4a377910-00de-4bbc-af65-21ce25662bb0","method":"POST","result":200,"reason":"OK","latencyMs":50.18}
{"timestamp":1791632341633,"service":"control","requestId":"0c7c7119-698d-477d-babc-e5833a026c93","method":"POST","result":200,"reason":"OK","latencyMs":88.88}
{"timestamp":1791632341792,"service":"control","requestId":"f65d5185-f73e-4875-90db-ed59b1b704ea","method":"GET","result":200,"reason":"OK","latencyMs":59.78}
{"timestamp":1791632341825,"service":"control","requestId":"7ee70a2d-164e-4133-b7dc-0520cc840ed8","method":"GET","result":200,"reason":"OK","latencyMs":49.24}
{"timestamp":1791632341876,"service":"control","requestId":"7319a36f-fdbb-487c-b235-19680479db4a","method":"POST","result":200,"reason":"OK","latencyMs":58.09}
{"timestamp":1791632341918,"service":"control","requestId":"cfeaa908-f15b-46a6-a882-c5f49b6c5e02","method":"POST","result":200,"reason":"OK","latencyMs":63.51}
{"timestamp":1791632341967,"service":"control","requestId":"e768c560-9de1-42de-b381-19b06a74f676","method":"POST","result":200,"reason":"OK","latencyMs":53.52}
{"timestamp":1791632342009,"service":"control","requestId":"70db9460-879c-4353-a2a3-44a91dbf3604","method":"POST","result":200,"reason":"OK","latencyMs":57.16}
{"timestamp":1791632342167,"service":"control","requestId":"45e8bc95-a921-46d5-be20-48caf1872901","method":"GET","result":200,"reason":"OK","latencyMs":49.92}
{"timestamp":1791632342323,"service":"control","requestId":"adc396f0-58fa-4e23-9f05-749a1beb8c47","method":"GET","result":403,"reason":"FORBIDDEN","latencyMs":56.41}
{"timestamp":1791632342463,"service":"control","requestId":"7a3a0944-9ae0-4923-a483-c21e40941321","method":"GET","result":200,"reason":"OK","latencyMs":46.9}
{"timestamp":1791632343099,"service":"control","requestId":"168b2e03-a264-4f5c-a705-91c7b7399dbe","method":"GET","result":200,"reason":"OK","latencyMs":47.25}
{"timestamp":1791632343280,"service":"control","requestId":"77b5ceee-772e-4af2-a090-fa5ae150ed54","method":"POST","result":200,"reason":"OK","latencyMs":63.07}
{"timestamp":1791632343322,"service":"control","requestId":"0ccecf17-3ebe-49c8-900f-4f9a66ed39e2","method":"POST","result":200,"reason":"OK","latencyMs":57.93}
{"timestamp":1791632343372,"service":"control","requestId":"23c4571d-cf0f-4bf8-9bab-9551afbe5440","method":"POST","result":200,"reason":"OK","latencyMs":58.6}
{"timestamp":1791632343423,"service":"control","requestId":"b03b0047-b5c3-419b-8f25-f75b7030d508","method":"POST","result":503,"reason":"RELAY_UNAVAILABLE","latencyMs":69.88}
{"timestamp":1791632343548,"service":"control","requestId":"56f7cdc4-f3e2-40d3-8c2c-291656844bb0","method":"GET","result":200,"reason":"OK","latencyMs":45.32}
{"timestamp":1791632343905,"service":"control","requestId":"b887c572-450c-4209-b7bb-433a9a634764","method":"POST","result":200,"reason":"OK","latencyMs":46.5}
{"timestamp":1791632343954,"service":"control","requestId":"8d943294-aa66-4821-a4ee-97ce6b2281be","method":"POST","result":200,"reason":"OK","latencyMs":54.91}
{"timestamp":1791632344001,"service":"control","requestId":"c74844cc-ae5e-4eb8-8562-5bfdbb91e42b","method":"POST","result":200,"reason":"OK","latencyMs":50.86}
{"timestamp":1791632344058,"service":"control","requestId":"c7c5631c-4502-439f-98b0-b7a248074cba","method":"POST","result":200,"reason":"OK","latencyMs":71.98}
{"timestamp":1791632344200,"service":"control","requestId":"6e24e523-c0dc-4bf4-8b9c-dcb49252f81e","method":"GET","result":200,"reason":"OK","latencyMs":46.81}
{"service":"control","event":"listening","host":"127.0.0.1","port":8441}
{"timestamp":1791632344819,"service":"control","requestId":"8f454297-aabc-4968-976b-76d3b99b8433","method":"GET","result":200,"reason":"OK","latencyMs":54.55}
{"timestamp":1791632344962,"service":"control","requestId":"3ffda178-6f26-40e2-83f6-8c57bd089611","method":"POST","result":200,"reason":"OK","latencyMs":77.12}
{"service":"control","event":"listening","host":"127.0.0.1","port":8441}
{"timestamp":1791632345255,"service":"control","requestId":"bddd908b-6704-4b2b-8cfc-ab2ae5467b49","method":"GET","result":200,"reason":"OK","latencyMs":54.01}
{"timestamp":1791632345381,"service":"control","requestId":"d57f9294-52e8-4102-8e81-03a1fbc6b6c7","method":"POST","result":503,"reason":"RECOVERY_QUARANTINED","latencyMs":48.16}
{"service":"control","event":"listening","host":"127.0.0.1","port":8441}
{"timestamp":1791632345756,"service":"control","requestId":"09f435d3-b526-4c63-b4bd-2584184f0421","method":"GET","result":200,"reason":"OK","latencyMs":60.31}
{"timestamp":1791632345929,"service":"control","requestId":"124a4ae7-9b9d-42b1-b1dd-525d1b4ba3be","method":"POST","result":200,"reason":"OK","latencyMs":71.24}
{"timestamp":1791632345974,"service":"control","requestId":"6ace08aa-e92f-4a34-8e81-4e367e9bbf62","method":"POST","result":200,"reason":"OK","latencyMs":55.85}
{"timestamp":1791632346035,"service":"control","requestId":"913abc1c-b900-470d-b6f0-d208bc44b818","method":"POST","result":200,"reason":"OK","latencyMs":66.18}
{"timestamp":1791632346092,"service":"control","requestId":"cfb7ca78-e753-481d-ae1c-2306fcf9a0a0","method":"POST","result":200,"reason":"OK","latencyMs":76.24}
{"timestamp":1791632346259,"service":"control","requestId":"8b87096d-8610-4933-8008-8af319262861","method":"GET","result":401,"reason":"USER_REVOKED","latencyMs":58.89}
{"timestamp":1791632349934,"service":"control","requestId":"5f29e26a-128e-410f-82b6-bfae90e93622","method":"POST","result":200,"reason":"OK","latencyMs":59.55}
{"timestamp":1791632349976,"service":"control","requestId":"358918f7-9140-40b7-824f-84c0de0ea90c","method":"POST","result":200,"reason":"OK","latencyMs":95.1}
{"timestamp":1791632350030,"service":"control","requestId":"8521cd6a-dfc0-45cf-a8c0-b9257703928b","method":"POST","result":200,"reason":"OK","latencyMs":143.31}
{"timestamp":1791632350048,"service":"control","requestId":"b011857a-ea58-44d4-acfe-bde5802c5ffe","method":"POST","result":200,"reason":"OK","latencyMs":160.31}
{"timestamp":1791632350077,"service":"control","requestId":"915941dd-e4c5-40cc-bc8c-8f4918a83e6d","method":"POST","result":200,"reason":"OK","latencyMs":181.2}
{"timestamp":1791632350111,"service":"control","requestId":"16ea2cd6-4683-4188-855c-fa0dd534ad20","method":"POST","result":200,"reason":"OK","latencyMs":212.72}
{"timestamp":1791632350142,"service":"control","requestId":"bc7efa92-8828-4021-9683-d23f03ed973a","method":"POST","result":200,"reason":"OK","latencyMs":243.42}
{"timestamp":1791632350179,"service":"control","requestId":"4abeffa5-903e-4784-a135-ab2631d12436","method":"POST","result":200,"reason":"OK","latencyMs":278.92}
{"timestamp":1791632350213,"service":"control","requestId":"0f97ddac-07bb-4dcc-9fc3-f16eba2347d4","method":"POST","result":200,"reason":"OK","latencyMs":285.13}
{"timestamp":1791632350246,"service":"control","requestId":"a19e1877-15f3-41a5-b1b7-473159da2de8","method":"POST","result":200,"reason":"OK","latencyMs":285.82}
{"timestamp":1791632350292,"service":"control","requestId":"583094b1-b11e-4eb9-b5f0-00c7913674c1","method":"POST","result":200,"reason":"OK","latencyMs":282.23}
{"timestamp":1791632350329,"service":"control","requestId":"43e7b48b-db28-4a1f-add7-5921dfe508f4","method":"POST","result":200,"reason":"OK","latencyMs":287.92}
{"timestamp":1791632350367,"service":"control","requestId":"71c71ec4-9b06-477d-8ef8-8ec62f372d5e","method":"POST","result":200,"reason":"OK","latencyMs":293.41}
{"timestamp":1791632350438,"service":"control","requestId":"bd3d882a-51cf-414c-87cd-b1ed2e51717a","method":"POST","result":200,"reason":"OK","latencyMs":338.43}
{"timestamp":1791632350473,"service":"control","requestId":"86f637ef-80a3-4497-b624-e9b791f1842e","method":"POST","result":200,"reason":"OK","latencyMs":336.25}
{"timestamp":1791632350526,"service":"control","requestId":"0f94a12d-afb3-479b-8ad9-648abd7ba6c2","method":"POST","result":200,"reason":"OK","latencyMs":358.37}
{"timestamp":1791632350545,"service":"control","requestId":"c35e05c2-7d3a-40bf-a274-76a45cc361e9","method":"POST","result":200,"reason":"OK","latencyMs":330.95}
{"timestamp":1791632350578,"service":"control","requestId":"99e9bcef-ddb4-445e-a3fd-cc96cc45c822","method":"POST","result":200,"reason":"OK","latencyMs":334.92}
{"timestamp":1791632350616,"service":"control","requestId":"9142da4a-34ac-4ea6-888c-838c4daa2fbc","method":"POST","result":200,"reason":"OK","latencyMs":328.09}
{"timestamp":1791632350655,"service":"control","requestId":"96c63bf4-32d8-46b0-bbf7-2633a60c7257","method":"POST","result":200,"reason":"OK","latencyMs":332.03}
{"timestamp":1791632350685,"service":"control","requestId":"766c4849-383a-41e4-bb44-b024bfed7f4c","method":"POST","result":200,"reason":"OK","latencyMs":329.48}
{"timestamp":1791632350713,"service":"control","requestId":"fa16474a-0c49-47be-ac7c-6752ab190b6b","method":"POST","result":200,"reason":"OK","latencyMs":287.12}
{"timestamp":1791632350743,"service":"control","requestId":"c69fe900-5d0e-4855-8da9-44b104719082","method":"POST","result":200,"reason":"OK","latencyMs":281.15}
{"timestamp":1791632350775,"service":"control","requestId":"f7591449-2493-4994-a847-0d3606739b8b","method":"POST","result":200,"reason":"OK","latencyMs":273.34}
{"timestamp":1791632350818,"service":"control","requestId":"fa95b015-548f-4195-921f-6083917098b2","method":"POST","result":200,"reason":"OK","latencyMs":285.87}
{"timestamp":1791632350876,"service":"control","requestId":"ff527838-a86e-49bd-9301-8f74093bfb73","method":"POST","result":200,"reason":"OK","latencyMs":304.72}
{"timestamp":1791632350913,"service":"control","requestId":"d159b7dc-e3f4-4aa1-ae73-06cdb0deebe8","method":"POST","result":200,"reason":"OK","latencyMs":295.34}
{"timestamp":1791632350964,"service":"control","requestId":"e9da2fb7-ca1e-4d10-b79b-585d83a32aa6","method":"POST","result":200,"reason":"OK","latencyMs":322.3}
{"timestamp":1791632351001,"service":"control","requestId":"3b493e56-9912-43da-98b5-5f9cfa908e84","method":"POST","result":200,"reason":"OK","latencyMs":320.99}
{"timestamp":1791632351054,"service":"control","requestId":"d06e385f-6afa-4fdb-bcd6-bf958cecb582","method":"POST","result":200,"reason":"OK","latencyMs":344.79}
{"timestamp":1791632351099,"service":"control","requestId":"38f8faed-600f-4a76-8059-a84198d3bade","method":"POST","result":200,"reason":"OK","latencyMs":367.66}
{"timestamp":1791632351147,"service":"control","requestId":"6beec9c1-7626-4673-9d77-0ad33ecb0dc7","method":"POST","result":200,"reason":"OK","latencyMs":378.1}
{"timestamp":1791632351184,"service":"control","requestId":"12a919a8-8186-4167-b5f9-45836fb9c259","method":"POST","result":200,"reason":"OK","latencyMs":371.25}
{"timestamp":1791632351216,"service":"control","requestId":"bd1c6db0-9360-486f-900f-f32c6f162c81","method":"POST","result":200,"reason":"OK","latencyMs":362.2}
{"timestamp":1791632351257,"service":"control","requestId":"0d49786b-739c-4a04-9977-3481ef1d8bf6","method":"POST","result":200,"reason":"OK","latencyMs":350.13}
{"timestamp":1791632351305,"service":"control","requestId":"05a78855-ebd4-4b27-aa37-d01a9977d0cd","method":"POST","result":200,"reason":"OK","latencyMs":358.35}
{"timestamp":1791632351323,"service":"control","requestId":"2cdfd710-6955-46ca-9d4c-7eeac9aa17b3","method":"POST","result":200,"reason":"OK","latencyMs":317.43}
{"timestamp":1791632351354,"service":"control","requestId":"81633892-7905-4aad-a0e3-8a918ed9d6b6","method":"POST","result":200,"reason":"OK","latencyMs":313.51}
{"timestamp":1791632351401,"service":"control","requestId":"abbcc7d4-9661-446e-822e-82604d5dd5af","method":"POST","result":200,"reason":"OK","latencyMs":308.3}
{"timestamp":1791632351438,"service":"control","requestId":"21bffb65-6d5c-485f-92ae-5d156871aaf9","method":"POST","result":200,"reason":"OK","latencyMs":296.42}
{"timestamp":1791632351474,"service":"control","requestId":"df265430-9e1c-41cf-a7d6-f455f55e86ae","method":"POST","result":200,"reason":"OK","latencyMs":303}
{"timestamp":1791632351498,"service":"control","requestId":"5717d0de-4e89-4809-9f1b-c408a15a6623","method":"POST","result":200,"reason":"OK","latencyMs":288.67}
{"timestamp":1791632351545,"service":"control","requestId":"7e5a7879-b9f8-4009-8cf1-aaf965144f3c","method":"POST","result":200,"reason":"OK","latencyMs":301.06}
{"timestamp":1791632351602,"service":"control","requestId":"fd0cee2d-8b61-4c58-8b49-5b95011c87f7","method":"POST","result":200,"reason":"OK","latencyMs":321.22}
{"timestamp":1791632351625,"service":"control","requestId":"06a0d94e-1090-48f7-bab0-5da979d0350e","method":"POST","result":200,"reason":"OK","latencyMs":308.57}
{"timestamp":1791632351655,"service":"control","requestId":"a3a857ea-e846-4bd1-86b3-2e115c3c311c","method":"POST","result":200,"reason":"OK","latencyMs":306.54}
{"timestamp":1791632351725,"service":"control","requestId":"5fc28d60-ee4e-49cd-8f5f-ff1d3e6f24d7","method":"POST","result":200,"reason":"OK","latencyMs":346.98}
{"timestamp":1791632351750,"service":"control","requestId":"24648b8e-68cc-4b73-9812-55cf79bad2b9","method":"POST","result":200,"reason":"OK","latencyMs":335.28}
{"timestamp":1791632351818,"service":"control","requestId":"0b663104-bfd7-40b7-8b3d-8db0705ff648","method":"POST","result":200,"reason":"OK","latencyMs":339.81}
{"timestamp":1791632351918,"service":"control","requestId":"ad5d0a0f-7372-4481-969d-b255e70f377d","method":"POST","result":200,"reason":"OK","latencyMs":428.14}
{"timestamp":1791632352018,"service":"control","requestId":"98342496-073e-4a64-8ad3-eb1e4ca59b6b","method":"POST","result":200,"reason":"OK","latencyMs":476.54}
{"timestamp":1791632352051,"service":"control","requestId":"8d6c69fc-e299-4463-95a0-1950598ac171","method":"POST","result":200,"reason":"OK","latencyMs":466.54}
{"timestamp":1791632352150,"service":"control","requestId":"35ca9a0b-d620-48dc-a78a-1a07b6decf19","method":"POST","result":200,"reason":"OK","latencyMs":527.27}
{"timestamp":1791632352181,"service":"control","requestId":"a88cb739-a850-447a-b632-b468db44da5d","method":"POST","result":200,"reason":"OK","latencyMs":525.49}
{"timestamp":1791632352221,"service":"control","requestId":"02a44d42-3c81-4452-85c9-3dab06b08fd7","method":"POST","result":200,"reason":"OK","latencyMs":529.04}
{"timestamp":1791632352242,"service":"control","requestId":"dd66baa3-8332-4818-924c-5cced30ae0c7","method":"POST","result":200,"reason":"OK","latencyMs":500.52}
{"timestamp":1791632352295,"service":"control","requestId":"59d7c9c5-77db-4547-98cb-d1e1331413a2","method":"POST","result":200,"reason":"OK","latencyMs":476.13}
{"timestamp":1791632352328,"service":"control","requestId":"e7b6c379-dd0d-4bd0-9469-075e98c266ac","method":"POST","result":200,"reason":"OK","latencyMs":422.77}
{"timestamp":1791632352382,"service":"control","requestId":"1ebba894-23b4-4890-9c34-e97db1e5d7df","method":"POST","result":200,"reason":"OK","latencyMs":437.94}
{"timestamp":1791632352424,"service":"control","requestId":"71395826-21a2-4112-888a-a6e12d89f758","method":"POST","result":200,"reason":"OK","latencyMs":398.06}
{"timestamp":1791632352471,"service":"control","requestId":"cc24c88a-3e25-41be-ad4e-d187ee884872","method":"POST","result":200,"reason":"OK","latencyMs":350.41}
{"timestamp":1791632352515,"service":"control","requestId":"6aa44889-642b-44c6-a629-d00ca0de0e5b","method":"POST","result":200,"reason":"OK","latencyMs":354.21}
{"timestamp":1791632352578,"service":"control","requestId":"d294907e-8aa7-48ae-9197-005c32d33032","method":"POST","result":200,"reason":"OK","latencyMs":391.95}
{"timestamp":1791632352640,"service":"control","requestId":"f98e8aea-67f6-48bd-8604-b6088076d036","method":"POST","result":200,"reason":"OK","latencyMs":405.9}
{"timestamp":1791632352676,"service":"control","requestId":"b2415447-305e-474c-9865-eb71dd9673ea","method":"POST","result":200,"reason":"OK","latencyMs":399.02}
{"timestamp":1791632352713,"service":"control","requestId":"cefe8254-511a-4519-a818-001dd244b8b9","method":"POST","result":200,"reason":"OK","latencyMs":389.69}
{"timestamp":1791632352756,"service":"control","requestId":"ccb6b879-66e4-40a6-beda-9e9c56abfa76","method":"POST","result":200,"reason":"OK","latencyMs":387.87}
{"timestamp":1791632352777,"service":"control","requestId":"972b8a52-0111-4acf-90c4-5215addfb243","method":"POST","result":200,"reason":"OK","latencyMs":359.77}
{"timestamp":1791632352816,"service":"control","requestId":"50836a1a-9fbf-4e6c-b14d-b7c16756d284","method":"POST","result":200,"reason":"OK","latencyMs":358.57}
{"timestamp":1791632352849,"service":"control","requestId":"bad4abc0-e4dc-42bb-a898-0dc997d319f8","method":"POST","result":200,"reason":"OK","latencyMs":336.53}
{"timestamp":1791632352885,"service":"control","requestId":"b59f4783-e689-4c07-b947-2f0d20b4cdda","method":"POST","result":200,"reason":"OK","latencyMs":323.36}
{"timestamp":1791632352919,"service":"control","requestId":"dc4790e9-1b15-4ec9-aa19-4a5aeb137250","method":"POST","result":200,"reason":"OK","latencyMs":309.71}
{"timestamp":1791632352968,"service":"control","requestId":"b8b246b6-c221-4997-a1e0-35c680ec2b13","method":"POST","result":200,"reason":"OK","latencyMs":316.25}
{"timestamp":1791632352986,"service":"control","requestId":"bf3559bb-d32d-4118-9094-64b419a089c1","method":"POST","result":200,"reason":"OK","latencyMs":305.88}
{"timestamp":1791632353018,"service":"control","requestId":"f090a398-c514-4816-9e5e-51d16f752887","method":"POST","result":200,"reason":"OK","latencyMs":300.05}
{"timestamp":1791632353070,"service":"control","requestId":"11fbb6eb-ec68-49eb-9d3b-93723c34330b","method":"POST","result":200,"reason":"OK","latencyMs":308.09}
{"timestamp":1791632353107,"service":"control","requestId":"b716aee7-cb71-480a-8ff8-8ea18cb545d2","method":"POST","result":200,"reason":"OK","latencyMs":304.82}
{"timestamp":1791632353151,"service":"control","requestId":"edcfd040-ba9e-47b7-8317-c6f1b37d6a60","method":"POST","result":200,"reason":"OK","latencyMs":313.47}
{"timestamp":1791632353172,"service":"control","requestId":"b6ad2077-3ca6-4a5d-b8d9-d62e3771f68c","method":"POST","result":200,"reason":"OK","latencyMs":298.51}
{"timestamp":1791632353219,"service":"control","requestId":"c9733da8-f876-495f-ac03-32d0f3758583","method":"POST","result":200,"reason":"OK","latencyMs":304.76}
{"timestamp":1791632353260,"service":"control","requestId":"0e702f5f-a093-4a35-a08f-de17a1f34276","method":"POST","result":200,"reason":"OK","latencyMs":318.11}
{"timestamp":1791632353293,"service":"control","requestId":"32f87df6-c1ae-4212-af91-0b024fabea92","method":"POST","result":200,"reason":"OK","latencyMs":310.33}
{"timestamp":1791632353326,"service":"control","requestId":"60caa0da-3da3-4c00-a7e2-fda8b67d9060","method":"POST","result":200,"reason":"OK","latencyMs":307.29}
{"timestamp":1791632353363,"service":"control","requestId":"b6692862-d02d-4e5d-a264-b9d33ceb3d8a","method":"POST","result":200,"reason":"OK","latencyMs":321.59}
{"timestamp":1791632353389,"service":"control","requestId":"0d23733e-0528-461c-bb68-565f4b77c7e4","method":"POST","result":200,"reason":"OK","latencyMs":307}
{"timestamp":1791632353432,"service":"control","requestId":"9813ff89-644b-4b2a-9771-c7e8c98b951e","method":"POST","result":200,"reason":"OK","latencyMs":311.62}
{"timestamp":1791632353480,"service":"control","requestId":"848a5d78-9476-40b2-8e20-d32a35c73c04","method":"POST","result":200,"reason":"OK","latencyMs":316.24}
{"timestamp":1791632353502,"service":"control","requestId":"734a41bd-86ae-4196-9e5e-4c2cc81d0a3c","method":"POST","result":200,"reason":"OK","latencyMs":298.3}
{"timestamp":1791632353545,"service":"control","requestId":"8576774f-2410-4c68-a93d-d90b62595e49","method":"POST","result":200,"reason":"OK","latencyMs":319.49}
{"timestamp":1791632353589,"service":"control","requestId":"bf178d9b-a459-44ed-b9eb-e145c089b1f5","method":"POST","result":200,"reason":"OK","latencyMs":322.41}
{"timestamp":1791632353641,"service":"control","requestId":"909e4153-5a24-47a2-94d5-77cf9228dc6c","method":"POST","result":200,"reason":"OK","latencyMs":341.75}
{"timestamp":1791632353680,"service":"control","requestId":"071ebf85-dbb2-4257-9864-7820b1eec459","method":"POST","result":200,"reason":"OK","latencyMs":348.73}
{"timestamp":1791632353771,"service":"control","requestId":"238b60ed-4d60-4292-9337-98b93e6d67c8","method":"POST","result":200,"reason":"OK","latencyMs":384.56}
{"timestamp":1791632353833,"service":"control","requestId":"2efccf92-9500-4706-99a6-7e8fde7e10d0","method":"POST","result":200,"reason":"OK","latencyMs":412.22}
{"timestamp":1791632353850,"service":"control","requestId":"f833ce87-7423-4132-b10d-5025b7c3eb0c","method":"POST","result":200,"reason":"OK","latencyMs":397.18}
{"timestamp":1791632353899,"service":"control","requestId":"d359a1b7-19d5-4d05-b4c6-563bcbe1f35a","method":"POST","result":200,"reason":"OK","latencyMs":410.78}
{"timestamp":1791632353918,"service":"control","requestId":"77a9edbc-18e9-4fb7-acb8-880e7ce452cb","method":"POST","result":200,"reason":"OK","latencyMs":379.83}
{"timestamp":1791632353950,"service":"control","requestId":"222a49ea-ce9c-45c5-9aa8-3fd5b12bd1de","method":"POST","result":200,"reason":"OK","latencyMs":365.62}
{"timestamp":1791632354001,"service":"control","requestId":"70bd15df-18bf-41d7-b6ae-c5ddd0d952c5","method":"POST","result":200,"reason":"OK","latencyMs":369.85}
{"timestamp":1791632354017,"service":"control","requestId":"6537db5c-3623-405b-8d96-395b5a1f8942","method":"POST","result":200,"reason":"OK","latencyMs":339.85}
{"timestamp":1791632354047,"service":"control","requestId":"735b3eeb-899d-4a56-8920-365054b54a13","method":"POST","result":200,"reason":"OK","latencyMs":321.46}
{"timestamp":1791632354083,"service":"control","requestId":"f8eadaa5-fae4-40d1-a3cc-288a5a2f0ac5","method":"POST","result":200,"reason":"OK","latencyMs":307.15}
{"timestamp":1791632354110,"service":"control","requestId":"10775d57-2529-4cd9-a223-c014a3f9c933","method":"POST","result":200,"reason":"OK","latencyMs":286.5}
{"timestamp":1791632354163,"service":"control","requestId":"d4910d38-80fb-4acb-8592-3250cb2fd03f","method":"POST","result":200,"reason":"OK","latencyMs":291.08}
{"timestamp":1791632354179,"service":"control","requestId":"ddd3c003-a48f-445b-8c0d-d19f8f38d48f","method":"POST","result":200,"reason":"OK","latencyMs":271.75}
{"timestamp":1791632354210,"service":"control","requestId":"7b5ca783-6225-4d42-8413-be9e87ebb034","method":"POST","result":200,"reason":"OK","latencyMs":261.62}
{"timestamp":1791632354242,"service":"control","requestId":"e763e3ff-878f-4bef-ae32-9100250f0fa0","method":"POST","result":200,"reason":"OK","latencyMs":265.29}
{"timestamp":1791632354270,"service":"control","requestId":"0ac69f2c-9222-40d2-b917-794a565bb861","method":"POST","result":200,"reason":"OK","latencyMs":257.96}
{"timestamp":1791632354301,"service":"control","requestId":"b8efd12d-8d51-4155-9c98-1b72313b7a80","method":"POST","result":200,"reason":"OK","latencyMs":256.15}
{"timestamp":1791632354337,"service":"control","requestId":"7a5665fd-c2b2-47e3-9b78-5aca28076f57","method":"POST","result":200,"reason":"OK","latencyMs":256.88}
{"timestamp":1791632354367,"service":"control","requestId":"2b9ba44a-204c-4c64-9878-011aea2d4b92","method":"POST","result":200,"reason":"OK","latencyMs":259.52}
{"timestamp":1791632354397,"service":"control","requestId":"aac03355-6b38-4117-a3cc-72209ea1b3fe","method":"POST","result":200,"reason":"OK","latencyMs":252.63}
{"timestamp":1791632354432,"service":"control","requestId":"725d6f55-0561-4636-80c2-2e4e06fb357b","method":"POST","result":200,"reason":"OK","latencyMs":234.99}
{"timestamp":1791632354495,"service":"control","requestId":"5db4e731-0bde-4608-9a6b-5e57aa6a50c3","method":"POST","result":200,"reason":"OK","latencyMs":268.12}
{"timestamp":1791632354537,"service":"control","requestId":"54d78954-50df-4a3b-9167-4ece91b24971","method":"POST","result":200,"reason":"OK","latencyMs":305.24}
{"timestamp":1791632354558,"service":"control","requestId":"52cdfec4-bfc4-48b3-8bfa-f8f01bb53db9","method":"POST","result":200,"reason":"OK","latencyMs":286.75}
{"timestamp":1791632354595,"service":"control","requestId":"c650edb2-73a0-4741-acc0-fefd565dc122","method":"POST","result":200,"reason":"OK","latencyMs":300.02}
{"timestamp":1791632354624,"service":"control","requestId":"dd1f092f-4361-4610-a8d6-2a25df110ed8","method":"POST","result":200,"reason":"OK","latencyMs":289.37}
{"timestamp":1791632354671,"service":"control","requestId":"ce0da213-32b0-4ac3-8bd2-e2c9b4eace3c","method":"POST","result":200,"reason":"OK","latencyMs":309.53}
{"timestamp":1791632354699,"service":"control","requestId":"e03962dd-f94e-4377-9ba2-ba041ec080c1","method":"POST","result":200,"reason":"OK","latencyMs":306.71}
{"timestamp":1791632354762,"service":"control","requestId":"fdf3c56c-74fc-4344-8c57-ae0a17555f87","method":"POST","result":200,"reason":"OK","latencyMs":342.93}
{"timestamp":1791632354804,"service":"control","requestId":"786d35ff-2ca2-4ba7-8fb9-95944803d21b","method":"POST","result":200,"reason":"OK","latencyMs":337.17}
{"timestamp":1791632354852,"service":"control","requestId":"afb065af-35c5-4665-a59c-9adab76b6dbd","method":"POST","result":200,"reason":"OK","latencyMs":350.7}
{"timestamp":1791632354905,"service":"control","requestId":"7cb5f892-4009-49cd-8bd7-1cd1b5b69397","method":"POST","result":200,"reason":"OK","latencyMs":361.62}
{"timestamp":1791632354953,"service":"control","requestId":"d1850be8-95da-4f3b-8f8d-af4d3ab569cc","method":"POST","result":200,"reason":"OK","latencyMs":370.03}
{"timestamp":1791632354993,"service":"control","requestId":"d2c41dc3-09f6-4a27-8907-1b14ea578c47","method":"POST","result":200,"reason":"OK","latencyMs":380.34}
{"timestamp":1791632355045,"service":"control","requestId":"56b0bca7-62ae-42dc-83d4-b941c153eaf0","method":"POST","result":200,"reason":"OK","latencyMs":394.08}
{"timestamp":1791632355108,"service":"control","requestId":"5cc847d7-08ed-4137-a6c0-c9139f5bb16c","method":"POST","result":200,"reason":"OK","latencyMs":431.87}
{"timestamp":1791632355175,"service":"control","requestId":"8169ed03-6c20-4ff3-bb7f-935be529b81e","method":"POST","result":200,"reason":"OK","latencyMs":428.09}
{"timestamp":1791632355191,"service":"control","requestId":"5db183a1-acbd-489d-a2d3-4410f23e8ddd","method":"POST","result":200,"reason":"OK","latencyMs":391.69}
{"timestamp":1791632355236,"service":"control","requestId":"38a634b5-69d9-452c-84fb-5b85cbbd4865","method":"POST","result":200,"reason":"OK","latencyMs":397.58}
{"timestamp":1791632355328,"service":"control","requestId":"f0563e06-d819-411b-99bc-2bc40dd9483e","method":"POST","result":200,"reason":"OK","latencyMs":440.4}
{"timestamp":1791632355433,"service":"control","requestId":"04d2b908-59b3-4210-aa96-d45b017d4834","method":"POST","result":200,"reason":"OK","latencyMs":489.85}
{"timestamp":1791632355455,"service":"control","requestId":"67f00059-a5df-4dae-a145-79ee61be2c3f","method":"POST","result":200,"reason":"OK","latencyMs":470.61}
{"timestamp":1791632355487,"service":"control","requestId":"ec67b19c-d550-400b-a0f9-314577afab2e","method":"POST","result":200,"reason":"OK","latencyMs":459.12}
{"timestamp":1791632355522,"service":"control","requestId":"b24ac20d-1f73-4381-a29e-d1814864e596","method":"POST","result":200,"reason":"OK","latencyMs":417.7}
{"timestamp":1791632355620,"service":"control","requestId":"56dca61c-da93-428e-9bc4-0c2b012a6729","method":"POST","result":200,"reason":"OK","latencyMs":483.77}
{"timestamp":1791632355721,"service":"control","requestId":"6fd6b951-c407-42e0-a969-94b10ee6aeac","method":"POST","result":200,"reason":"OK","latencyMs":542.18}
{"timestamp":1791632355772,"service":"control","requestId":"6906ae65-2bec-41b3-861a-f7cac2f60450","method":"POST","result":200,"reason":"OK","latencyMs":558.3}
{"timestamp":1791632355793,"service":"control","requestId":"cf6bea14-d9f2-44a0-b97f-ae6775a8bd23","method":"POST","result":200,"reason":"OK","latencyMs":487.03}
{"timestamp":1791632355832,"service":"control","requestId":"b04afab2-5f32-429f-b086-ad0e643d59f7","method":"POST","result":200,"reason":"OK","latencyMs":427.46}
{"timestamp":1791632355870,"service":"control","requestId":"04ea01d0-55da-4373-88ed-bb1dbacca45c","method":"POST","result":200,"reason":"OK","latencyMs":416.7}
{"timestamp":1791632355916,"service":"control","requestId":"f16557d8-f348-4d4b-aff2-3458b3819cd1","method":"POST","result":200,"reason":"OK","latencyMs":434.21}
{"timestamp":1791632355964,"service":"control","requestId":"defed7b4-5bd1-4d13-b89b-49d0b92ae417","method":"POST","result":200,"reason":"OK","latencyMs":450.04}
{"timestamp":1791632355980,"service":"control","requestId":"45ae84b2-523c-4552-ba9d-926f206ce724","method":"POST","result":200,"reason":"OK","latencyMs":389.44}
{"timestamp":1791632356012,"service":"control","requestId":"4fa7d658-7d8f-4a26-ac6b-6bede3d55c9a","method":"POST","result":200,"reason":"OK","latencyMs":303.73}
{"timestamp":1791632356069,"service":"control","requestId":"6604ac91-6951-44b8-9b34-8e5ab5e9324c","method":"POST","result":200,"reason":"OK","latencyMs":316.33}
{"timestamp":1791632356110,"service":"control","requestId":"72dfbf31-14b2-40d0-a258-5f89be7ecee3","method":"POST","result":200,"reason":"OK","latencyMs":315.85}
{"timestamp":1791632356143,"service":"control","requestId":"2765e820-ca59-4337-bda4-8993764d95c8","method":"POST","result":200,"reason":"OK","latencyMs":316.41}
{"timestamp":1791632356161,"service":"control","requestId":"d1c8e08c-7dcf-40e9-9d39-97812744666b","method":"POST","result":200,"reason":"OK","latencyMs":300.12}
{"timestamp":1791632356191,"service":"control","requestId":"8a418fd5-8471-4396-b8c8-fc500abbfc1b","method":"POST","result":200,"reason":"OK","latencyMs":286.46}
{"timestamp":1791632356239,"service":"control","requestId":"6dc4efb2-2154-4568-97ac-9ed5b74c75b0","method":"POST","result":200,"reason":"OK","latencyMs":291.79}
{"timestamp":1791632356294,"service":"control","requestId":"e1541765-e78c-4b1f-8b9e-e9882b00637d","method":"POST","result":200,"reason":"OK","latencyMs":319}
{"timestamp":1791632356341,"service":"control","requestId":"a5c3225f-892a-4b31-ae3b-d51636a42896","method":"POST","result":200,"reason":"OK","latencyMs":334.71}
{"timestamp":1791632356385,"service":"control","requestId":"9381ac5d-cdad-4003-bbac-3414b4519f8a","method":"POST","result":200,"reason":"OK","latencyMs":352.12}
{"timestamp":1791632356429,"service":"control","requestId":"b93a0e2e-a61c-483b-af6f-717ec90b938e","method":"POST","result":200,"reason":"OK","latencyMs":346.76}
{"timestamp":1791632356489,"service":"control","requestId":"d1b97a91-a39e-4d65-9ff5-d9983be8be4e","method":"POST","result":200,"reason":"OK","latencyMs":368.06}
{"timestamp":1791632356561,"service":"control","requestId":"0ee30556-70c6-4e27-940c-0b6691476670","method":"POST","result":200,"reason":"OK","latencyMs":413.11}
{"timestamp":1791632356612,"service":"control","requestId":"fb7bf992-9974-4cb1-8f7f-0a388517c7d3","method":"POST","result":200,"reason":"OK","latencyMs":429.16}
{"timestamp":1791632356662,"service":"control","requestId":"01cb430a-b765-4119-bf26-91f7ff368c54","method":"POST","result":200,"reason":"OK","latencyMs":450.03}
{"timestamp":1791632356698,"service":"control","requestId":"c0bb54c1-1c3d-4dba-ab04-78c127be1884","method":"POST","result":200,"reason":"OK","latencyMs":416.77}
{"timestamp":1791632356740,"service":"control","requestId":"4fa9c1a5-d404-40e7-885b-5f320c3a4194","method":"POST","result":200,"reason":"OK","latencyMs":405.95}
{"timestamp":1791632356768,"service":"control","requestId":"80256b5a-fa44-4da2-8cad-cf247473fe0e","method":"POST","result":200,"reason":"OK","latencyMs":390.27}
{"timestamp":1791632356818,"service":"control","requestId":"52e3297d-ebe2-4f36-98e9-1c9a54ce071f","method":"POST","result":200,"reason":"OK","latencyMs":386.44}
{"timestamp":1791632356849,"service":"control","requestId":"471896dc-58ca-4451-96d4-ed660ed9d43e","method":"POST","result":200,"reason":"OK","latencyMs":375.38}
{"timestamp":1791632356880,"service":"control","requestId":"00883e9e-308f-4593-97af-11ac92357496","method":"POST","result":200,"reason":"OK","latencyMs":340.24}
{"timestamp":1791632356918,"service":"control","requestId":"460965b3-455f-4786-9979-ca0f2bdf3608","method":"POST","result":200,"reason":"OK","latencyMs":329.36}
{"timestamp":1791632356957,"service":"control","requestId":"5c2fd543-cfca-4bc8-844d-7f7f6f563fb8","method":"POST","result":200,"reason":"OK","latencyMs":316.64}
{"timestamp":1791632357010,"service":"control","requestId":"066f8579-66e2-403b-9e26-40cc96b82597","method":"POST","result":200,"reason":"OK","latencyMs":340.08}
{"timestamp":1791632357029,"service":"control","requestId":"711ce18b-1bea-4fa0-80ab-b66aff78db5c","method":"POST","result":200,"reason":"OK","latencyMs":326.35}
{"timestamp":1791632357088,"service":"control","requestId":"d69626a6-6174-4226-b39d-9ed429be2cec","method":"POST","result":200,"reason":"OK","latencyMs":334.54}
{"timestamp":1791632357130,"service":"control","requestId":"fa97145c-44fd-4d3c-809f-aed83311b0a7","method":"POST","result":200,"reason":"OK","latencyMs":332.5}
{"timestamp":1791632357156,"service":"control","requestId":"b909903b-0ff7-444a-b6a2-e94f935ebd8b","method":"POST","result":200,"reason":"OK","latencyMs":333.37}
{"timestamp":1791632357189,"service":"control","requestId":"127fe243-edb0-4db2-98b0-eb5a3b1c4bcb","method":"POST","result":200,"reason":"OK","latencyMs":335.42}
{"timestamp":1791632357221,"service":"control","requestId":"c19ac549-4191-4386-84eb-e761396788bc","method":"POST","result":200,"reason":"OK","latencyMs":335.41}
{"timestamp":1791632357266,"service":"control","requestId":"5f10fb22-b0ba-4277-8476-09b19d1f87ad","method":"POST","result":200,"reason":"OK","latencyMs":332.97}
{"timestamp":1791632357297,"service":"control","requestId":"f60e2588-95b6-4852-9ee8-b3e6ab4f00a0","method":"POST","result":200,"reason":"OK","latencyMs":310.63}
{"timestamp":1791632357333,"service":"control","requestId":"24bb5645-457d-4656-a9c6-84bb4bf0f205","method":"POST","result":200,"reason":"OK","latencyMs":309.57}
{"timestamp":1791632357366,"service":"control","requestId":"374e6db3-1591-4cd2-aa76-a12c795b12d0","method":"POST","result":200,"reason":"OK","latencyMs":310.38}
{"timestamp":1791632357399,"service":"control","requestId":"8a067c95-a740-4ccd-b1f1-0cd5bf056c60","method":"POST","result":200,"reason":"OK","latencyMs":295.69}
{"timestamp":1791632357435,"service":"control","requestId":"946177e9-fe64-432d-905f-7e8c5f574ae9","method":"POST","result":200,"reason":"OK","latencyMs":292.15}
{"timestamp":1791632357473,"service":"control","requestId":"fa6ef8fe-1b71-4c6a-b1b6-e92b16a7b899","method":"POST","result":200,"reason":"OK","latencyMs":286.62}
{"timestamp":1791632357499,"service":"control","requestId":"5603faa5-3416-432e-a92a-87198b9337e3","method":"POST","result":200,"reason":"OK","latencyMs":281.52}
{"timestamp":1791632357532,"service":"control","requestId":"772b6352-5b94-4007-81a8-ff40f2d1caa4","method":"POST","result":200,"reason":"OK","latencyMs":285.92}
{"timestamp":1791632357592,"service":"control","requestId":"e30f6115-2d5e-4c97-9059-5fcf9b2b66fe","method":"POST","result":200,"reason":"OK","latencyMs":321.04}
{"timestamp":1791632357641,"service":"control","requestId":"884092b9-dbd0-47d0-9782-779083d7be66","method":"POST","result":200,"reason":"OK","latencyMs":332.48}
{"timestamp":1791632357694,"service":"control","requestId":"0daa0c2c-b942-4b49-bcbc-1db72386751b","method":"POST","result":200,"reason":"OK","latencyMs":355.88}
{"timestamp":1791632357761,"service":"control","requestId":"8b455a36-70ff-4830-91b5-b2e1dff8b490","method":"POST","result":200,"reason":"OK","latencyMs":389.43}
{"timestamp":1791632357817,"service":"control","requestId":"16081ac2-1e22-4f27-85d2-473ddfb926e8","method":"POST","result":200,"reason":"OK","latencyMs":412.41}
{"timestamp":1791632357876,"service":"control","requestId":"98af36ea-bbd0-44a8-ada7-2d649eff1ded","method":"POST","result":200,"reason":"OK","latencyMs":435.07}
{"timestamp":1791632357913,"service":"control","requestId":"eccc5962-0d1b-4121-91ac-c07ef316fa95","method":"POST","result":200,"reason":"OK","latencyMs":428.22}
{"timestamp":1791632357964,"service":"control","requestId":"b8afa298-f9e3-4a52-9cd6-4bebba9264dc","method":"POST","result":200,"reason":"OK","latencyMs":434.67}
{"timestamp":1791632358043,"service":"control","requestId":"e00edc45-6b69-4457-9eb6-e3347a41cd75","method":"POST","result":200,"reason":"OK","latencyMs":454.48}
{"timestamp":1791632358078,"service":"control","requestId":"0ace6d75-5749-4eb8-87ce-8c1f0060a8b2","method":"POST","result":200,"reason":"OK","latencyMs":440.48}
{"timestamp":1791632358110,"service":"control","requestId":"f0f31cfd-17ca-4d63-9a50-cbf38dca947d","method":"POST","result":200,"reason":"OK","latencyMs":430.62}
{"timestamp":1791632358127,"service":"control","requestId":"2bbc644f-3653-4126-8b90-ef9c2d1bac5a","method":"POST","result":200,"reason":"OK","latencyMs":386.29}
{"timestamp":1791632358177,"service":"control","requestId":"5478adf9-4914-4278-879b-880400af3602","method":"POST","result":200,"reason":"OK","latencyMs":375.89}
{"timestamp":1791632358216,"service":"control","requestId":"54421379-1ce4-4223-98c9-21b597d17ead","method":"POST","result":200,"reason":"OK","latencyMs":355.76}
{"timestamp":1791632358252,"service":"control","requestId":"a31517e5-f944-41ca-86ee-31d8e4ba5b1c","method":"POST","result":200,"reason":"OK","latencyMs":345.26}
{"timestamp":1791632358277,"service":"control","requestId":"15ff29c0-ebf5-4636-a494-029d045c1350","method":"POST","result":200,"reason":"OK","latencyMs":324.78}
{"timestamp":1791632358309,"service":"control","requestId":"ab2637ae-c986-4edf-a91d-9376354bc41b","method":"POST","result":200,"reason":"OK","latencyMs":298.37}
{"timestamp":1791632358354,"service":"control","requestId":"16572092-a8f7-4ea1-b970-f0d83133d25f","method":"POST","result":200,"reason":"OK","latencyMs":306.85}
{"timestamp":1791632358404,"service":"control","requestId":"843e2698-e8ba-45c7-85e7-1672a018cf4b","method":"POST","result":200,"reason":"OK","latencyMs":320.28}
{"timestamp":1791632358453,"service":"control","requestId":"32479273-7d0f-4462-834a-e5912613de7c","method":"POST","result":200,"reason":"OK","latencyMs":338.39}
{"timestamp":1791632358472,"service":"control","requestId":"a4e1f553-92f4-40dd-8cc1-14a7d440ee08","method":"POST","result":200,"reason":"OK","latencyMs":324.51}
{"timestamp":1791632358539,"service":"control","requestId":"b9adcf13-11c2-49cb-b7af-8a5e6676dc05","method":"POST","result":200,"reason":"OK","latencyMs":352.36}
{"timestamp":1791632358575,"service":"control","requestId":"f7da16d5-8aa4-47c9-ac4f-0e6ce3d5bb3e","method":"POST","result":200,"reason":"OK","latencyMs":353.65}
{"timestamp":1791632358620,"service":"control","requestId":"b02b9828-aef8-4473-958c-337000b47e53","method":"POST","result":200,"reason":"OK","latencyMs":363.18}
{"timestamp":1791632358641,"service":"control","requestId":"848ff1e6-0565-4a93-b275-b899e22450d0","method":"POST","result":200,"reason":"OK","latencyMs":331.04}
{"timestamp":1791632358687,"service":"control","requestId":"e7bce0a0-2eee-4538-8d5a-2339b1be6481","method":"POST","result":200,"reason":"OK","latencyMs":304.87}
{"timestamp":1791632358745,"service":"control","requestId":"54febc86-ed79-41dc-a9ae-8e5e337b7a6a","method":"POST","result":200,"reason":"OK","latencyMs":348.73}
{"timestamp":1791632358776,"service":"control","requestId":"8954ac92-aaa2-41ac-821b-99b6d7ebde5d","method":"POST","result":200,"reason":"OK","latencyMs":341.93}
{"timestamp":1791632358813,"service":"control","requestId":"301d12ba-2e63-471b-8b85-97bc3f790673","method":"POST","result":200,"reason":"OK","latencyMs":344.61}
{"timestamp":1791632358850,"service":"control","requestId":"c31c8111-da89-4088-a99e-16754c4b87de","method":"POST","result":200,"reason":"OK","latencyMs":338.02}
{"timestamp":1791632358880,"service":"control","requestId":"fc2240a8-73d2-46da-9f89-468119f91c9c","method":"POST","result":200,"reason":"OK","latencyMs":333.02}
{"timestamp":1791632358900,"service":"control","requestId":"6932dbf7-56f1-425c-8d65-b108ea3ca8c7","method":"POST","result":200,"reason":"OK","latencyMs":312.66}
{"timestamp":1791632358956,"service":"control","requestId":"4774eded-9961-4b1b-b301-51bf7e82fab1","method":"POST","result":200,"reason":"OK","latencyMs":328.84}
{"timestamp":1791632359017,"service":"control","requestId":"072be536-bf60-4d81-8603-08ada6bd9f29","method":"POST","result":200,"reason":"OK","latencyMs":345.17}
{"timestamp":1791632359075,"service":"control","requestId":"8929499e-3a5c-49ac-bfef-66f929a6a823","method":"POST","result":200,"reason":"OK","latencyMs":352.99}
{"timestamp":1791632359125,"service":"control","requestId":"f60e1f62-61f4-40a3-ba9f-ac578dff01fc","method":"POST","result":200,"reason":"OK","latencyMs":374.66}
{"timestamp":1791632359176,"service":"control","requestId":"ed8ab209-4b2e-4fb6-b5b7-31ef9985d7b1","method":"POST","result":200,"reason":"OK","latencyMs":387.65}
{"timestamp":1791632359229,"service":"control","requestId":"ddd40bfc-f4b0-438f-a727-fa65be53a953","method":"POST","result":200,"reason":"OK","latencyMs":412.01}
{"timestamp":1791632359294,"service":"control","requestId":"1c84c532-4d67-43ff-8a28-abe119646e79","method":"POST","result":200,"reason":"OK","latencyMs":439.96}
{"timestamp":1791632359353,"service":"control","requestId":"c3deb7d5-9f31-49f8-b835-1cbf5f7d41f1","method":"POST","result":200,"reason":"OK","latencyMs":468.96}
{"timestamp":1791632359370,"service":"control","requestId":"3db54b9e-d964-418e-a5fd-04be0ec4ed59","method":"POST","result":200,"reason":"OK","latencyMs":429.13}
{"timestamp":1791632359403,"service":"control","requestId":"47938e35-d3f5-4292-91bc-9e662e4be653","method":"POST","result":200,"reason":"OK","latencyMs":401.25}
{"timestamp":1791632359453,"service":"control","requestId":"e4da4a7e-3477-4407-88fc-50ffc87501f0","method":"POST","result":200,"reason":"OK","latencyMs":385.06}
{"timestamp":1791632359486,"service":"control","requestId":"469d496a-5ebc-40ce-9086-c5151b7239c7","method":"POST","result":200,"reason":"OK","latencyMs":377.44}
{"timestamp":1791632359555,"service":"control","requestId":"b537f97f-08b0-4d48-baf9-433ae48583a9","method":"POST","result":200,"reason":"OK","latencyMs":393.56}
{"timestamp":1791632359605,"service":"control","requestId":"cffea23a-47b7-4a25-bd5b-36a7ac152d3d","method":"POST","result":200,"reason":"OK","latencyMs":383.11}
{"timestamp":1791632359624,"service":"control","requestId":"48c92932-cd4e-495f-a739-515ae6bb2d93","method":"POST","result":200,"reason":"OK","latencyMs":345.74}
{"timestamp":1791632359660,"service":"control","requestId":"c13d1dd5-f5c8-4056-b99b-148f98d837f9","method":"POST","result":200,"reason":"OK","latencyMs":329.54}
{"timestamp":1791632359712,"service":"control","requestId":"106c4fe4-dae6-4cda-b562-31fe3a243f34","method":"POST","result":200,"reason":"OK","latencyMs":352.44}
{"timestamp":1791632359784,"service":"control","requestId":"314d73a6-50c8-4691-b716-923bb3e99543","method":"POST","result":200,"reason":"OK","latencyMs":386.03}
{"timestamp":1791632359818,"service":"control","requestId":"e2035e04-aa07-48e3-80bc-9252661eb207","method":"POST","result":200,"reason":"OK","latencyMs":395.96}
{"timestamp":1791632359836,"service":"control","requestId":"61553427-9d99-4223-822d-354846fb788c","method":"POST","result":200,"reason":"OK","latencyMs":367.97}
{"timestamp":1791632359878,"service":"control","requestId":"b8e72659-1388-4ac1-a04a-f50895a3d8d9","method":"POST","result":200,"reason":"OK","latencyMs":361.53}
{"timestamp":1791632359939,"service":"control","requestId":"a1af1d8b-b118-493f-aee7-f1832a9d5523","method":"POST","result":200,"reason":"OK","latencyMs":376.17}
{"timestamp":1791632360019,"service":"control","requestId":"fb6b7493-f79d-472d-a275-2156a5ee88ad","method":"POST","result":200,"reason":"OK","latencyMs":407.85}
{"timestamp":1791632360043,"service":"control","requestId":"db448ded-1d00-4ed7-8322-49d4e835e464","method":"POST","result":200,"reason":"OK","latencyMs":396.1}
{"timestamp":1791632360108,"service":"control","requestId":"c6e2a95b-9c56-4672-84fb-4e8d2aa5f6c4","method":"POST","result":200,"reason":"OK","latencyMs":409.33}
{"timestamp":1791632360146,"service":"control","requestId":"9e0d2b60-2a82-4e6d-81d2-8da53cf127a5","method":"POST","result":200,"reason":"OK","latencyMs":403.9}
{"timestamp":1791632360196,"service":"control","requestId":"2fbd772e-eb00-479a-9c19-89ed003fcac6","method":"POST","result":200,"reason":"OK","latencyMs":400.51}
{"timestamp":1791632360213,"service":"control","requestId":"020cca2f-0489-4207-bcf7-3a95d68a4ff2","method":"POST","result":200,"reason":"OK","latencyMs":380.03}
{"timestamp":1791632360247,"service":"control","requestId":"88b6f041-6406-465d-a32a-84a7ca0bd2e5","method":"POST","result":200,"reason":"OK","latencyMs":373.24}
{"timestamp":1791632360310,"service":"control","requestId":"659deaaf-0f4c-47b3-b9b3-3951870c444f","method":"POST","result":200,"reason":"OK","latencyMs":385.07}
{"timestamp":1791632360346,"service":"control","requestId":"89799a6f-54aa-46d4-b786-a0d1caf0b1ba","method":"POST","result":200,"reason":"OK","latencyMs":369.25}
{"timestamp":1791632360383,"service":"control","requestId":"0097d7d7-ec06-4354-b540-915961504835","method":"POST","result":200,"reason":"OK","latencyMs":356.8}
{"timestamp":1791632360445,"service":"control","requestId":"f261b642-ae57-4ab3-bc2f-a2af4eb7ee05","method":"POST","result":200,"reason":"OK","latencyMs":369.64}
{"timestamp":1791632360489,"service":"control","requestId":"5e7237e9-0462-4e03-af80-99c7d683ad13","method":"POST","result":200,"reason":"OK","latencyMs":375.04}
{"timestamp":1791632360538,"service":"control","requestId":"4cc67cf6-bf2f-49db-a54c-aa0c6e76693c","method":"POST","result":200,"reason":"OK","latencyMs":375.36}
{"timestamp":1791632360581,"service":"control","requestId":"4e866f02-a6ca-462b-934b-373d6083f43b","method":"POST","result":200,"reason":"OK","latencyMs":379.76}
{"timestamp":1791632360636,"service":"control","requestId":"fbefc86c-1583-497e-b9d4-b46216fb1856","method":"POST","result":200,"reason":"OK","latencyMs":403.59}
{"timestamp":1791632360679,"service":"control","requestId":"5c102294-ad5f-4074-ba72-0b897e993fcd","method":"POST","result":200,"reason":"OK","latencyMs":403.04}
{"timestamp":1791632360721,"service":"control","requestId":"bbfe4c35-40bd-44e7-b48a-a04379ba44b0","method":"POST","result":200,"reason":"OK","latencyMs":385.23}
{"timestamp":1791632360793,"service":"control","requestId":"45bbf7a7-5546-40e5-a9fc-39e228e30400","method":"POST","result":200,"reason":"OK","latencyMs":422.74}
{"timestamp":1791632360828,"service":"control","requestId":"561639e8-7224-4d61-b7a7-a10105074faf","method":"POST","result":200,"reason":"OK","latencyMs":405.76}
{"timestamp":1791632360861,"service":"control","requestId":"f82645dd-fcec-42c5-8743-90a3c484a09b","method":"POST","result":200,"reason":"OK","latencyMs":385.64}
{"timestamp":1791632360893,"service":"control","requestId":"20aa7590-7042-4ccc-8a3c-e8a80d409087","method":"POST","result":200,"reason":"OK","latencyMs":374.3}
{"timestamp":1791632360931,"service":"control","requestId":"42a02b5b-200a-4b6e-8c54-539a81abeea3","method":"POST","result":200,"reason":"OK","latencyMs":354.21}
{"timestamp":1791632360968,"service":"control","requestId":"768630c5-f5ad-4da7-8f79-1b989857bc22","method":"POST","result":200,"reason":"OK","latencyMs":346.5}
{"timestamp":1791632361003,"service":"control","requestId":"48aa94e6-f3cb-4546-bf7e-b9af1e91ea86","method":"POST","result":200,"reason":"OK","latencyMs":332.67}
{"timestamp":1791632361035,"service":"control","requestId":"f92acfde-784a-4ac1-bf34-2ac2c1b1908e","method":"POST","result":200,"reason":"OK","latencyMs":324.87}
{"timestamp":1791632361052,"service":"control","requestId":"62ef44bc-f2e9-4d14-9b7f-7e464f33694c","method":"POST","result":200,"reason":"OK","latencyMs":280.47}
{"timestamp":1791632361089,"service":"control","requestId":"8d35ee9b-f72f-4e49-b095-07f5f3fa8407","method":"POST","result":200,"reason":"OK","latencyMs":291.38}
{"timestamp":1791632361133,"service":"control","requestId":"fca19897-6138-49cd-8bb4-77e5018a307b","method":"POST","result":200,"reason":"OK","latencyMs":300.33}
{"timestamp":1791632361149,"service":"control","requestId":"1c01750e-920b-486c-a757-19d16892cc00","method":"POST","result":200,"reason":"OK","latencyMs":281.75}
{"timestamp":1791632361182,"service":"control","requestId":"e6989005-0c60-449a-8c24-4f99e9de7b83","method":"POST","result":200,"reason":"OK","latencyMs":271.84}
{"timestamp":1791632361223,"service":"control","requestId":"2471be04-7717-42dc-acb9-5a2ffa2e7c2d","method":"POST","result":200,"reason":"OK","latencyMs":287.55}
{"timestamp":1791632361259,"service":"control","requestId":"8d02081c-6b53-412d-823b-dc99ab54a001","method":"POST","result":200,"reason":"OK","latencyMs":279.52}
{"timestamp":1791632361276,"service":"control","requestId":"6faca75f-d94e-416a-b087-f4c3cd2046b7","method":"POST","result":200,"reason":"OK","latencyMs":268.71}
{"timestamp":1791632361306,"service":"control","requestId":"c0c0497c-c8f6-4fca-87a6-a25b57e44074","method":"POST","result":200,"reason":"OK","latencyMs":265.72}
{"timestamp":1791632361342,"service":"control","requestId":"3e0b92fc-1fa8-4863-a5ae-168ae75e944f","method":"POST","result":200,"reason":"OK","latencyMs":264.11}
{"timestamp":1791632361380,"service":"control","requestId":"e3f74dce-d400-4ccd-a6ac-b5bf75af8c48","method":"POST","result":200,"reason":"OK","latencyMs":263.5}
{"timestamp":1791632361434,"service":"control","requestId":"9eecbeb2-a8ca-44df-a48b-f9af22a035b1","method":"POST","result":200,"reason":"OK","latencyMs":291.33}
{"timestamp":1791632361454,"service":"control","requestId":"afd961c5-db38-4037-a434-4a5c3a74811c","method":"POST","result":200,"reason":"OK","latencyMs":275.16}
{"timestamp":1791632361487,"service":"control","requestId":"57215930-dc53-4de1-813b-d58cf1579fd4","method":"POST","result":200,"reason":"OK","latencyMs":278.75}
{"timestamp":1791632361532,"service":"control","requestId":"8993ce03-8af0-4096-a45f-d58b4b4aaaff","method":"POST","result":200,"reason":"OK","latencyMs":298.69}
{"timestamp":1791632361562,"service":"control","requestId":"9b8c9665-a627-40c2-b698-097d8b671041","method":"POST","result":200,"reason":"OK","latencyMs":297.1}
{"timestamp":1791632361584,"service":"control","requestId":"60fb8661-bde2-4e6e-9050-74aa338d9e73","method":"POST","result":200,"reason":"OK","latencyMs":284.76}
{"timestamp":1791632361638,"service":"control","requestId":"5dbde27c-54b3-4b86-8cc2-fea83f1f0d8c","method":"POST","result":200,"reason":"OK","latencyMs":306.66}
{"timestamp":1791632361676,"service":"control","requestId":"e7cdd220-1302-466b-ba8f-13e45dff76e6","method":"POST","result":200,"reason":"OK","latencyMs":307.18}
{"timestamp":1791632361727,"service":"control","requestId":"67581240-b92f-4722-99cc-471537ca9892","method":"POST","result":200,"reason":"OK","latencyMs":321.49}
{"timestamp":1791632361769,"service":"control","requestId":"8eed469e-5df1-4a97-aafb-5da8171f4fb1","method":"POST","result":200,"reason":"OK","latencyMs":322.47}
{"timestamp":1791632361839,"service":"control","requestId":"3d01aca7-5c01-4fe3-a68b-299f3e30cc83","method":"POST","result":200,"reason":"OK","latencyMs":364.93}
{"timestamp":1791632361899,"service":"control","requestId":"c59fa40e-4a9b-4ac4-aea9-75c8379c56cc","method":"POST","result":200,"reason":"OK","latencyMs":386.48}
{"timestamp":1791632361938,"service":"control","requestId":"d51af597-afdf-4840-98e3-df1d198a630b","method":"POST","result":200,"reason":"OK","latencyMs":401.97}
{"timestamp":1791632362007,"service":"control","requestId":"507b02dd-c2f0-4d49-9d4b-a6c75874d457","method":"POST","result":200,"reason":"OK","latencyMs":435.1}
{"timestamp":1791632362045,"service":"control","requestId":"c7d0d7fa-4534-45ed-9221-baee3f0637b8","method":"POST","result":200,"reason":"OK","latencyMs":424.82}
{"timestamp":1791632362087,"service":"control","requestId":"0bef69f0-cadd-45c4-9c0c-a3d56955950e","method":"POST","result":200,"reason":"OK","latencyMs":419.25}
{"timestamp":1791632362120,"service":"control","requestId":"c3dce2ce-d124-4046-8fd8-ea02f29b9828","method":"POST","result":200,"reason":"OK","latencyMs":406.03}
{"timestamp":1791632362161,"service":"control","requestId":"fa976793-4d4f-4f7b-ae35-0dfd56c3079e","method":"POST","result":200,"reason":"OK","latencyMs":400.1}
{"timestamp":1791632362213,"service":"control","requestId":"58965d5b-3059-41aa-86e2-18377d994a2b","method":"POST","result":200,"reason":"OK","latencyMs":388.37}
{"timestamp":1791632362259,"service":"control","requestId":"a60a4a69-fae4-4cef-982d-3596f9bbfeda","method":"POST","result":200,"reason":"OK","latencyMs":374.49}
{"timestamp":1791632362292,"service":"control","requestId":"2cbd49f4-828a-4128-8164-f9869a3a5e68","method":"POST","result":200,"reason":"OK","latencyMs":367.49}
{"timestamp":1791632362321,"service":"control","requestId":"ec052233-78c1-4ffb-abbc-b5063a3b7139","method":"POST","result":200,"reason":"OK","latencyMs":344.03}
{"timestamp":1791632362339,"service":"control","requestId":"e7cbb569-3672-4983-9ec2-8bdcebb784e9","method":"POST","result":200,"reason":"OK","latencyMs":299.68}
{"timestamp":1791632362368,"service":"control","requestId":"2e272834-c980-4dcd-bd79-150d99a5201f","method":"POST","result":200,"reason":"OK","latencyMs":295.29}
{"timestamp":1791632362418,"service":"control","requestId":"487f6b57-cfa0-4a93-92a5-20ae6930fcef","method":"POST","result":200,"reason":"OK","latencyMs":304.75}
{"timestamp":1791632362475,"service":"control","requestId":"436ea867-295e-41af-8ef1-501b681907b5","method":"POST","result":200,"reason":"OK","latencyMs":327.42}
{"timestamp":1791632362492,"service":"control","requestId":"2448bddf-e0bb-41c9-a88f-153617ccda8c","method":"POST","result":200,"reason":"OK","latencyMs":312.62}
{"timestamp":1791632362543,"service":"control","requestId":"df601bb6-d404-4965-bca0-6466a6c31a98","method":"POST","result":200,"reason":"OK","latencyMs":317.63}
{"timestamp":1791632362575,"service":"control","requestId":"277240fb-0293-44ff-87b8-2a2b1b5c2069","method":"POST","result":200,"reason":"OK","latencyMs":310.26}
{"timestamp":1791632362611,"service":"control","requestId":"14d20c34-0329-4769-b0cd-921853f6cf33","method":"POST","result":200,"reason":"OK","latencyMs":314.78}
{"timestamp":1791632362628,"service":"control","requestId":"494006a5-64b5-45f0-a543-63450045d8a5","method":"POST","result":200,"reason":"OK","latencyMs":294.5}
{"timestamp":1791632362661,"service":"control","requestId":"f384a6a0-1b1b-4e1a-8857-736c35253f93","method":"POST","result":200,"reason":"OK","latencyMs":295.89}
{"timestamp":1791632362707,"service":"control","requestId":"591cd0d4-b90b-44d3-b829-13c71b29bcb6","method":"POST","result":200,"reason":"OK","latencyMs":304.76}
{"timestamp":1791632362740,"service":"control","requestId":"7e3b1f7a-3490-4891-bff5-c4e6a2885418","method":"POST","result":200,"reason":"OK","latencyMs":259.87}
{"timestamp":1791632362763,"service":"control","requestId":"b4d4c81b-b7f6-44c4-886b-62b5ce898093","method":"POST","result":200,"reason":"OK","latencyMs":246.63}
{"timestamp":1791632362814,"service":"control","requestId":"58609814-6ad9-4b5b-87d2-14435887109f","method":"POST","result":200,"reason":"OK","latencyMs":266.13}
{"timestamp":1791632362844,"service":"control","requestId":"eccfc12f-267f-4303-a295-fcb6c802b962","method":"POST","result":200,"reason":"OK","latencyMs":286.36}
{"timestamp":1791632362861,"service":"control","requestId":"ec7492fc-4585-4e67-bf3c-10b0cb5caa10","method":"POST","result":200,"reason":"OK","latencyMs":274.26}
{"timestamp":1791632362900,"service":"control","requestId":"81c37c2b-192e-416b-9b2d-1f7ddf6b1264","method":"POST","result":200,"reason":"OK","latencyMs":284.92}
{"timestamp":1791632362949,"service":"control","requestId":"2569c907-3b4d-4fdf-a260-e2d0dd20a7eb","method":"POST","result":200,"reason":"OK","latencyMs":302.61}
{"timestamp":1791632362998,"service":"control","requestId":"45636ec5-5c7f-44ea-af30-bbac7e0c1060","method":"POST","result":200,"reason":"OK","latencyMs":315.8}
{"timestamp":1791632363041,"service":"control","requestId":"cdb6add6-ea34-4f1a-9639-d198b241c3e4","method":"POST","result":200,"reason":"OK","latencyMs":329.1}
{"timestamp":1791632363083,"service":"control","requestId":"6a309883-d5da-463c-b9a7-372aa4822dce","method":"POST","result":200,"reason":"OK","latencyMs":333.13}
{"timestamp":1791632363139,"service":"control","requestId":"ae346ff7-c507-4b63-905d-6a23d9d70818","method":"POST","result":200,"reason":"OK","latencyMs":351.65}
{"timestamp":1791632363175,"service":"control","requestId":"372ce6e0-1884-4095-97a1-43246599bf9b","method":"POST","result":200,"reason":"OK","latencyMs":357.01}
{"timestamp":1791632363229,"service":"control","requestId":"922053e8-202a-4121-9eda-372bb5fd7c82","method":"POST","result":200,"reason":"OK","latencyMs":381.22}
{"timestamp":1791632363260,"service":"control","requestId":"102a5e58-aa89-4903-ac93-021e0938eed3","method":"POST","result":200,"reason":"OK","latencyMs":371.61}
{"timestamp":1791632363278,"service":"control","requestId":"a73482b7-045d-4043-b1fe-dfdd62ec91f4","method":"POST","result":200,"reason":"OK","latencyMs":337.4}
{"timestamp":1791632363321,"service":"control","requestId":"85fcaeb9-f9b9-4efe-ac90-1a1bacf1aac1","method":"POST","result":200,"reason":"OK","latencyMs":340.96}
{"timestamp":1791632363368,"service":"control","requestId":"14aff92e-3056-4623-8e2e-73da85d4b481","method":"POST","result":200,"reason":"OK","latencyMs":334.06}
{"timestamp":1791632363397,"service":"control","requestId":"c21a2b46-f45c-439d-abfc-8e76fafa9004","method":"POST","result":200,"reason":"OK","latencyMs":324.77}
{"timestamp":1791632363425,"service":"control","requestId":"03926557-4f8a-49fc-a9fe-a3ccbc605cdb","method":"POST","result":200,"reason":"OK","latencyMs":298.97}
{"timestamp":1791632363456,"service":"control","requestId":"dee9e8ee-64f2-4522-9bd7-19161c426558","method":"POST","result":200,"reason":"OK","latencyMs":287.15}
{"timestamp":1791632363494,"service":"control","requestId":"c618359a-a30a-436b-a761-37090cdb0f15","method":"POST","result":200,"reason":"OK","latencyMs":281.86}
{"timestamp":1791632363511,"service":"control","requestId":"39fce4e3-6a11-4b73-b9fd-b479fc1c6077","method":"POST","result":200,"reason":"OK","latencyMs":269.17}
{"timestamp":1791632363544,"service":"control","requestId":"b2b2319a-b78f-4f72-ac9f-0701ccfdd3f4","method":"POST","result":200,"reason":"OK","latencyMs":279.46}
{"timestamp":1791632363591,"service":"control","requestId":"36d7195d-bea2-4efb-bcfc-1006361336bf","method":"POST","result":200,"reason":"OK","latencyMs":281.38}
{"timestamp":1791632363607,"service":"control","requestId":"aa9c25ec-439c-4e75-ae71-777b7e36ee1d","method":"POST","result":200,"reason":"OK","latencyMs":263.6}
{"timestamp":1791632363654,"service":"control","requestId":"6b9c2297-b68f-4e2a-8b83-12c34dce14e7","method":"POST","result":200,"reason":"OK","latencyMs":281.72}
{"timestamp":1791632363671,"service":"control","requestId":"e62b7af5-4edd-4fb6-b403-0cbbc2457c34","method":"POST","result":200,"reason":"OK","latencyMs":269.78}
{"timestamp":1791632363719,"service":"control","requestId":"ea012a10-c4c6-4b84-bf31-9d2f23ab8b07","method":"POST","result":200,"reason":"OK","latencyMs":289.49}
{"timestamp":1791632363739,"service":"control","requestId":"bb6cb331-23e3-41f7-bab7-30bfe8d7bf75","method":"POST","result":200,"reason":"OK","latencyMs":271.75}
{"timestamp":1791632363768,"service":"control","requestId":"f1da1f54-0b1c-4927-be2e-3ba8f42b6059","method":"POST","result":200,"reason":"OK","latencyMs":261.81}
{"timestamp":1791632363821,"service":"control","requestId":"9c9c98c4-dc75-42e9-8902-2aa1f375e84c","method":"POST","result":200,"reason":"OK","latencyMs":282.55}
{"timestamp":1791632363849,"service":"control","requestId":"4a6ba235-4531-4572-b1c0-d313f0715e37","method":"POST","result":200,"reason":"OK","latencyMs":276.53}
{"timestamp":1791632363866,"service":"control","requestId":"33048b18-39fe-4620-8967-e921b3d9294a","method":"POST","result":200,"reason":"OK","latencyMs":265.62}
{"timestamp":1791632363895,"service":"control","requestId":"ddde2630-f950-48ef-ac80-3b2120d30c86","method":"POST","result":200,"reason":"OK","latencyMs":266.24}
{"timestamp":1791632363938,"service":"control","requestId":"9236b6ba-76f9-43ac-86eb-b108dcca8d8a","method":"POST","result":200,"reason":"OK","latencyMs":273.77}
{"timestamp":1791632363973,"service":"control","requestId":"45041f05-a7d1-4ca6-a46a-bc61d2bde11d","method":"POST","result":200,"reason":"OK","latencyMs":275.95}
{"timestamp":1791632363990,"service":"control","requestId":"188765c6-188a-40f6-ab7a-6d3d17801fe1","method":"POST","result":200,"reason":"OK","latencyMs":265.16}
{"timestamp":1791632364031,"service":"control","requestId":"36b08887-9e23-47aa-83a2-393db187a193","method":"POST","result":200,"reason":"OK","latencyMs":272.15}
{"timestamp":1791632364074,"service":"control","requestId":"bf7cc205-b6db-4d77-8fb9-53b333113826","method":"POST","result":200,"reason":"OK","latencyMs":279.05}
{"timestamp":1791632364118,"service":"control","requestId":"90ecb56c-2492-488a-ae38-0f6f91ea8b35","method":"POST","result":200,"reason":"OK","latencyMs":292.9}
{"timestamp":1791632364169,"service":"control","requestId":"7d09b093-0133-48b5-9eb0-e52eab136a0e","method":"POST","result":200,"reason":"OK","latencyMs":307.7}
{"timestamp":1791632364208,"service":"control","requestId":"7f436247-32e4-4aa6-bc19-634bfbb8f96d","method":"POST","result":200,"reason":"OK","latencyMs":317.31}
{"timestamp":1791632364249,"service":"control","requestId":"f5be01cb-2638-437a-bea9-16927d04b1f5","method":"POST","result":200,"reason":"OK","latencyMs":335.78}
{"timestamp":1791632364298,"service":"control","requestId":"0f487f56-8dc0-43fc-bbae-3c655902b866","method":"POST","result":200,"reason":"OK","latencyMs":349.98}
{"timestamp":1791632364360,"service":"control","requestId":"58bd4943-38d5-4afd-aa12-d491d7a0647d","method":"POST","result":200,"reason":"OK","latencyMs":382.2}
{"timestamp":1791632364390,"service":"control","requestId":"5c9644a9-b478-44ed-9090-838e143716f3","method":"POST","result":200,"reason":"OK","latencyMs":365.77}
{"timestamp":1791632364418,"service":"control","requestId":"892fcf3f-1fe4-4192-b7fa-2cb9ca343c43","method":"POST","result":200,"reason":"OK","latencyMs":357.33}
{"timestamp":1791632364455,"service":"control","requestId":"065ce0c6-1aed-4ab8-84bf-d5ec4b8adb1c","method":"POST","result":200,"reason":"OK","latencyMs":348.72}
{"timestamp":1791632364485,"service":"control","requestId":"9aca45cc-c649-4061-aa02-5322fe180cf7","method":"POST","result":200,"reason":"OK","latencyMs":329.73}
{"timestamp":1791632364520,"service":"control","requestId":"2b52c4fe-56e3-43b4-b8a6-b245a64ea6f2","method":"POST","result":200,"reason":"OK","latencyMs":326.72}
{"timestamp":1791632364567,"service":"control","requestId":"94a1bf97-9047-4b4d-b2ee-65c84da56aac","method":"POST","result":200,"reason":"OK","latencyMs":322.35}
{"timestamp":1791632364595,"service":"control","requestId":"ec0bed52-9ce8-4f51-bd31-ac96ad243cea","method":"POST","result":200,"reason":"OK","latencyMs":316.79}
{"timestamp":1791632364615,"service":"control","requestId":"99c4fc96-a960-47a7-a232-18600de9c3bf","method":"POST","result":200,"reason":"OK","latencyMs":274.72}
{"timestamp":1791632364674,"service":"control","requestId":"bd6e1d3e-7b0c-4270-a9ba-ed101b019abb","method":"POST","result":200,"reason":"OK","latencyMs":308.54}
{"timestamp":1791632364692,"service":"control","requestId":"8db8d6ec-452b-41b3-849e-5457e2a8df38","method":"POST","result":200,"reason":"OK","latencyMs":297.37}
{"timestamp":1791632364726,"service":"control","requestId":"ae328041-11d3-43fd-87c1-3d2a4c16c85d","method":"POST","result":200,"reason":"OK","latencyMs":303.27}
{"timestamp":1791632364763,"service":"control","requestId":"f8f846b2-6de9-48aa-9d65-e2d94acfdfd7","method":"POST","result":200,"reason":"OK","latencyMs":292.86}
{"timestamp":1791632364797,"service":"control","requestId":"378417de-245e-4d99-85d8-dad718592542","method":"POST","result":200,"reason":"OK","latencyMs":288.47}
{"timestamp":1791632364840,"service":"control","requestId":"bae026c2-1811-4c08-83ee-a19d0aeeef36","method":"POST","result":200,"reason":"OK","latencyMs":292.62}
{"timestamp":1791632364903,"service":"control","requestId":"562302c9-115f-413c-beec-cbf1a40f5956","method":"POST","result":200,"reason":"OK","latencyMs":331.66}
{"timestamp":1791632364938,"service":"control","requestId":"1023eb22-5971-451d-ab6a-362ce64205fa","method":"POST","result":200,"reason":"OK","latencyMs":337.38}
{"timestamp":1791632364955,"service":"control","requestId":"19496af0-e8c2-4e10-82df-ddcd70535958","method":"POST","result":200,"reason":"OK","latencyMs":311.22}
{"timestamp":1791632365008,"service":"control","requestId":"c8f5973e-db7d-424c-bc12-f53e7df7a8cb","method":"POST","result":200,"reason":"OK","latencyMs":319.02}
{"timestamp":1791632365040,"service":"control","requestId":"b8e50a5f-3caa-45c2-a907-180ce71339ea","method":"POST","result":200,"reason":"OK","latencyMs":313.23}
{"timestamp":1791632365079,"service":"control","requestId":"5cc4df0a-7fc3-4f8f-a5bb-69c7a69855b1","method":"POST","result":200,"reason":"OK","latencyMs":327.33}
{"timestamp":1791632365110,"service":"control","requestId":"dd9dbccf-bc52-439c-8ac8-1ab527af50a7","method":"POST","result":200,"reason":"OK","latencyMs":324.73}
{"timestamp":1791632365143,"service":"control","requestId":"6f114af2-2f25-4af1-a44d-94de99afbed1","method":"POST","result":200,"reason":"OK","latencyMs":308.16}
{"timestamp":1791632365188,"service":"control","requestId":"82e19da1-c2f7-4fb1-9255-3806c85e01b2","method":"POST","result":200,"reason":"OK","latencyMs":310.34}
{"timestamp":1791632365227,"service":"control","requestId":"3b9f733d-f5c0-4e28-8b89-14546f3ce643","method":"POST","result":200,"reason":"OK","latencyMs":317.23}
{"timestamp":1791632365263,"service":"control","requestId":"d0c199d5-6058-42a7-bbc8-671e7eb931b2","method":"POST","result":200,"reason":"OK","latencyMs":318.54}
{"timestamp":1791632365309,"service":"control","requestId":"dda531cd-a9e8-46e2-b5b0-ca1c6a63a89f","method":"POST","result":200,"reason":"OK","latencyMs":314.87}
{"timestamp":1791632365389,"service":"control","requestId":"95ff0ff7-3939-4817-9753-6916b30fb0c8","method":"POST","result":200,"reason":"OK","latencyMs":355.07}
{"timestamp":1791632365436,"service":"control","requestId":"8e18cfd8-796b-46ed-9193-28b1979ddd98","method":"POST","result":200,"reason":"OK","latencyMs":370.7}
{"timestamp":1791632365484,"service":"control","requestId":"6ce39a7a-8261-4057-b6d5-c9e0d281821e","method":"POST","result":200,"reason":"OK","latencyMs":388.7}
{"timestamp":1791632365533,"service":"control","requestId":"dbc69378-853f-4101-aa8b-fed49a739bd3","method":"POST","result":200,"reason":"OK","latencyMs":403.07}
{"timestamp":1791632365584,"service":"control","requestId":"ee39a51a-902f-4278-80d3-6de1f798a8e8","method":"POST","result":200,"reason":"OK","latencyMs":403.86}
{"timestamp":1791632365642,"service":"control","requestId":"6792d312-03e6-400f-9529-43a6d15eab24","method":"POST","result":200,"reason":"OK","latencyMs":428.96}
{"timestamp":1791632365673,"service":"control","requestId":"47e9f086-a0a7-4b6e-bc5d-300e4e5c506d","method":"POST","result":200,"reason":"OK","latencyMs":409.62}
{"timestamp":1791632365691,"service":"control","requestId":"ba735cc5-f60e-4415-87af-465c2f94ac7c","method":"POST","result":200,"reason":"OK","latencyMs":389.03}
{"timestamp":1791632365732,"service":"control","requestId":"3aaa94c7-03f4-47dc-a3df-0f45d2300de2","method":"POST","result":200,"reason":"OK","latencyMs":360.56}
{"timestamp":1791632365789,"service":"control","requestId":"e4c61161-cbd7-48da-99af-7bf3ac43c9d5","method":"POST","result":200,"reason":"OK","latencyMs":365.68}
{"timestamp":1791632365820,"service":"control","requestId":"54a02dbd-e691-4407-99a9-fd1649df9d7e","method":"POST","result":200,"reason":"OK","latencyMs":350.72}
{"timestamp":1791632365853,"service":"control","requestId":"eefea875-81f2-4356-8500-e5d021826331","method":"POST","result":200,"reason":"OK","latencyMs":332.92}
{"timestamp":1791632365896,"service":"control","requestId":"eba6608b-dc96-47d0-8e6c-6b886c5aea32","method":"POST","result":200,"reason":"OK","latencyMs":329.27}
{"timestamp":1791632365918,"service":"control","requestId":"d29bc70f-0338-4c75-baad-c266eb3f0e90","method":"POST","result":200,"reason":"OK","latencyMs":298.47}
{"timestamp":1791632365958,"service":"control","requestId":"1cfa9581-209e-471b-bae9-ad8010def2da","method":"POST","result":200,"reason":"OK","latencyMs":311.16}
{"timestamp":1791632366012,"service":"control","requestId":"6ff4a9bb-2ca0-44f7-85b1-b902c2277ac4","method":"POST","result":200,"reason":"OK","latencyMs":334.05}
{"timestamp":1791632366050,"service":"control","requestId":"603072d8-4739-41ba-9db9-aeac0c87cee3","method":"POST","result":200,"reason":"OK","latencyMs":335.22}
{"timestamp":1791632366094,"service":"control","requestId":"1a405936-5d20-4f59-98d6-b8ba7ec479a6","method":"POST","result":200,"reason":"OK","latencyMs":331.66}
{"timestamp":1791632366117,"service":"control","requestId":"2c038941-7121-4646-8155-f55145150116","method":"POST","result":200,"reason":"OK","latencyMs":323.4}
{"timestamp":1791632366159,"service":"control","requestId":"2f1826dd-edbc-4765-b713-b7a5a890aff3","method":"POST","result":200,"reason":"OK","latencyMs":334.67}
{"timestamp":1791632366207,"service":"control","requestId":"03842498-331a-49c8-83a6-a47a3fb25416","method":"POST","result":200,"reason":"OK","latencyMs":346.41}
{"timestamp":1791632366248,"service":"control","requestId":"68cbb618-23cf-4491-8b56-678d20118160","method":"POST","result":200,"reason":"OK","latencyMs":347.03}
{"timestamp":1791632366279,"service":"control","requestId":"70d570cd-9786-421e-aff6-182f309b601e","method":"POST","result":200,"reason":"OK","latencyMs":336.05}
{"timestamp":1791632366350,"service":"control","requestId":"396bc983-edd9-47a7-98b1-dc60b088b6a8","method":"POST","result":200,"reason":"OK","latencyMs":360.99}
{"timestamp":1791632366390,"service":"control","requestId":"b335ca6a-e3a0-422e-8c7f-5de22562f100","method":"POST","result":200,"reason":"OK","latencyMs":369.67}
{"timestamp":1791632366423,"service":"control","requestId":"6e5c711c-0f80-49c1-9b96-7075f6633a39","method":"POST","result":200,"reason":"OK","latencyMs":359.33}
{"timestamp":1791632366443,"service":"control","requestId":"52459204-af35-4520-9d3b-d4bc9211abf1","method":"POST","result":200,"reason":"OK","latencyMs":343.2}
{"timestamp":1791632366491,"service":"control","requestId":"6072c728-c92a-4c12-bf73-5a46717a373f","method":"POST","result":200,"reason":"OK","latencyMs":338.36}
{"timestamp":1791632366534,"service":"control","requestId":"cb7a152b-18e8-41c6-83c6-63a259d96bea","method":"POST","result":200,"reason":"OK","latencyMs":345.85}
{"timestamp":1791632366553,"service":"control","requestId":"222922d5-9b09-4623-92c0-3f21bf1f58d6","method":"POST","result":200,"reason":"OK","latencyMs":335.33}
{"timestamp":1791632366598,"service":"control","requestId":"77aadd10-6e65-46da-98f9-e6a3023ae399","method":"POST","result":200,"reason":"OK","latencyMs":344.75}
{"timestamp":1791632366649,"service":"control","requestId":"adc420bc-ec30-433e-a7f1-fdb9c330ee23","method":"POST","result":200,"reason":"OK","latencyMs":366.12}
{"timestamp":1791632366705,"service":"control","requestId":"e38654c0-ae39-4bfd-9509-f9082aa10e05","method":"POST","result":200,"reason":"OK","latencyMs":349.62}
{"timestamp":1791632366749,"service":"control","requestId":"ae280bd6-ec02-4045-92b2-f3dd5f729645","method":"POST","result":200,"reason":"OK","latencyMs":353.82}
{"timestamp":1791632366800,"service":"control","requestId":"e620bbd6-3ada-4796-ab9d-dbf45c69b0b2","method":"POST","result":200,"reason":"OK","latencyMs":372.04}
{"timestamp":1791632366846,"service":"control","requestId":"329f9f0f-5834-46a7-9ad5-f419bb422be8","method":"POST","result":200,"reason":"OK","latencyMs":378.5}
{"timestamp":1791632366898,"service":"control","requestId":"f7ab6b08-0883-4f5d-8a3e-0e497e535f04","method":"POST","result":200,"reason":"OK","latencyMs":394.42}
{"timestamp":1791632366968,"service":"control","requestId":"28ba9cd6-a943-4d9a-9f09-14e97af9e906","method":"POST","result":200,"reason":"OK","latencyMs":429.31}
{"timestamp":1791632367000,"service":"control","requestId":"2c6ba64c-c631-41a9-a171-2e40c6896513","method":"POST","result":200,"reason":"OK","latencyMs":415.75}
{"timestamp":1791632367031,"service":"control","requestId":"54764921-058a-4e59-af27-a84b4b610883","method":"POST","result":200,"reason":"OK","latencyMs":401.03}
{"timestamp":1791632367054,"service":"control","requestId":"ce43dd7c-a9fc-43c3-87df-ca442868801b","method":"POST","result":200,"reason":"OK","latencyMs":366.37}
{"timestamp":1791632367106,"service":"control","requestId":"9b30dcce-6c8e-4760-8fbf-0a322bf4787a","method":"POST","result":200,"reason":"OK","latencyMs":365.22}
{"timestamp":1791632367138,"service":"control","requestId":"ff585c4d-8d77-4362-86f4-b3577c7a5540","method":"POST","result":200,"reason":"OK","latencyMs":354.62}
{"timestamp":1791632367158,"service":"control","requestId":"4a1d1ea5-8c0b-4199-8ff8-aff26d498265","method":"POST","result":200,"reason":"OK","latencyMs":321.05}
{"timestamp":1791632367195,"service":"control","requestId":"12d4d328-4a4d-40d8-962e-a71d292a345c","method":"POST","result":200,"reason":"OK","latencyMs":312.75}
{"timestamp":1791632367231,"service":"control","requestId":"2febc4f7-c03f-4082-afe4-699f2243077d","method":"POST","result":200,"reason":"OK","latencyMs":295.25}
{"timestamp":1791632367270,"service":"control","requestId":"34e52d9d-82b7-4f45-85bf-50e323241cf8","method":"POST","result":200,"reason":"OK","latencyMs":297.98}
{"timestamp":1791632367312,"service":"control","requestId":"94f7566e-6745-45d4-b420-e0fe71675841","method":"POST","result":200,"reason":"OK","latencyMs":307.71}
{"timestamp":1791632367360,"service":"control","requestId":"adafe342-2757-4dd4-ae34-6128a327fe5f","method":"POST","result":200,"reason":"OK","latencyMs":313.71}
{"timestamp":1791632367393,"service":"control","requestId":"18e195c3-eb45-47b9-b160-236bb1bd0d96","method":"POST","result":200,"reason":"OK","latencyMs":315.81}
{"timestamp":1791632367436,"service":"control","requestId":"d4480936-881d-4701-8183-866af8a6f8f2","method":"POST","result":200,"reason":"OK","latencyMs":325.61}
{"timestamp":1791632367473,"service":"control","requestId":"85a2c6ae-0e47-4652-84be-9b29d50ca127","method":"POST","result":200,"reason":"OK","latencyMs":329.16}
{"timestamp":1791632367522,"service":"control","requestId":"53927dfc-1a31-4758-9f09-db753111103c","method":"POST","result":200,"reason":"OK","latencyMs":338.32}
{"timestamp":1791632367572,"service":"control","requestId":"51e20718-5ea1-486e-b962-c66d6dfc851f","method":"POST","result":200,"reason":"OK","latencyMs":355.33}
{"timestamp":1791632367609,"service":"control","requestId":"01692855-1c9d-4b90-a86a-f7ae9916d200","method":"POST","result":200,"reason":"OK","latencyMs":351.14}
{"timestamp":1791632367644,"service":"control","requestId":"fb02f7a9-fd14-414c-8159-c19fbccbdce0","method":"POST","result":200,"reason":"OK","latencyMs":347.18}
{"timestamp":1791632367680,"service":"control","requestId":"9099e840-352e-4c13-bfbf-281043b34857","method":"POST","result":200,"reason":"OK","latencyMs":333.75}
{"timestamp":1791632367697,"service":"control","requestId":"225c5111-005d-4113-af70-2b62f0e45e6d","method":"POST","result":200,"reason":"OK","latencyMs":314.45}
{"timestamp":1791632367730,"service":"control","requestId":"ac62bca6-6fc2-45b2-a0a3-b231f7f7715c","method":"POST","result":200,"reason":"OK","latencyMs":307.47}
{"timestamp":1791632367768,"service":"control","requestId":"31fb40bf-7848-4020-944c-5d3ffe0a78c5","method":"POST","result":200,"reason":"OK","latencyMs":307.82}
{"timestamp":1791632367808,"service":"control","requestId":"d32be7f1-9c86-4757-aefe-7d917076e3a4","method":"POST","result":200,"reason":"OK","latencyMs":303.4}
{"timestamp":1791632367850,"service":"control","requestId":"4660a849-a3c4-4786-8084-a65822d3eda1","method":"POST","result":200,"reason":"OK","latencyMs":304.49}
{"timestamp":1791632367893,"service":"control","requestId":"38e73d3b-98fa-40ad-a547-3ba1c9edebb4","method":"POST","result":200,"reason":"OK","latencyMs":315.89}
{"timestamp":1791632367930,"service":"control","requestId":"46e94af6-feee-4303-9557-dde5b0cebf86","method":"POST","result":200,"reason":"OK","latencyMs":315.54}
{"timestamp":1791632367977,"service":"control","requestId":"e2022290-435b-4c75-993e-3da4115f819f","method":"POST","result":200,"reason":"OK","latencyMs":324.35}
{"timestamp":1791632368026,"service":"control","requestId":"4010abe2-c005-4361-b161-da9ec797b4cc","method":"POST","result":200,"reason":"OK","latencyMs":342.22}
{"timestamp":1791632368071,"service":"control","requestId":"ae1e6e2d-0f6d-40d1-bb0b-ec62494e3628","method":"POST","result":200,"reason":"OK","latencyMs":353.04}
{"timestamp":1791632368113,"service":"control","requestId":"5a99f3b0-df86-4a01-bff9-bad908c1fe94","method":"POST","result":200,"reason":"OK","latencyMs":361.81}
{"timestamp":1791632368173,"service":"control","requestId":"3e0be0a2-ba93-4472-a3b5-cd3cac88ddfc","method":"POST","result":200,"reason":"OK","latencyMs":378.94}
{"timestamp":1791632368211,"service":"control","requestId":"95314057-c75a-4188-9701-f3ccf422aa1c","method":"POST","result":200,"reason":"OK","latencyMs":373.84}
{"timestamp":1791632368257,"service":"control","requestId":"9bede7d5-50d4-4954-9316-20d91325262a","method":"POST","result":200,"reason":"OK","latencyMs":378.48}
{"timestamp":1791632368277,"service":"control","requestId":"c384415b-8390-486f-b74b-be17ec4fcf64","method":"POST","result":200,"reason":"OK","latencyMs":352.97}
{"timestamp":1791632368339,"service":"control","requestId":"c1bf648a-ac71-4c64-a11d-def3794a057b","method":"POST","result":200,"reason":"OK","latencyMs":376.42}
{"timestamp":1791632368364,"service":"control","requestId":"e084b246-b581-4c2a-be64-12ccf5ad4a10","method":"POST","result":200,"reason":"OK","latencyMs":351.53}
{"timestamp":1791632368422,"service":"control","requestId":"fe8ea376-d347-459f-834f-d7de65e90447","method":"POST","result":200,"reason":"OK","latencyMs":370.93}
{"timestamp":1791632368443,"service":"control","requestId":"38f3504a-df6b-44cc-9440-93243988712d","method":"POST","result":200,"reason":"OK","latencyMs":338.58}
{"timestamp":1791632368514,"service":"control","requestId":"2d91514a-7fd5-4c6c-85f4-93ee47fcfec2","method":"POST","result":200,"reason":"OK","latencyMs":361.41}
{"timestamp":1791632368535,"service":"control","requestId":"e4cf0bb1-ccb9-48aa-b509-882e5ee4fdce","method":"POST","result":200,"reason":"OK","latencyMs":335.45}
{"timestamp":1791632368578,"service":"control","requestId":"c943eaba-127b-4602-aeab-d1de0757c257","method":"POST","result":200,"reason":"OK","latencyMs":348.7}
{"timestamp":1791632368616,"service":"control","requestId":"0e941a87-25b6-4e65-92bf-abb1f3136d5c","method":"POST","result":200,"reason":"OK","latencyMs":343.5}
{"timestamp":1791632368656,"service":"control","requestId":"da789e25-5749-4703-b889-90bffc2ea28f","method":"POST","result":200,"reason":"OK","latencyMs":347.07}
{"timestamp":1791632368690,"service":"control","requestId":"198e9a7e-5506-46b0-b36c-225ce7bd1881","method":"POST","result":200,"reason":"OK","latencyMs":346.65}
{"timestamp":1791632368723,"service":"control","requestId":"a49a9b4b-bd8e-4a23-a0eb-16744f976dbc","method":"POST","result":200,"reason":"OK","latencyMs":334.77}
{"timestamp":1791632368759,"service":"control","requestId":"04d1cd97-a38a-4eb1-9bb6-150e5ae1f794","method":"POST","result":200,"reason":"OK","latencyMs":330.65}
{"timestamp":1791632368800,"service":"control","requestId":"f0899d29-2e5d-42cc-a312-6dc5a6ae342b","method":"POST","result":200,"reason":"OK","latencyMs":325.17}
{"timestamp":1791632368839,"service":"control","requestId":"0c573652-4e6f-47f3-be89-622317059218","method":"POST","result":200,"reason":"OK","latencyMs":318.72}
{"timestamp":1791632368898,"service":"control","requestId":"68d91e4d-d711-4612-a38b-9246b68798f8","method":"POST","result":200,"reason":"OK","latencyMs":334.74}
{"timestamp":1791632368930,"service":"control","requestId":"3dd52f31-e78b-4fe5-a041-ea58f3126a57","method":"POST","result":200,"reason":"OK","latencyMs":327.28}
{"timestamp":1791632368953,"service":"control","requestId":"e4d5f295-6410-4b2c-9020-c67c4bbe67ed","method":"POST","result":200,"reason":"OK","latencyMs":311.75}
{"timestamp":1791632369004,"service":"control","requestId":"f05c3a6e-b3fc-4ff9-9104-25197fbcc441","method":"POST","result":200,"reason":"OK","latencyMs":325.88}
{"timestamp":1791632369036,"service":"control","requestId":"7283ebc0-27ee-4902-85a0-3584d7aea1ee","method":"POST","result":200,"reason":"OK","latencyMs":316.27}
{"timestamp":1791632369068,"service":"control","requestId":"f0b273e5-c9c8-4594-bed3-dba28eb26e35","method":"POST","result":200,"reason":"OK","latencyMs":315.93}
{"timestamp":1791632369089,"service":"control","requestId":"0b861a9c-3178-45de-84d8-34168de06370","method":"POST","result":200,"reason":"OK","latencyMs":303.87}
{"timestamp":1791632369124,"service":"control","requestId":"1a326ec7-2599-4045-a660-bd8c524185e8","method":"POST","result":200,"reason":"OK","latencyMs":299.6}
{"timestamp":1791632369168,"service":"control","requestId":"dfb4f421-5a94-47aa-955c-d655a0c31b18","method":"POST","result":200,"reason":"OK","latencyMs":300.47}
{"timestamp":1791632369217,"service":"control","requestId":"7f37f4b0-823d-4b14-a30b-92e9eba21510","method":"POST","result":200,"reason":"OK","latencyMs":314.47}
{"timestamp":1791632369266,"service":"control","requestId":"94efb6ac-d93f-4c2f-8712-ed9ea6e4d6ed","method":"POST","result":200,"reason":"OK","latencyMs":324}
{"timestamp":1791632369313,"service":"control","requestId":"55c81c9c-5df2-4d53-91ab-819072cf8fb7","method":"POST","result":200,"reason":"OK","latencyMs":339.78}
{"timestamp":1791632369349,"service":"control","requestId":"648a41f2-26f2-489d-8982-d7ac5b8b01b0","method":"POST","result":200,"reason":"OK","latencyMs":341.55}
{"timestamp":1791632369400,"service":"control","requestId":"464c53a6-d04b-40d0-bb45-76817a6e890f","method":"POST","result":200,"reason":"OK","latencyMs":359.26}
{"timestamp":1791632369443,"service":"control","requestId":"976c2fa6-1cd7-4cff-a82e-c3f69261ed63","method":"POST","result":200,"reason":"OK","latencyMs":360}
{"timestamp":1791632369489,"service":"control","requestId":"b1b9d94a-4932-42ba-b6b0-c6211bd261c3","method":"POST","result":200,"reason":"OK","latencyMs":381.6}
{"timestamp":1791632369569,"service":"control","requestId":"5e012ebe-01f6-48e0-899a-67a4f0b4918f","method":"POST","result":200,"reason":"OK","latencyMs":413.23}
{"timestamp":1791632369603,"service":"control","requestId":"8a422028-02d9-4275-98d9-ef069c2023bc","method":"POST","result":200,"reason":"OK","latencyMs":402.09}
{"timestamp":1791632369637,"service":"control","requestId":"d166d3ab-d05c-434c-8116-641ba0355d3c","method":"POST","result":200,"reason":"OK","latencyMs":385.82}
{"timestamp":1791632369668,"service":"control","requestId":"4a180343-b32c-4bb9-a821-0027a1ecdfad","method":"POST","result":200,"reason":"OK","latencyMs":373.64}
{"timestamp":1791632369698,"service":"control","requestId":"8df49ee7-af64-40a0-963b-bdaa21f639fc","method":"POST","result":200,"reason":"OK","latencyMs":355.32}
{"timestamp":1791632369734,"service":"control","requestId":"8e062d81-1b04-4415-b7f2-8ef010ce98e6","method":"POST","result":200,"reason":"OK","latencyMs":352.17}
{"timestamp":1791632369768,"service":"control","requestId":"431e25cb-b24d-404c-b1e9-fb93c022ff46","method":"POST","result":200,"reason":"OK","latencyMs":339.23}
{"timestamp":1791632369788,"service":"control","requestId":"e4bf2300-d46c-4382-a5c6-6f63b53fceb4","method":"POST","result":200,"reason":"OK","latencyMs":302.41}
{"timestamp":1791632369855,"service":"control","requestId":"6a59bab8-b247-45d9-9652-0dc35842b4a5","method":"POST","result":200,"reason":"OK","latencyMs":337.08}
{"timestamp":1791632369895,"service":"control","requestId":"05ce750f-6374-442d-818a-e98ea0e217a3","method":"POST","result":200,"reason":"OK","latencyMs":321.19}
{"timestamp":1791632369929,"service":"control","requestId":"7d144014-9801-41d8-a827-9c33a1e89dbf","method":"POST","result":200,"reason":"OK","latencyMs":320.64}
{"timestamp":1791632369963,"service":"control","requestId":"4c6d50cc-a571-4328-a49b-3ab74634bcbf","method":"POST","result":200,"reason":"OK","latencyMs":321.39}
{"timestamp":1791632369982,"service":"control","requestId":"69704b41-d478-4b56-9548-0aba17801cba","method":"POST","result":200,"reason":"OK","latencyMs":309.49}
{"timestamp":1791632370037,"service":"control","requestId":"271bc9a7-e796-4d61-81c4-ef1bb20b4c70","method":"POST","result":200,"reason":"OK","latencyMs":328.16}
{"timestamp":1791632370056,"service":"control","requestId":"d8c9fba4-844c-4168-b4f8-da4c2a4e0c56","method":"POST","result":200,"reason":"OK","latencyMs":318.5}
{"timestamp":1791632370096,"service":"control","requestId":"a2912fad-43fa-4534-a746-2604da8ee59d","method":"POST","result":200,"reason":"OK","latencyMs":286.99}
{"timestamp":1791632370154,"service":"control","requestId":"9d9775df-07b3-4636-a4ac-73416d838e5d","method":"POST","result":200,"reason":"OK","latencyMs":328.43}
{"timestamp":1791632370195,"service":"control","requestId":"9ceef229-3fa1-4a80-86ea-7bb8f5817448","method":"POST","result":200,"reason":"OK","latencyMs":321.8}
{"timestamp":1791632370214,"service":"control","requestId":"975b18ff-d6cf-4065-b73d-6a0fc7a7e5ee","method":"POST","result":200,"reason":"OK","latencyMs":305.51}
{"timestamp":1791632370262,"service":"control","requestId":"a0211f63-c7b8-4a51-aa0e-e6b6c81cff8b","method":"POST","result":200,"reason":"OK","latencyMs":328.79}
{"timestamp":1791632370297,"service":"control","requestId":"8eab1553-829a-4e1a-8b67-b4c3d30338f3","method":"POST","result":200,"reason":"OK","latencyMs":329.22}
{"timestamp":1791632370322,"service":"control","requestId":"f0d26265-65dc-4ff9-8a19-8d1fafb40e05","method":"POST","result":200,"reason":"OK","latencyMs":313.8}
{"timestamp":1791632370359,"service":"control","requestId":"a17a5943-8a6c-4144-90b7-f19a1ceee46a","method":"POST","result":200,"reason":"OK","latencyMs":310.01}
{"timestamp":1791632370404,"service":"control","requestId":"a5139a29-0d78-4810-95e5-51178d6b7b18","method":"POST","result":200,"reason":"OK","latencyMs":323.24}
{"timestamp":1791632370448,"service":"control","requestId":"0be35d56-97fb-4318-8f46-571b4d81f164","method":"POST","result":200,"reason":"OK","latencyMs":329.52}
{"timestamp":1791632370493,"service":"control","requestId":"02719f07-c4c3-40f5-928b-e71fa8a1e239","method":"POST","result":200,"reason":"OK","latencyMs":319.25}
{"timestamp":1791632370541,"service":"control","requestId":"9d324c50-d849-4354-bbc2-7ccae1408527","method":"POST","result":200,"reason":"OK","latencyMs":341.4}
{"timestamp":1791632370591,"service":"control","requestId":"3140add1-1b39-4702-9939-4b7a6acc0087","method":"POST","result":200,"reason":"OK","latencyMs":356.36}
{"timestamp":1791632370630,"service":"control","requestId":"75c2f263-4170-4e14-8073-c8ce855e8fba","method":"POST","result":200,"reason":"OK","latencyMs":362.16}
{"timestamp":1791632370682,"service":"control","requestId":"dfd0b38a-9818-47d7-8876-653736bbc1ea","method":"POST","result":200,"reason":"OK","latencyMs":368.26}
{"timestamp":1791632370729,"service":"control","requestId":"54d2afc0-a137-4080-a3ad-4f0538715a45","method":"POST","result":200,"reason":"OK","latencyMs":346.72}
{"timestamp":1791632370794,"service":"control","requestId":"cfdacf7b-ea4b-493a-a886-9b6c2ccdc004","method":"POST","result":200,"reason":"OK","latencyMs":410.08}
{"timestamp":1791632370823,"service":"control","requestId":"26d52bcf-e86d-43fc-b98b-c89e729380a5","method":"POST","result":200,"reason":"OK","latencyMs":386.22}
{"timestamp":1791632370862,"service":"control","requestId":"77dc4338-2172-4ba2-a9d2-7dc5a2360d25","method":"POST","result":200,"reason":"OK","latencyMs":384.56}
{"timestamp":1791632370906,"service":"control","requestId":"9ecb2c8c-1a07-464a-b968-1f12402c8e45","method":"POST","result":200,"reason":"OK","latencyMs":369.5}
{"timestamp":1791632370940,"service":"control","requestId":"7a665716-05d5-4282-89c8-b6c0645909fd","method":"POST","result":200,"reason":"OK","latencyMs":362.5}
{"timestamp":1791632370978,"service":"control","requestId":"928bf1c0-3c65-49c3-a3b4-2eefd05e9f73","method":"POST","result":200,"reason":"OK","latencyMs":355.63}
{"timestamp":1791632371034,"service":"control","requestId":"c87935cb-13f6-4f41-83c5-662d2b8235ce","method":"POST","result":200,"reason":"OK","latencyMs":367.43}
{"timestamp":1791632371056,"service":"control","requestId":"2f92c421-5d1a-4210-98db-f3219f0ec8d9","method":"POST","result":200,"reason":"OK","latencyMs":336.07}
{"timestamp":1791632371119,"service":"control","requestId":"0e4185f3-d9d5-4bad-8330-b17225df1f6a","method":"POST","result":200,"reason":"OK","latencyMs":354.49}
{"timestamp":1791632371163,"service":"control","requestId":"e6ec1d7c-9475-4d08-87ca-ce44a11e3091","method":"POST","result":200,"reason":"OK","latencyMs":364.87}
{"timestamp":1791632371215,"service":"control","requestId":"6e6e74bd-ce34-43e9-bf5f-927d7ad3c62a","method":"POST","result":200,"reason":"OK","latencyMs":381.31}
{"timestamp":1791632371258,"service":"control","requestId":"93eee281-510e-4b06-a6b9-f814842048f3","method":"POST","result":200,"reason":"OK","latencyMs":388.19}
{"timestamp":1791632371301,"service":"control","requestId":"524a2bb9-10fb-44af-bc52-3752b88d6448","method":"POST","result":200,"reason":"OK","latencyMs":388.57}
{"timestamp":1791632371340,"service":"control","requestId":"3a9c7893-033c-49ef-a648-a0f4579c268a","method":"POST","result":200,"reason":"OK","latencyMs":396.39}
{"timestamp":1791632371379,"service":"control","requestId":"4eb75592-644a-4700-9d8c-0a6dac3748a5","method":"POST","result":200,"reason":"OK","latencyMs":382.29}
{"timestamp":1791632371396,"service":"control","requestId":"421a367a-dffe-47e1-a5a5-8874d85bfa3c","method":"POST","result":200,"reason":"OK","latencyMs":355.85}
{"timestamp":1791632371443,"service":"control","requestId":"b5561b95-0096-4228-95c2-71314c29cb95","method":"POST","result":200,"reason":"OK","latencyMs":356.11}
{"timestamp":1791632371474,"service":"control","requestId":"69053143-e745-48e9-aba7-abc2f8391ae1","method":"POST","result":200,"reason":"OK","latencyMs":341.17}
{"timestamp":1791632371512,"service":"control","requestId":"658864f4-041f-43bc-bf01-e0221646ae1f","method":"POST","result":200,"reason":"OK","latencyMs":335.68}
{"timestamp":1791632371543,"service":"control","requestId":"47be66e5-a924-47b4-a24a-a724a26e1d19","method":"POST","result":200,"reason":"OK","latencyMs":322.39}
{"timestamp":1791632371562,"service":"control","requestId":"4fbe7346-c491-436d-93fb-e08086e290e8","method":"POST","result":200,"reason":"OK","latencyMs":297.47}
{"timestamp":1791632371594,"service":"control","requestId":"08ce87b7-284c-4152-953e-b25e30efce6e","method":"POST","result":200,"reason":"OK","latencyMs":287.24}
{"timestamp":1791632371650,"service":"control","requestId":"de155f52-5183-4d14-95d9-54e00d52515e","method":"POST","result":200,"reason":"OK","latencyMs":299.75}
{"timestamp":1791632371686,"service":"control","requestId":"b7882ed8-7909-4d30-b9f3-a6169342ef0f","method":"POST","result":200,"reason":"OK","latencyMs":295.24}
{"timestamp":1791632371708,"service":"control","requestId":"79b91537-5b81-44f2-8de3-8d95cd75985f","method":"POST","result":200,"reason":"OK","latencyMs":283.8}
{"timestamp":1791632371756,"service":"control","requestId":"61e71898-0151-40ff-afff-bd62c2e7f25b","method":"POST","result":200,"reason":"OK","latencyMs":308.04}
{"timestamp":1791632371815,"service":"control","requestId":"9e0f5754-b99f-4a7f-b97d-f3f7a07d6220","method":"POST","result":200,"reason":"OK","latencyMs":331.23}
{"timestamp":1791632371868,"service":"control","requestId":"23c905d8-bc32-4154-87ee-4c01c36ca27d","method":"POST","result":200,"reason":"OK","latencyMs":352.18}
{"timestamp":1791632371921,"service":"control","requestId":"da354cfc-2ba8-4961-9e1c-275d57a08e4f","method":"POST","result":200,"reason":"OK","latencyMs":374.08}
{"timestamp":1791632371964,"service":"control","requestId":"2df2309d-3385-4558-9064-7952c414e6dd","method":"POST","result":200,"reason":"OK","latencyMs":384.46}
{"timestamp":1791632372024,"service":"control","requestId":"0702c399-ce74-4646-a097-516e37444d16","method":"POST","result":200,"reason":"OK","latencyMs":404.34}
{"timestamp":1791632372072,"service":"control","requestId":"092a4f5e-6877-4955-bce4-74b7a097b246","method":"POST","result":200,"reason":"OK","latencyMs":410.2}
{"timestamp":1791632372142,"service":"control","requestId":"8bba9f7e-4efa-4083-8c97-3355bef6073c","method":"POST","result":200,"reason":"OK","latencyMs":441.39}
{"timestamp":1791632372189,"service":"control","requestId":"9d27b283-c176-4d02-9445-f88865cdb095","method":"POST","result":200,"reason":"OK","latencyMs":447.6}
{"timestamp":1791632372243,"service":"control","requestId":"53e0b3a6-d50a-49ae-a5c9-a2974eac7ee2","method":"POST","result":200,"reason":"OK","latencyMs":443.81}
{"timestamp":1791632372288,"service":"control","requestId":"9e1a4823-af1f-4233-888b-0491bf0d40ae","method":"POST","result":200,"reason":"OK","latencyMs":435.37}
{"timestamp":1791632372331,"service":"control","requestId":"9e844d57-0118-4cc5-97a1-bb67141549e3","method":"POST","result":200,"reason":"OK","latencyMs":428.98}
{"timestamp":1791632372375,"service":"control","requestId":"920367d1-7095-4bf8-b45c-5ee6bff78857","method":"POST","result":200,"reason":"OK","latencyMs":430.14}
{"timestamp":1791632372425,"service":"control","requestId":"8662ccd3-6a1a-4819-8693-54ccb59995bf","method":"POST","result":200,"reason":"OK","latencyMs":413.9}
{"timestamp":1791632372463,"service":"control","requestId":"fa3362f5-8d12-464d-b51a-cbfd49982516","method":"POST","result":200,"reason":"OK","latencyMs":405.77}
{"timestamp":1791632372496,"service":"control","requestId":"e85ac28b-7284-4c48-81de-90d9a91ff688","method":"POST","result":200,"reason":"OK","latencyMs":386.5}
{"timestamp":1791632372528,"service":"control","requestId":"a2315dcb-4808-433f-a1e3-c667251e0c88","method":"POST","result":200,"reason":"OK","latencyMs":379.76}
{"timestamp":1791632372570,"service":"control","requestId":"ba6e3472-2bff-4420-af4a-2fb594710eb5","method":"POST","result":200,"reason":"OK","latencyMs":368.14}
{"timestamp":1791632372610,"service":"control","requestId":"8f8791bf-aa63-4427-b784-53d442cb61bc","method":"POST","result":200,"reason":"OK","latencyMs":361.25}
{"timestamp":1791632372644,"service":"control","requestId":"c5d7ce17-c52a-4207-8af7-a84ae9f538e7","method":"POST","result":200,"reason":"OK","latencyMs":350.38}
{"timestamp":1791632372676,"service":"control","requestId":"7ee67d16-f1f4-45b1-b870-d2013a2b548b","method":"POST","result":200,"reason":"OK","latencyMs":338.32}
{"timestamp":1791632372712,"service":"control","requestId":"a008a331-65f1-4777-8acd-014a0ed7cd2c","method":"POST","result":200,"reason":"OK","latencyMs":325.06}
{"timestamp":1791632372747,"service":"control","requestId":"d216aa52-2511-41b7-a176-c61e68bb7980","method":"POST","result":200,"reason":"OK","latencyMs":315.89}
{"timestamp":1791632372776,"service":"control","requestId":"172c53e9-2db9-4bdd-ba9f-27ab825bc017","method":"POST","result":200,"reason":"OK","latencyMs":308.54}
{"timestamp":1791632372808,"service":"control","requestId":"492fc17d-98b9-44df-98cf-9ab87b93c7b6","method":"POST","result":200,"reason":"OK","latencyMs":302.11}
{"timestamp":1791632372861,"service":"control","requestId":"ab35c04b-1f4a-487c-a8bb-3a8e7e5c7501","method":"POST","result":200,"reason":"OK","latencyMs":323.09}
{"timestamp":1791632372902,"service":"control","requestId":"9e587f50-fba0-4e4b-b6d2-77f1f83d634a","method":"POST","result":200,"reason":"OK","latencyMs":326.71}
{"timestamp":1791632372941,"service":"control","requestId":"df72ab66-664a-460d-a582-c73232fd61cb","method":"POST","result":200,"reason":"OK","latencyMs":326.18}
{"timestamp":1791632372977,"service":"control","requestId":"553a6653-6738-4ab8-8e6d-3ae59ce022bd","method":"POST","result":200,"reason":"OK","latencyMs":328.7}
{"timestamp":1791632373019,"service":"control","requestId":"66f3b9af-44b7-494c-a240-47e6c00bdb3f","method":"POST","result":200,"reason":"OK","latencyMs":333.42}
{"timestamp":1791632373050,"service":"control","requestId":"6c5c5b79-b5df-4ca6-b426-e37be9b4c6ce","method":"POST","result":200,"reason":"OK","latencyMs":327.02}
{"timestamp":1791632373069,"service":"control","requestId":"64f51cf1-1092-418a-8081-d2d9b33c5f44","method":"POST","result":200,"reason":"OK","latencyMs":317.31}
{"timestamp":1791632373127,"service":"control","requestId":"33ae4331-1760-4725-80c1-04b12363b294","method":"POST","result":200,"reason":"OK","latencyMs":346.54}
{"timestamp":1791632373174,"service":"control","requestId":"466662f2-a22f-481a-a563-5d91596101be","method":"POST","result":200,"reason":"OK","latencyMs":353.47}
{"timestamp":1791632373240,"service":"control","requestId":"dfbc37a9-d332-4238-9781-5f9b7cb64b36","method":"POST","result":200,"reason":"OK","latencyMs":373.5}
{"timestamp":1791632373297,"service":"control","requestId":"0dddb567-12ce-4fa1-805e-9a2658b693f5","method":"POST","result":200,"reason":"OK","latencyMs":389.08}
{"timestamp":1791632373341,"service":"control","requestId":"4042cdd6-ee4c-48f5-9572-9433c70fb4eb","method":"POST","result":200,"reason":"OK","latencyMs":393.85}
{"timestamp":1791632373397,"service":"control","requestId":"658e49d1-93c7-478e-87c3-5493a7358a02","method":"POST","result":200,"reason":"OK","latencyMs":408.85}
{"timestamp":1791632373453,"service":"control","requestId":"cd23cf7c-32c5-4335-a096-ac570f3c11d6","method":"POST","result":200,"reason":"OK","latencyMs":429.9}
{"timestamp":1791632373506,"service":"control","requestId":"286b7600-cd0f-4a45-a10e-0a68f52a9b3c","method":"POST","result":200,"reason":"OK","latencyMs":452.43}
{"timestamp":1791632373538,"service":"control","requestId":"6306f9ae-fcbf-423a-9bd6-f268223210e1","method":"POST","result":200,"reason":"OK","latencyMs":430.26}
{"timestamp":1791632373577,"service":"control","requestId":"060aedba-5cbf-4ecf-af0b-9c2aa724dbdf","method":"POST","result":200,"reason":"OK","latencyMs":418.75}
{"timestamp":1791632373614,"service":"control","requestId":"c9514980-6883-4773-9213-e7228d351633","method":"POST","result":200,"reason":"OK","latencyMs":398.65}
{"timestamp":1791632373647,"service":"control","requestId":"86254702-8e8b-4eb1-a5fc-823551c42cbc","method":"POST","result":200,"reason":"OK","latencyMs":372.3}
{"timestamp":1791632373681,"service":"control","requestId":"43dc332c-b3e9-46d4-9612-07c663a8dc01","method":"POST","result":200,"reason":"OK","latencyMs":348.39}
{"timestamp":1791632373704,"service":"control","requestId":"54fb3692-f7f8-4bde-8daa-28ff05230ecb","method":"POST","result":200,"reason":"OK","latencyMs":324.48}
{"timestamp":1791632373752,"service":"control","requestId":"aae5ac6b-e4d5-47ac-aa71-328d645e75af","method":"POST","result":200,"reason":"OK","latencyMs":322.58}
{"timestamp":1791632373788,"service":"control","requestId":"f7589cdd-869d-414d-ac30-81b971f74c75","method":"POST","result":200,"reason":"OK","latencyMs":303.87}
{"timestamp":1791632373817,"service":"control","requestId":"0d38f1bf-ebdd-41d0-976b-f8963f13502a","method":"POST","result":200,"reason":"OK","latencyMs":307.13}
{"timestamp":1791632373854,"service":"control","requestId":"97434034-9dc3-48a3-82ce-43b99dc8268b","method":"POST","result":200,"reason":"OK","latencyMs":306.15}
{"timestamp":1791632373886,"service":"control","requestId":"f332ac03-8f3f-4df4-86bd-705993062480","method":"POST","result":200,"reason":"OK","latencyMs":304.79}
{"timestamp":1791632373905,"service":"control","requestId":"a852f57f-0cbb-4141-b73c-e8f0080e4965","method":"POST","result":200,"reason":"OK","latencyMs":280.11}
{"timestamp":1791632373953,"service":"control","requestId":"6d733b5c-6495-4a66-b23d-f0cc1d0540ec","method":"POST","result":200,"reason":"OK","latencyMs":295.2}
{"timestamp":1791632373998,"service":"control","requestId":"259a77a7-e60f-49db-9878-9d86ed14eefa","method":"POST","result":200,"reason":"OK","latencyMs":308.68}
{"timestamp":1791632374033,"service":"control","requestId":"5538295d-9114-4b9f-b9e1-88ded10a37e7","method":"POST","result":200,"reason":"OK","latencyMs":308.49}
{"timestamp":1791632374065,"service":"control","requestId":"f75f9a20-f5d6-49e6-aa54-7dd21e9ec252","method":"POST","result":200,"reason":"OK","latencyMs":308.94}
{"timestamp":1791632374095,"service":"control","requestId":"4a440a5b-9084-49fc-b916-9538616d2cd7","method":"POST","result":200,"reason":"OK","latencyMs":303.42}
{"timestamp":1791632374150,"service":"control","requestId":"bbde11bc-bb34-4423-b655-ecedf0b26ab0","method":"POST","result":200,"reason":"OK","latencyMs":323.51}
{"timestamp":1791632374186,"service":"control","requestId":"c17e6a62-64f0-49c0-9df5-b01348162c73","method":"POST","result":200,"reason":"OK","latencyMs":321.76}
{"timestamp":1791632374264,"service":"control","requestId":"af454285-608b-4c98-9675-1198d7dc22a9","method":"POST","result":200,"reason":"OK","latencyMs":371.92}
{"timestamp":1791632374349,"service":"control","requestId":"1c6816fe-0b0d-421b-8534-88aeab31902c","method":"POST","result":200,"reason":"OK","latencyMs":418.87}
{"timestamp":1791632374365,"service":"control","requestId":"b7c09f9e-0d8d-4bba-a2ff-fe61ecffdae6","method":"POST","result":200,"reason":"OK","latencyMs":403.18}
{"timestamp":1791632374385,"service":"control","requestId":"9be4f5cf-5cb3-4b17-bf46-c8f363379edd","method":"POST","result":200,"reason":"OK","latencyMs":380.24}
{"timestamp":1791632374438,"service":"control","requestId":"fee29098-3ca8-41b9-8790-bf630b7df5a0","method":"POST","result":200,"reason":"OK","latencyMs":394.93}
{"timestamp":1791632374498,"service":"control","requestId":"26060f99-7963-428f-ae19-bd8f701bc318","method":"POST","result":200,"reason":"OK","latencyMs":428.96}
{"timestamp":1791632374520,"service":"control","requestId":"862be321-9c82-4359-9e87-d3d9f43d0ca0","method":"POST","result":200,"reason":"OK","latencyMs":406.17}
{"timestamp":1791632374539,"service":"control","requestId":"c0d8fc4a-4df5-4204-9ae7-075ddf58b2b6","method":"POST","result":200,"reason":"OK","latencyMs":384.45}
{"timestamp":1791632374600,"service":"control","requestId":"0ab408bc-b428-450e-a142-07c18b1001ed","method":"POST","result":200,"reason":"OK","latencyMs":408.29}
{"timestamp":1791632374667,"service":"control","requestId":"00a1c05e-00ae-4e85-a964-5e0840ef4481","method":"POST","result":200,"reason":"OK","latencyMs":437.79}
{"timestamp":1791632374729,"service":"control","requestId":"c84ea091-9344-498b-b8fe-073283bec3dd","method":"POST","result":200,"reason":"OK","latencyMs":444.41}
{"timestamp":1791632374772,"service":"control","requestId":"af509bf6-c38e-4037-9c78-d857ee35df5a","method":"POST","result":200,"reason":"OK","latencyMs":462.07}
{"timestamp":1791632374831,"service":"control","requestId":"fe357cfb-dc20-4eab-9246-0afe2069ed55","method":"POST","result":200,"reason":"OK","latencyMs":494.39}
{"timestamp":1791632374871,"service":"control","requestId":"8b6c818f-fa10-4171-87e2-7a00816b874f","method":"POST","result":200,"reason":"OK","latencyMs":481.02}
{"timestamp":1791632374904,"service":"control","requestId":"84422b12-f6e3-4af8-acb0-a5da8cf056ae","method":"POST","result":200,"reason":"OK","latencyMs":460.75}
{"timestamp":1791632374923,"service":"control","requestId":"d55e2894-6656-48cc-9882-934d46500ce3","method":"POST","result":200,"reason":"OK","latencyMs":391.89}
{"timestamp":1791632374977,"service":"control","requestId":"ed60a35c-a779-4b01-a6b7-d170a27f8899","method":"POST","result":200,"reason":"OK","latencyMs":394.91}
{"timestamp":1791632375012,"service":"control","requestId":"02d0155c-8a5b-4884-a937-30d253fbd625","method":"POST","result":200,"reason":"OK","latencyMs":370.26}
{"timestamp":1791632375056,"service":"control","requestId":"5197220e-8091-4db4-b462-849063963767","method":"POST","result":200,"reason":"OK","latencyMs":347.5}
{"timestamp":1791632375075,"service":"control","requestId":"3b37675e-1599-4ef3-899a-694ed9aaa875","method":"POST","result":200,"reason":"OK","latencyMs":317.31}
{"timestamp":1791632375122,"service":"control","requestId":"88a6ad13-5d5b-4177-b892-1837af00b4f7","method":"POST","result":200,"reason":"OK","latencyMs":318.2}
{"timestamp":1791632375159,"service":"control","requestId":"27195d5b-a009-4efe-8606-285c657ed838","method":"POST","result":200,"reason":"OK","latencyMs":323.25}
{"timestamp":1791632375186,"service":"control","requestId":"d4b08d18-1e98-4e21-b0d8-ccc0dc5ea28e","method":"POST","result":200,"reason":"OK","latencyMs":311.97}
{"timestamp":1791632375249,"service":"control","requestId":"0803851a-f959-4c12-9a13-077d3d412251","method":"POST","result":200,"reason":"OK","latencyMs":337.99}
{"timestamp":1791632375269,"service":"control","requestId":"e77157c5-16b0-4e1a-b794-643dd50d7cf7","method":"POST","result":200,"reason":"OK","latencyMs":325.06}
{"timestamp":1791632375320,"service":"control","requestId":"9b7ed724-618d-4ef2-84eb-d9ef7fb80036","method":"POST","result":200,"reason":"OK","latencyMs":337.3}
{"timestamp":1791632375353,"service":"control","requestId":"832b811e-232c-4cc1-a95c-89ea39e205a5","method":"POST","result":200,"reason":"OK","latencyMs":328.9}
{"timestamp":1791632375412,"service":"control","requestId":"953b8a95-fe60-48d0-a01d-2f38efadb7b8","method":"POST","result":200,"reason":"OK","latencyMs":351.71}
{"timestamp":1791632375447,"service":"control","requestId":"1ddf1d5a-04a1-49ba-aeb2-e02694c32be1","method":"POST","result":200,"reason":"OK","latencyMs":353.07}
{"timestamp":1791632375489,"service":"control","requestId":"ffce6e70-afe9-46c9-8876-736926f077ce","method":"POST","result":200,"reason":"OK","latencyMs":355.27}
{"timestamp":1791632375528,"service":"control","requestId":"a9e9edab-493b-402e-9155-066d6a7d5ccb","method":"POST","result":200,"reason":"OK","latencyMs":357.61}
{"timestamp":1791632375571,"service":"control","requestId":"e13e4404-eec0-42d2-ba33-22df1b87c6a5","method":"POST","result":200,"reason":"OK","latencyMs":350.95}
{"timestamp":1791632375597,"service":"control","requestId":"6632419c-6b2a-4ae9-b434-b49386758176","method":"POST","result":200,"reason":"OK","latencyMs":335.79}
{"timestamp":1791632375666,"service":"control","requestId":"828bce61-6661-42dd-90fa-8028037fa911","method":"POST","result":200,"reason":"OK","latencyMs":369.77}
{"timestamp":1791632375697,"service":"control","requestId":"a826f0ca-e105-4de1-bf94-df82272f2b16","method":"POST","result":200,"reason":"OK","latencyMs":363.8}
{"timestamp":1791632375736,"service":"control","requestId":"86ab2ac2-5290-475b-b852-4db49182035e","method":"POST","result":200,"reason":"OK","latencyMs":353.6}
{"timestamp":1791632375799,"service":"control","requestId":"ef042cf4-6d05-43cc-abd1-9e653a0bc94a","method":"POST","result":200,"reason":"OK","latencyMs":381.75}
{"timestamp":1791632375826,"service":"control","requestId":"8ad6e14a-a0a7-4d01-ae6c-c33281b5fbf6","method":"POST","result":200,"reason":"OK","latencyMs":373.77}
{"timestamp":1791632375866,"service":"control","requestId":"ca03fd14-c0ea-4d5b-bc03-f719bdb3f4d4","method":"POST","result":200,"reason":"OK","latencyMs":373.01}
{"timestamp":1791632375914,"service":"control","requestId":"ec1a7cea-79a4-4554-884e-4ffdc3aaabfc","method":"POST","result":200,"reason":"OK","latencyMs":375.13}
{"timestamp":1791632375978,"service":"control","requestId":"3a282421-3142-454c-8d6b-c3f249075265","method":"POST","result":200,"reason":"OK","latencyMs":400.13}
{"timestamp":1791632376013,"service":"control","requestId":"1223778a-baa7-4dd2-9df2-37f9afc14a01","method":"POST","result":200,"reason":"OK","latencyMs":383.28}
{"timestamp":1791632376067,"service":"control","requestId":"d816a968-58c9-4d07-9797-88cb5eca31fd","method":"POST","result":200,"reason":"OK","latencyMs":386.18}
{"timestamp":1791632376113,"service":"control","requestId":"6dc8c216-641c-49ee-b069-36af1fbb1328","method":"POST","result":200,"reason":"OK","latencyMs":391.07}
{"timestamp":1791632376175,"service":"control","requestId":"adc02d94-1b55-430d-a95b-47593b13d10b","method":"POST","result":200,"reason":"OK","latencyMs":417.29}
{"timestamp":1791632376205,"service":"control","requestId":"c8a30168-f40b-4352-9744-e79be1fe88bb","method":"POST","result":200,"reason":"OK","latencyMs":400.44}
{"timestamp":1791632376245,"service":"control","requestId":"cd5eb5ac-20a0-4ee7-bf8f-42762511daed","method":"POST","result":200,"reason":"OK","latencyMs":393.51}
{"timestamp":1791632376283,"service":"control","requestId":"93059e80-364a-48e2-9935-4225ee37d443","method":"POST","result":200,"reason":"OK","latencyMs":383.8}
{"timestamp":1791632376307,"service":"control","requestId":"e545c6a3-3e43-4f4e-ba36-9a4f4639a01d","method":"POST","result":200,"reason":"OK","latencyMs":355.31}
{"timestamp":1791632376382,"service":"control","requestId":"8e39a5ee-4c7a-4995-a6aa-d6d31e963b42","method":"POST","result":200,"reason":"OK","latencyMs":375.61}
{"timestamp":1791632376430,"service":"control","requestId":"65e72897-6cc1-4328-b1e7-51c3d602ce1d","method":"POST","result":200,"reason":"OK","latencyMs":377.6}
{"timestamp":1791632376470,"service":"control","requestId":"c77796db-3c08-479d-97e7-82852bff5ea8","method":"POST","result":200,"reason":"OK","latencyMs":368.69}
{"timestamp":1791632376505,"service":"control","requestId":"2ff1819b-94f6-4a12-abef-97ecacddebd8","method":"POST","result":200,"reason":"OK","latencyMs":361.29}
{"timestamp":1791632376539,"service":"control","requestId":"4a4a0067-dc73-4b82-9b91-6ca4a1ae8e55","method":"POST","result":200,"reason":"OK","latencyMs":361.75}
{"timestamp":1791632376579,"service":"control","requestId":"a55e8c18-0e17-4c6e-8eae-7935eb548ce9","method":"POST","result":200,"reason":"OK","latencyMs":362.78}
{"timestamp":1791632376615,"service":"control","requestId":"c5c5a29a-21fa-448c-b6dc-8f0982096cd5","method":"POST","result":200,"reason":"OK","latencyMs":365.62}
{"timestamp":1791632376651,"service":"control","requestId":"b5e76598-9c96-4549-a9de-fad7be759a9d","method":"POST","result":200,"reason":"OK","latencyMs":361.56}
{"timestamp":1791632376690,"service":"control","requestId":"5e722174-14f6-4315-bf0e-4ab9586bf23b","method":"POST","result":200,"reason":"OK","latencyMs":335.64}
{"timestamp":1791632376722,"service":"control","requestId":"52292285-6753-440c-8473-ca3078e00e9d","method":"POST","result":200,"reason":"OK","latencyMs":328.07}
{"timestamp":1791632376789,"service":"control","requestId":"9a5733dc-f510-4ce8-a011-5bd6076bc7bf","method":"POST","result":200,"reason":"OK","latencyMs":353.6}
{"timestamp":1791632376821,"service":"control","requestId":"5bfb4197-15c7-4875-a90e-ca27d390f105","method":"POST","result":200,"reason":"OK","latencyMs":346.68}
{"timestamp":1791632376852,"service":"control","requestId":"da422ad0-3ac3-4655-8308-1fc44e70d0be","method":"POST","result":200,"reason":"OK","latencyMs":332.64}
{"timestamp":1791632376900,"service":"control","requestId":"ee0107d8-6a98-4685-93d0-ccdfc51208a1","method":"POST","result":200,"reason":"OK","latencyMs":338.16}
{"timestamp":1791632376924,"service":"control","requestId":"fb30a05a-9a29-4a7b-8aa1-ed9ca53c8795","method":"POST","result":200,"reason":"OK","latencyMs":334.25}
{"timestamp":1791632376961,"service":"control","requestId":"e205cf95-fe07-4437-8c9f-29d189c118fe","method":"POST","result":200,"reason":"OK","latencyMs":338.65}
{"timestamp":1791632376998,"service":"control","requestId":"525e6bc5-6a6d-45a5-a032-db84741b4946","method":"POST","result":200,"reason":"OK","latencyMs":342.62}
{"timestamp":1791632377084,"service":"control","requestId":"d2b563a9-f977-46ae-ab8d-76ae7750f3cf","method":"POST","result":200,"reason":"OK","latencyMs":378.48}
{"timestamp":1791632377106,"service":"control","requestId":"5d3afe08-4537-4402-83a4-d471493e8080","method":"POST","result":200,"reason":"OK","latencyMs":354.53}
{"timestamp":1791632377153,"service":"control","requestId":"f074953c-5e4e-408d-abef-1d6dce09259c","method":"POST","result":200,"reason":"OK","latencyMs":353.42}
{"timestamp":1791632377201,"service":"control","requestId":"8601ec8f-c4ac-4b36-9b04-1300e78f4cbd","method":"POST","result":200,"reason":"OK","latencyMs":374.54}
{"timestamp":1791632377270,"service":"control","requestId":"636f32b5-5268-4336-a2ea-265ffc0bb4ae","method":"POST","result":200,"reason":"OK","latencyMs":408.03}
{"timestamp":1791632377338,"service":"control","requestId":"e16d26dd-78f4-4e60-80f1-97416779ee19","method":"POST","result":200,"reason":"OK","latencyMs":430.41}
{"timestamp":1791632377396,"service":"control","requestId":"df699d83-f3a5-4a81-bf79-477c9ec6e54a","method":"POST","result":200,"reason":"OK","latencyMs":450.49}
{"timestamp":1791632377468,"service":"control","requestId":"99bf44c0-88cf-4a08-a5d4-3217f75c4079","method":"POST","result":200,"reason":"OK","latencyMs":484.57}
{"timestamp":1791632377544,"service":"control","requestId":"b87a7877-3362-47c4-9ab0-8ee37704537b","method":"POST","result":200,"reason":"OK","latencyMs":505.25}
{"timestamp":1791632377595,"service":"control","requestId":"64261ff0-a50b-4137-be45-be4fb19b9530","method":"POST","result":200,"reason":"OK","latencyMs":504.79}
{"timestamp":1791632377650,"service":"control","requestId":"4e14c63b-6fb1-4318-a134-3c262353c3a5","method":"POST","result":200,"reason":"OK","latencyMs":511.7}
{"timestamp":1791632377685,"service":"control","requestId":"e80ede46-3fb4-4b47-af6d-eba8e8f319af","method":"POST","result":200,"reason":"OK","latencyMs":495.27}
{"timestamp":1791632377710,"service":"control","requestId":"eee2ef37-202a-4d48-8f65-f57d600c0d8b","method":"POST","result":200,"reason":"OK","latencyMs":457.77}
{"timestamp":1791632377759,"service":"control","requestId":"3991d13f-7a0d-411d-9589-9197a2475c55","method":"POST","result":200,"reason":"OK","latencyMs":446.47}
{"timestamp":1791632377798,"service":"control","requestId":"f674752f-309d-4411-b7d2-4834019caa7c","method":"POST","result":200,"reason":"OK","latencyMs":425.31}
{"timestamp":1791632377832,"service":"control","requestId":"8a5e1a9f-dfb3-405f-a5d1-11c574030840","method":"POST","result":200,"reason":"OK","latencyMs":399.44}
{"timestamp":1791632377871,"service":"control","requestId":"6389a418-3333-4d60-b965-11573167cefd","method":"POST","result":200,"reason":"OK","latencyMs":349.06}
{"timestamp":1791632377910,"service":"control","requestId":"dc3eb30d-7abd-449b-8d88-17798e73d53c","method":"POST","result":200,"reason":"OK","latencyMs":336.57}
{"timestamp":1791632377945,"service":"control","requestId":"a379e239-f0e6-41ef-9760-b2862394a9c1","method":"POST","result":200,"reason":"OK","latencyMs":324.79}
{"timestamp":1791632377985,"service":"control","requestId":"5ed1c97f-797d-4c22-acc8-ece4ed388810","method":"POST","result":200,"reason":"OK","latencyMs":330.59}
{"timestamp":1791632378015,"service":"control","requestId":"7d12f873-3d7a-4b24-bd82-11ce5aa326dc","method":"POST","result":200,"reason":"OK","latencyMs":319.7}
{"timestamp":1791632378083,"service":"control","requestId":"3f0d2203-062f-4799-aaaf-4705f5bb3829","method":"POST","result":200,"reason":"OK","latencyMs":354.53}
{"timestamp":1791632378107,"service":"control","requestId":"bb58ca6c-63b2-445b-a736-717074b1d6e1","method":"POST","result":200,"reason":"OK","latencyMs":343.07}
{"timestamp":1791632378161,"service":"control","requestId":"7e988e64-544a-452e-93b1-272f2843e911","method":"POST","result":200,"reason":"OK","latencyMs":358.59}
{"timestamp":1791632378188,"service":"control","requestId":"aff62c26-4f90-4512-8553-5fecc90dd1c5","method":"POST","result":200,"reason":"OK","latencyMs":346.83}
{"timestamp":1791632378223,"service":"control","requestId":"b849c69c-ccfc-431f-8adf-4d137a845bfe","method":"POST","result":200,"reason":"OK","latencyMs":347}
{"timestamp":1791632378269,"service":"control","requestId":"f54ec706-3894-4da8-9967-eaebc202808f","method":"POST","result":200,"reason":"OK","latencyMs":353.94}
{"timestamp":1791632378300,"service":"control","requestId":"03fa9b80-f666-4b60-ac6a-f636568cfd42","method":"POST","result":200,"reason":"OK","latencyMs":350.09}
{"timestamp":1791632378354,"service":"control","requestId":"8b82591d-486f-4a68-9415-21177693dddd","method":"POST","result":200,"reason":"OK","latencyMs":346.6}
{"timestamp":1791632378398,"service":"control","requestId":"f17602c4-0580-4cd2-8721-82a31ffe9d5c","method":"POST","result":200,"reason":"OK","latencyMs":354.21}
{"timestamp":1791632378422,"service":"control","requestId":"86079f13-f13e-4f06-affe-5fa384fe14df","method":"POST","result":200,"reason":"OK","latencyMs":332.29}
{"timestamp":1791632378469,"service":"control","requestId":"ddfceb2f-6b5e-4825-bf79-cd6cf6512606","method":"POST","result":200,"reason":"OK","latencyMs":335.58}
{"timestamp":1791632378559,"service":"control","requestId":"0fe0f2dc-4f56-412d-b1c0-5a0641f676bd","method":"POST","result":200,"reason":"OK","latencyMs":385.51}
{"timestamp":1791632378602,"service":"control","requestId":"26db64b4-9e51-4424-8d71-da03ed4f1fdd","method":"POST","result":200,"reason":"OK","latencyMs":381.96}
{"timestamp":1791632378623,"service":"control","requestId":"af6545cd-d74e-4486-8e85-b1fa83ab2552","method":"POST","result":200,"reason":"OK","latencyMs":375.33}
{"timestamp":1791632378692,"service":"control","requestId":"5d69c832-6035-4278-875a-b2ff95feb646","method":"POST","result":200,"reason":"OK","latencyMs":418.91}
{"timestamp":1791632378740,"service":"control","requestId":"ff1a408b-69e9-4884-9b68-d0c62d36cb9f","method":"POST","result":200,"reason":"OK","latencyMs":425.4}
{"timestamp":1791632378787,"service":"control","requestId":"794b504a-b530-41c5-a94e-ee8b166b375d","method":"POST","result":200,"reason":"OK","latencyMs":426.34}
{"timestamp":1791632378877,"service":"control","requestId":"c236373c-a783-4264-9b3b-103c799e867b","method":"POST","result":200,"reason":"OK","latencyMs":472.72}
{"timestamp":1791632378940,"service":"control","requestId":"aaa0d0d4-7b28-4006-a6c1-49baabe9de54","method":"POST","result":200,"reason":"OK","latencyMs":489.79}
{"timestamp":1791632378979,"service":"control","requestId":"eecb24f9-50cc-47cf-88f5-cedc759a5994","method":"POST","result":200,"reason":"OK","latencyMs":459.63}
{"timestamp":1791632379036,"service":"control","requestId":"59d93001-902a-4ff9-824c-f5b8d13bb2a9","method":"POST","result":200,"reason":"OK","latencyMs":471.84}
{"timestamp":1791632379143,"service":"control","requestId":"7dfbb929-545e-4262-8328-a2a02f2052f8","method":"POST","result":200,"reason":"OK","latencyMs":535.14}
{"timestamp":1791632379184,"service":"control","requestId":"25676bb0-b8a4-4fe5-b506-85f19cc4b243","method":"POST","result":200,"reason":"OK","latencyMs":517.11}
{"timestamp":1791632379227,"service":"control","requestId":"b0c2d21c-dbe5-4dec-9aaf-f3b78948b17d","method":"POST","result":200,"reason":"OK","latencyMs":507.94}
{"timestamp":1791632379263,"service":"control","requestId":"d1bedf60-f466-4270-ab78-aef62b2ae354","method":"POST","result":200,"reason":"OK","latencyMs":494.13}
{"timestamp":1791632379300,"service":"control","requestId":"d0f939da-91f5-4d53-b0cc-21757b26be26","method":"POST","result":200,"reason":"OK","latencyMs":473.28}
{"timestamp":1791632379349,"service":"control","requestId":"83cb5b68-63f4-4aaa-bd9f-9851f2c7c88b","method":"POST","result":200,"reason":"OK","latencyMs":453.94}
{"timestamp":1791632379380,"service":"control","requestId":"7b079aad-fdec-4118-b09f-1d6242a92639","method":"POST","result":200,"reason":"OK","latencyMs":424.35}
{"timestamp":1791632379442,"service":"control","requestId":"e190b44d-78a2-41fe-9b54-f48e01088e0c","method":"POST","result":200,"reason":"OK","latencyMs":433.42}
{"timestamp":1791632379479,"service":"control","requestId":"f172a494-1ef2-46d6-9ba1-77925cb06d06","method":"POST","result":200,"reason":"OK","latencyMs":381.85}
{"timestamp":1791632379521,"service":"control","requestId":"59c8df34-d811-476a-b3fa-2c7698dbc8fb","method":"POST","result":200,"reason":"OK","latencyMs":362.72}
{"timestamp":1791632379551,"service":"control","requestId":"0abf9c99-0291-407e-ae65-4567cc4af535","method":"POST","result":200,"reason":"OK","latencyMs":349.57}
{"timestamp":1791632379618,"service":"control","requestId":"efdedaa0-73dc-47df-949d-146861093de9","method":"POST","result":200,"reason":"OK","latencyMs":379.57}
{"timestamp":1791632379659,"service":"control","requestId":"b7c347b6-1b07-4580-8950-df6ae111bf2a","method":"POST","result":200,"reason":"OK","latencyMs":392.51}
{"timestamp":1791632379694,"service":"control","requestId":"7eec4f7f-df07-4407-8dd4-7945164cd355","method":"POST","result":200,"reason":"OK","latencyMs":388.37}
{"timestamp":1791632379732,"service":"control","requestId":"9e45e679-bcb6-4c11-a2da-7f7da051a1cb","method":"POST","result":200,"reason":"OK","latencyMs":361.97}
{"timestamp":1791632379769,"service":"control","requestId":"3672dfdc-5566-442a-9dc8-36e958e014b6","method":"POST","result":200,"reason":"OK","latencyMs":358.33}
{"timestamp":1791632379803,"service":"control","requestId":"bcafcc17-95dc-4943-9643-6282273b93c0","method":"POST","result":200,"reason":"OK","latencyMs":356.95}
{"timestamp":1791632379838,"service":"control","requestId":"f568da52-2a28-4401-aca1-43a43dbabb98","method":"POST","result":200,"reason":"OK","latencyMs":354.04}
{"timestamp":1791632379877,"service":"control","requestId":"a9526307-3f92-4254-9119-4a18ec156746","method":"POST","result":200,"reason":"OK","latencyMs":332.32}
{"timestamp":1791632379910,"service":"control","requestId":"dc70cbe1-b767-4cfc-923f-229b17f0f287","method":"POST","result":200,"reason":"OK","latencyMs":335.54}
{"timestamp":1791632379953,"service":"control","requestId":"8fb72b33-3621-4ab0-9675-4c9ed9a28fed","method":"POST","result":200,"reason":"OK","latencyMs":328.38}
{"timestamp":1791632379996,"service":"control","requestId":"fdd8b176-c050-49f0-a7b5-ee9f5e982037","method":"POST","result":200,"reason":"OK","latencyMs":330.26}
{"timestamp":1791632380069,"service":"control","requestId":"50376754-9058-421f-aab8-2398a18ada21","method":"POST","result":200,"reason":"OK","latencyMs":358.15}
{"timestamp":1791632380108,"service":"control","requestId":"95e4e9b0-1ad3-46a5-80a3-cdb148653752","method":"POST","result":200,"reason":"OK","latencyMs":369.91}
{"timestamp":1791632380152,"service":"control","requestId":"c29fde5e-c10f-4689-a18b-8c3eef280488","method":"POST","result":200,"reason":"OK","latencyMs":373.65}
{"timestamp":1791632380208,"service":"control","requestId":"dd37d2c7-3915-4482-aee2-800ae4395da8","method":"POST","result":200,"reason":"OK","latencyMs":399.74}
{"timestamp":1791632380234,"service":"control","requestId":"cbc424c6-0648-4106-a416-8d60d78cb38d","method":"POST","result":200,"reason":"OK","latencyMs":381.14}
{"timestamp":1791632380285,"service":"control","requestId":"02a567c1-30c7-4213-a79d-4a76752ece31","method":"POST","result":200,"reason":"OK","latencyMs":403.6}
{"timestamp":1791632380347,"service":"control","requestId":"6bf18042-a704-4c82-ac99-49dfe5977afa","method":"POST","result":200,"reason":"OK","latencyMs":432.7}
{"timestamp":1791632380418,"service":"control","requestId":"044829a1-f7d7-4a92-83f3-025fe119bf75","method":"POST","result":200,"reason":"OK","latencyMs":458.64}
{"timestamp":1791632380678,"service":"control","requestId":"31b2fe19-424f-474a-af22-dc7ef8085d7c","method":"POST","result":200,"reason":"OK","latencyMs":643.2}
{"timestamp":1791632380739,"service":"control","requestId":"c16f1f0f-c5cb-40a6-ae17-fe0a887e7635","method":"POST","result":200,"reason":"OK","latencyMs":664.75}
{"timestamp":1791632380781,"service":"control","requestId":"cfca89bc-1eee-44f4-bcb5-1d7bafad5fb3","method":"POST","result":200,"reason":"OK","latencyMs":668.59}
{"timestamp":1791632380966,"service":"control","requestId":"896c51b7-ffa0-4442-ae4d-332bee2a9af2","method":"GET","result":200,"reason":"OK","latencyMs":78.9}
{"timestamp":1791632381034,"service":"control","requestId":"b78c8613-055d-4b75-b7b5-b7e155aae897","method":"GET","result":200,"reason":"OK","latencyMs":143.47}
{"timestamp":1791632381080,"service":"control","requestId":"e04b9529-f827-42bf-853f-f3b34c96c837","method":"GET","result":200,"reason":"OK","latencyMs":187.56}
{"timestamp":1791632381125,"service":"control","requestId":"cc0f9d62-9d1a-40f8-abce-6160647bb1f0","method":"GET","result":200,"reason":"OK","latencyMs":230.82}
{"timestamp":1791632381167,"service":"control","requestId":"a82c4c66-c49c-434a-89f3-f7cdf752b3ef","method":"GET","result":200,"reason":"OK","latencyMs":216.37}
{"timestamp":1791632381201,"service":"control","requestId":"89d952ec-63ec-46c0-9436-efa913c1fcc9","method":"GET","result":200,"reason":"OK","latencyMs":205.2}
{"timestamp":1791632381235,"service":"control","requestId":"6a7a7678-cf8e-47ca-b6fb-119d5f3994ee","method":"GET","result":200,"reason":"OK","latencyMs":193.81}
{"timestamp":1791632381267,"service":"control","requestId":"a90d68e6-66b2-4194-ae52-de339d7f267c","method":"GET","result":200,"reason":"OK","latencyMs":179.81}
{"timestamp":1791632381310,"service":"control","requestId":"aca69982-4ab4-42d4-8d17-230c6c17f0a2","method":"POST","result":200,"reason":"OK","latencyMs":173.13}
{"timestamp":1791632381350,"service":"control","requestId":"b03cfdde-2101-432e-b835-bbfc5a3b9869","method":"POST","result":200,"reason":"OK","latencyMs":177.06}
{"timestamp":1791632381385,"service":"control","requestId":"d786db1b-e82b-4d26-9260-aa25d27909bd","method":"POST","result":200,"reason":"OK","latencyMs":179.21}
{"timestamp":1791632381406,"service":"control","requestId":"6d0275d6-f614-41c3-a2e0-bafae32888b5","method":"POST","result":200,"reason":"OK","latencyMs":166.61}
{"timestamp":1791632381466,"service":"control","requestId":"fb8e7f26-f16c-4087-ba1e-c012dc04ae22","method":"POST","result":200,"reason":"OK","latencyMs":187.87}
{"timestamp":1791632381515,"service":"control","requestId":"32ecadec-ddb1-4196-af1f-e728f0f17104","method":"POST","result":200,"reason":"OK","latencyMs":199.71}
{"timestamp":1791632381569,"service":"control","requestId":"d13e606c-0d26-440f-9990-707102e4fb76","method":"POST","result":200,"reason":"OK","latencyMs":214.23}
{"timestamp":1791632381626,"service":"control","requestId":"180f664c-07ca-4a2f-bcb3-78b00386185c","method":"POST","result":200,"reason":"OK","latencyMs":236.99}
{"timestamp":1791632381671,"service":"control","requestId":"181ba8fd-92ee-462b-b14a-ca35f3a11a17","method":"POST","result":200,"reason":"OK","latencyMs":226.1}
{"timestamp":1791632381709,"service":"control","requestId":"6800bb7e-c750-4902-a19e-f174e9a1044f","method":"POST","result":200,"reason":"OK","latencyMs":214.63}
{"timestamp":1791632381747,"service":"control","requestId":"68832d00-1006-4ce5-9667-efb80cc5a535","method":"POST","result":200,"reason":"OK","latencyMs":195.3}
{"timestamp":1791632381788,"service":"control","requestId":"6fa6ed85-569b-4a51-8bf5-4e33cddf029b","method":"POST","result":200,"reason":"OK","latencyMs":189.57}
{"timestamp":1791632381835,"service":"control","requestId":"a3ab2c4c-1ff7-483c-8b0c-041f2b2370f6","method":"POST","result":200,"reason":"OK","latencyMs":196.39}
{"timestamp":1791632381873,"service":"control","requestId":"f192831f-1e71-4919-a867-5d7a12ac66a0","method":"POST","result":200,"reason":"OK","latencyMs":196.86}
{"timestamp":1791632381897,"service":"control","requestId":"68d29e99-bab4-4999-8fa2-d5f549d8b918","method":"POST","result":200,"reason":"OK","latencyMs":181.19}
{"timestamp":1791632381951,"service":"control","requestId":"b7041b49-bc7a-4328-b6e7-d15025f73f83","method":"POST","result":200,"reason":"OK","latencyMs":196.97}
{"timestamp":1791632381994,"service":"control","requestId":"6a560172-fe28-4ee4-94e0-e5e9cd1a214f","method":"GET","result":200,"reason":"OK","latencyMs":191.93}
{"timestamp":1791632382034,"service":"control","requestId":"6c8bd289-767a-471d-b414-103508bb4a72","method":"GET","result":200,"reason":"OK","latencyMs":192.89}
{"timestamp":1791632382077,"service":"control","requestId":"dac6d5c6-3bf2-41d6-a539-1f3cb0a7f8e6","method":"GET","result":200,"reason":"OK","latencyMs":194}
{"timestamp":1791632382118,"service":"control","requestId":"da8790c0-2db5-433d-a58e-d3fbd04ae0d8","method":"GET","result":200,"reason":"OK","latencyMs":200.76}
{"timestamp":1791632382165,"service":"control","requestId":"78c69675-9b89-4dff-8fcb-fb2ae1797b2c","method":"POST","result":200,"reason":"OK","latencyMs":202.83}
{"timestamp":1791632382202,"service":"control","requestId":"0ad971f7-ea17-4dbf-bb07-cc826f026ab7","method":"POST","result":200,"reason":"OK","latencyMs":202.2}
{"timestamp":1791632382238,"service":"control","requestId":"97b039e4-67e8-4fbc-9015-9e70b91807dd","method":"POST","result":200,"reason":"OK","latencyMs":198.34}
{"timestamp":1791632382262,"service":"control","requestId":"5fb8124d-c9ee-4876-8371-b4c4916f9049","method":"POST","result":200,"reason":"OK","latencyMs":176.03}
{"timestamp":1791632382317,"service":"control","requestId":"bfa96ebc-f544-4bd0-903d-c2e3ddf9aabd","method":"POST","result":200,"reason":"OK","latencyMs":187.33}
{"timestamp":1791632382372,"service":"control","requestId":"5877a7fd-e6b2-4446-ae71-cbe0c5dab06f","method":"POST","result":200,"reason":"OK","latencyMs":201.52}
{"timestamp":1791632382416,"service":"control","requestId":"9c7995b2-9be7-4526-9b9c-da82e0f29e5e","method":"POST","result":200,"reason":"OK","latencyMs":208.95}
{"timestamp":1791632382482,"service":"control","requestId":"731978a9-0fd3-4fdb-9cf1-25eff21c2ed8","method":"POST","result":200,"reason":"OK","latencyMs":238.9}
{"timestamp":1791632382527,"service":"control","requestId":"46298dd1-051a-47d0-8eaf-8097b244a603","method":"POST","result":200,"reason":"OK","latencyMs":227.68}
{"timestamp":1791632382566,"service":"control","requestId":"a86b766d-d704-4341-9b0f-db6f7b1acf5e","method":"POST","result":200,"reason":"OK","latencyMs":211.54}
{"timestamp":1791632382602,"service":"control","requestId":"017f20ae-954f-43d6-824b-5a7728ba5d4e","method":"POST","result":200,"reason":"OK","latencyMs":202.07}
{"timestamp":1791632382622,"service":"control","requestId":"bdff9177-3c9b-4b8c-a35d-aa61300b1adc","method":"POST","result":200,"reason":"OK","latencyMs":176.32}
{"timestamp":1791632382667,"service":"control","requestId":"4065c92e-7a56-48bf-a059-20cd93d64202","method":"POST","result":200,"reason":"OK","latencyMs":174.15}
{"timestamp":1791632382725,"service":"control","requestId":"a18137b2-5c75-4f4d-8c1b-379eb8eeb2fe","method":"POST","result":200,"reason":"OK","latencyMs":193.78}
{"timestamp":1791632382773,"service":"control","requestId":"9613eb0c-74a8-494f-9328-c9e3b4247eb2","method":"POST","result":200,"reason":"OK","latencyMs":201.29}
{"timestamp":1791632382821,"service":"control","requestId":"bab08c81-7ac6-4ff3-935b-c18051a7ce32","method":"POST","result":200,"reason":"OK","latencyMs":215.66}
{"timestamp":1791632382883,"service":"control","requestId":"c33f26d3-84cb-4412-bb47-a01a7789a3eb","method":"GET","result":200,"reason":"OK","latencyMs":233.12}
{"timestamp":1791632382931,"service":"control","requestId":"ba0ae8a5-63c7-42d2-99c7-172d6a7abbbf","method":"GET","result":200,"reason":"OK","latencyMs":239.35}
{"timestamp":1791632382970,"service":"control","requestId":"7548f2bb-adb5-4047-ad9e-1f99d771f948","method":"GET","result":200,"reason":"OK","latencyMs":240.19}
{"timestamp":1791632383007,"service":"control","requestId":"8fb34bee-c85b-4f8c-9228-2a50da1b16de","method":"GET","result":200,"reason":"OK","latencyMs":227.43}
{"timestamp":1791632383047,"service":"control","requestId":"16504466-485a-4e2d-8288-c4fc182ec586","method":"POST","result":200,"reason":"OK","latencyMs":209.86}
{"timestamp":1791632383081,"service":"control","requestId":"a24d3c39-573f-4dea-aeb2-cb07237ae7df","method":"POST","result":200,"reason":"OK","latencyMs":190.9}
{"timestamp":1791632383116,"service":"control","requestId":"8d30262b-d2a4-412a-8e6d-491ccbb947d2","method":"POST","result":200,"reason":"OK","latencyMs":180.23}
{"timestamp":1791632383139,"service":"control","requestId":"c0d5d96f-9958-4ca9-a389-a72723b31cf0","method":"POST","result":200,"reason":"OK","latencyMs":163.45}
{"timestamp":1791632383200,"service":"control","requestId":"9ed878ef-0997-402b-aa66-517254dcdedb","method":"POST","result":200,"reason":"OK","latencyMs":183.33}
{"timestamp":1791632383248,"service":"control","requestId":"702d05ea-bafe-4200-93fa-75a55927e7b7","method":"POST","result":200,"reason":"OK","latencyMs":197.41}
{"timestamp":1791632383298,"service":"control","requestId":"e42b7c13-960a-42e8-a8f1-d6fd7aa2de68","method":"POST","result":200,"reason":"OK","latencyMs":212.89}
{"timestamp":1791632383349,"service":"control","requestId":"490f1d8d-68b6-422f-8ab1-1daa0c6fc4e0","method":"POST","result":200,"reason":"OK","latencyMs":227.88}
{"timestamp":1791632383387,"service":"control","requestId":"4ea52cbc-4f15-45f4-8917-ede5e16eea82","method":"POST","result":200,"reason":"OK","latencyMs":210.37}
{"timestamp":1791632383425,"service":"control","requestId":"00191cf0-de04-4c66-9cd4-2b71c3b60a18","method":"POST","result":200,"reason":"OK","latencyMs":196.94}
{"timestamp":1791632383459,"service":"control","requestId":"45229798-e6d7-46a0-96c0-56a39d709826","method":"POST","result":200,"reason":"OK","latencyMs":179.45}
{"timestamp":1791632383498,"service":"control","requestId":"49ab991c-da1e-40b3-b7c4-27ebd2146419","method":"POST","result":200,"reason":"OK","latencyMs":175.4}
{"timestamp":1791632383544,"service":"control","requestId":"5b2285c9-935f-46fa-9bad-7d0b12ea35fb","method":"POST","result":200,"reason":"OK","latencyMs":185.01}
{"timestamp":1791632383582,"service":"control","requestId":"8cbd66f4-29af-4c2b-be6d-3dc708b00bbe","method":"POST","result":200,"reason":"OK","latencyMs":189.31}
{"timestamp":1791632383617,"service":"control","requestId":"044744b7-e2a2-4d3e-a762-44ea0f9dff85","method":"POST","result":200,"reason":"OK","latencyMs":187.55}
{"timestamp":1791632383651,"service":"control","requestId":"9a38b495-d265-4bb8-aefc-858d2fee0b18","method":"POST","result":200,"reason":"OK","latencyMs":185.97}
{"timestamp":1791632383691,"service":"control","requestId":"63914526-c895-4a53-b888-0897403e3e1d","method":"GET","result":200,"reason":"OK","latencyMs":182.6}
{"timestamp":1791632383724,"service":"control","requestId":"61710feb-e686-455f-baed-46776d0470c2","method":"GET","result":200,"reason":"OK","latencyMs":174.9}
{"timestamp":1791632383761,"service":"control","requestId":"238e2b3d-6061-4878-bd82-47cb3c68b9bf","method":"GET","result":200,"reason":"OK","latencyMs":174.33}
{"timestamp":1791632383805,"service":"control","requestId":"5bc24164-72d8-4d70-ad4f-38a2d86d1511","method":"GET","result":200,"reason":"OK","latencyMs":183.52}
{"timestamp":1791632383856,"service":"control","requestId":"e7a9ec9f-ebf8-4fd3-960e-ea8e2b7a0870","method":"POST","result":200,"reason":"OK","latencyMs":194.28}
{"timestamp":1791632383890,"service":"control","requestId":"a2e76ed3-c8bc-432d-9a0d-fed7528e39c7","method":"POST","result":200,"reason":"OK","latencyMs":194.48}
{"timestamp":1791632383925,"service":"control","requestId":"bba45ed6-8d5d-46ee-8cc8-81b63615b732","method":"POST","result":200,"reason":"OK","latencyMs":195.45}
{"timestamp":1791632383946,"service":"control","requestId":"9c50291f-ca3c-4297-a444-ae236e4e8ee1","method":"POST","result":200,"reason":"OK","latencyMs":180.24}
{"timestamp":1791632383999,"service":"control","requestId":"004fef3d-de1c-49f0-87a2-ef859a4517ff","method":"POST","result":200,"reason":"OK","latencyMs":179.61}
{"timestamp":1791632384038,"service":"control","requestId":"df594181-ee6c-41d7-ad40-888c2a257f1e","method":"POST","result":200,"reason":"OK","latencyMs":177.43}
{"timestamp":1791632384088,"service":"control","requestId":"5b9a64ad-8a9a-4af4-8a55-cb2fb6bab8f7","method":"POST","result":200,"reason":"OK","latencyMs":194.02}
{"timestamp":1791632384152,"service":"control","requestId":"898d88d5-2d23-4d16-a4bc-80f383201e27","method":"POST","result":200,"reason":"OK","latencyMs":222.18}
{"timestamp":1791632384191,"service":"control","requestId":"58f01f09-19ab-490d-bca2-70ab499b112e","method":"POST","result":200,"reason":"OK","latencyMs":214.61}
{"timestamp":1791632384225,"service":"control","requestId":"1f1d2c25-9f1e-40d8-8f60-c852e20b9196","method":"POST","result":200,"reason":"OK","latencyMs":205.7}
{"timestamp":1791632384259,"service":"control","requestId":"70d5f573-d883-44bf-943c-2079a69f75b2","method":"POST","result":200,"reason":"OK","latencyMs":191.62}
{"timestamp":1791632384296,"service":"control","requestId":"de509ccc-7c8e-41d5-b566-0728b897a318","method":"POST","result":200,"reason":"OK","latencyMs":179.09}
{"timestamp":1791632384344,"service":"control","requestId":"ccb22979-0280-4b19-81fb-a523eccfbd02","method":"POST","result":200,"reason":"OK","latencyMs":187.66}
{"timestamp":1791632384386,"service":"control","requestId":"61fefaa6-eaa0-4bff-bc39-2505d0db05f3","method":"POST","result":200,"reason":"OK","latencyMs":191.04}
{"timestamp":1791632384430,"service":"control","requestId":"f047354c-eb8b-499a-967c-f394470c8194","method":"POST","result":200,"reason":"OK","latencyMs":200.73}
{"timestamp":1791632384468,"service":"control","requestId":"4c3f3ed9-b811-4c62-8cd2-2ceca772490c","method":"POST","result":200,"reason":"OK","latencyMs":204.29}
{"timestamp":1791632384534,"service":"control","requestId":"9244f087-d0c8-4cde-b584-9b55984df3dd","method":"GET","result":200,"reason":"OK","latencyMs":225.12}
{"timestamp":1791632384570,"service":"control","requestId":"ec789c46-6849-429d-b872-7c3d2a3add9d","method":"GET","result":200,"reason":"OK","latencyMs":221.79}
{"timestamp":1791632384604,"service":"control","requestId":"ed24adc1-7ba1-4bd8-8aa4-29d7a0037b1b","method":"GET","result":200,"reason":"OK","latencyMs":212.6}
{"timestamp":1791632384637,"service":"control","requestId":"35df89b1-b5b5-48f9-bd28-6c925679513c","method":"GET","result":200,"reason":"OK","latencyMs":201.73}
{"timestamp":1791632384692,"service":"control","requestId":"727da53f-71fb-4f86-890a-18199f64af63","method":"POST","result":200,"reason":"OK","latencyMs":187.98}
{"timestamp":1791632384731,"service":"control","requestId":"bcc7ebbf-5cb1-4bdb-85f7-b17235fdcc3e","method":"POST","result":200,"reason":"OK","latencyMs":192.38}
{"timestamp":1791632384768,"service":"control","requestId":"447632f0-ab9c-4355-aa4c-36865adfe980","method":"POST","result":200,"reason":"OK","latencyMs":193.35}
{"timestamp":1791632384796,"service":"control","requestId":"b7ce1e64-b18c-4b3c-ba2e-303bd48a8bc9","method":"POST","result":200,"reason":"OK","latencyMs":187.39}
{"timestamp":1791632384858,"service":"control","requestId":"4a04bd1d-5ba1-45ef-b984-1644df8fe084","method":"POST","result":200,"reason":"OK","latencyMs":207.32}
{"timestamp":1791632384911,"service":"control","requestId":"b0bcf5cd-1eb6-480f-9802-d670a08f4571","method":"POST","result":200,"reason":"OK","latencyMs":213.81}
{"timestamp":1791632384987,"service":"control","requestId":"21f1939b-2a6a-46b1-b181-d2826bf91f13","method":"POST","result":200,"reason":"OK","latencyMs":250.57}
{"timestamp":1791632385028,"service":"control","requestId":"8c6249a3-4cf3-4fe0-9e48-0f4104330c45","method":"POST","result":200,"reason":"OK","latencyMs":255.39}
{"timestamp":1791632385085,"service":"control","requestId":"365dc2bb-7ec3-41d9-b435-718d5c63e5d0","method":"POST","result":200,"reason":"OK","latencyMs":247.45}
{"timestamp":1791632385132,"service":"control","requestId":"39e7fca8-f248-4bd4-8745-0f22d71e3488","method":"POST","result":200,"reason":"OK","latencyMs":241.96}
{"timestamp":1791632385170,"service":"control","requestId":"dcbfe05d-accb-489a-ab2e-cd61a7b7ca3e","method":"POST","result":200,"reason":"OK","latencyMs":214.69}
{"timestamp":1791632385206,"service":"control","requestId":"fa531dd6-f003-4833-8d24-fc10e65e9114","method":"POST","result":200,"reason":"OK","latencyMs":214.82}
{"timestamp":1791632385249,"service":"control","requestId":"ebee98a9-388d-4183-9e20-6a415ae71b63","method":"POST","result":200,"reason":"OK","latencyMs":206.54}
{"timestamp":1791632385291,"service":"control","requestId":"2e2f741d-0bbb-4a35-9dab-eec94dbde9d7","method":"POST","result":200,"reason":"OK","latencyMs":199.83}
{"timestamp":1791632385329,"service":"control","requestId":"f6cb4bb0-5d96-4b07-9415-81173d8963f2","method":"POST","result":200,"reason":"OK","latencyMs":190.75}
{"timestamp":1791632385366,"service":"control","requestId":"320943bd-701d-490a-833f-22838e902fed","method":"POST","result":200,"reason":"OK","latencyMs":191.6}
{"timestamp":1791632385412,"service":"control","requestId":"ee336fb9-cdb8-4c72-af87-812ae52afcfc","method":"GET","result":200,"reason":"OK","latencyMs":194.26}
{"timestamp":1791632385443,"service":"control","requestId":"f2baa0cd-faf9-4247-a28b-90b029539338","method":"GET","result":200,"reason":"OK","latencyMs":190.54}
{"timestamp":1791632385481,"service":"control","requestId":"c172dcd3-63cc-4809-b848-2281c311e2c0","method":"GET","result":200,"reason":"OK","latencyMs":185.76}
{"timestamp":1791632385516,"service":"control","requestId":"2cc50d5b-9111-4cbe-827a-1558c0e34f05","method":"GET","result":200,"reason":"OK","latencyMs":183.22}
{"timestamp":1791632385561,"service":"control","requestId":"fc7d8215-183a-47e1-8ef2-9d06245b56ae","method":"POST","result":200,"reason":"OK","latencyMs":182.92}
{"timestamp":1791632385608,"service":"control","requestId":"efbe6b1b-e52a-4162-a5e3-de1d433aee25","method":"POST","result":200,"reason":"OK","latencyMs":199.16}
{"timestamp":1791632385656,"service":"control","requestId":"dcd2db47-2684-4014-bb00-7f2104a6e844","method":"POST","result":200,"reason":"OK","latencyMs":208.23}
{"timestamp":1791632385681,"service":"control","requestId":"a76225d4-357c-4167-b12a-5835f885674e","method":"POST","result":200,"reason":"OK","latencyMs":195.44}
{"timestamp":1791632385796,"service":"control","requestId":"2da04a4c-c840-49cc-8c55-066f447374c0","method":"POST","result":200,"reason":"OK","latencyMs":266.86}
{"timestamp":1791632385828,"service":"control","requestId":"6f625f28-8530-4292-a64b-b2fe8aceaa11","method":"POST","result":200,"reason":"OK","latencyMs":262.42}
{"timestamp":1791632385886,"service":"control","requestId":"6b20446f-0d55-419e-831b-325d8eb947a9","method":"POST","result":200,"reason":"OK","latencyMs":271.5}
{"timestamp":1791632385957,"service":"control","requestId":"51e59452-146c-4ab8-9a90-c9c2b9b0d2b7","method":"POST","result":200,"reason":"OK","latencyMs":294.42}
{"timestamp":1791632386011,"service":"control","requestId":"a3f72fe7-c283-4355-afed-70229e2ca540","method":"POST","result":200,"reason":"OK","latencyMs":271.48}
{"timestamp":1791632386047,"service":"control","requestId":"be78e10e-1f22-4009-8509-bc5e849cc12d","method":"POST","result":200,"reason":"OK","latencyMs":243.77}
{"timestamp":1791632386081,"service":"control","requestId":"1207a454-cc5d-4e7d-99a4-214d2557989e","method":"POST","result":200,"reason":"OK","latencyMs":220.68}
{"timestamp":1791632386116,"service":"control","requestId":"c9c1247f-e4a2-4949-a1f0-0a9233db92de","method":"POST","result":200,"reason":"OK","latencyMs":199.49}
{"timestamp":1791632386150,"service":"control","requestId":"9d6c854a-9120-4293-86c8-5e4a47a95225","method":"POST","result":200,"reason":"OK","latencyMs":176.78}
{"timestamp":1791632386219,"service":"control","requestId":"6bfef0fd-dd23-49b9-b679-5ffa71423bb6","method":"POST","result":200,"reason":"OK","latencyMs":204}
{"timestamp":1791632386244,"service":"control","requestId":"580790b0-8cf1-4b3b-bf75-a76679126982","method":"POST","result":200,"reason":"OK","latencyMs":192.77}
{"timestamp":1791632386321,"service":"control","requestId":"57d8994b-def5-4982-bbed-73d3472af971","method":"POST","result":200,"reason":"OK","latencyMs":235.39}
{"timestamp":1791632386358,"service":"control","requestId":"754f27d4-8fe8-4e6e-94ff-1000d4501215","method":"GET","result":200,"reason":"OK","latencyMs":230.63}
{"timestamp":1791632386391,"service":"control","requestId":"7a26d821-1e9a-4ddc-a3f5-6d1f9d767a71","method":"GET","result":200,"reason":"OK","latencyMs":217.86}
{"timestamp":1791632386428,"service":"control","requestId":"af366cb8-4b5a-424b-8093-9a795ec640c9","method":"GET","result":200,"reason":"OK","latencyMs":202.73}
{"timestamp":1791632386472,"service":"control","requestId":"593b82c8-c089-4fc7-920e-b288a9865aeb","method":"GET","result":200,"reason":"OK","latencyMs":195.59}
{"timestamp":1791632386509,"service":"control","requestId":"1641f8f4-7d65-484d-86d6-1d80636fb902","method":"POST","result":200,"reason":"OK","latencyMs":183.61}
{"timestamp":1791632386544,"service":"control","requestId":"a9899155-8512-487d-9f5c-6c41c83170aa","method":"POST","result":200,"reason":"OK","latencyMs":181.72}
{"timestamp":1791632386579,"service":"control","requestId":"38e38610-4cb8-431c-adcc-f685dd77a18c","method":"POST","result":200,"reason":"OK","latencyMs":183.59}
{"timestamp":1791632386601,"service":"control","requestId":"933f4a43-573a-4244-baa9-7b6bbff12a23","method":"POST","result":200,"reason":"OK","latencyMs":168.55}
{"timestamp":1791632386659,"service":"control","requestId":"3bf21ece-ee1b-4036-97c4-90ba539fe791","method":"POST","result":200,"reason":"OK","latencyMs":182.72}
{"timestamp":1791632386697,"service":"control","requestId":"1b90304b-89b0-483f-a107-fafea8947345","method":"POST","result":200,"reason":"OK","latencyMs":183.8}
{"timestamp":1791632386787,"service":"control","requestId":"31502cd6-7f93-4704-ae07-0f098ae448b6","method":"POST","result":200,"reason":"OK","latencyMs":239.11}
{"timestamp":1791632386829,"service":"control","requestId":"84051479-b90f-4801-8e0c-ea0b1b27264a","method":"POST","result":200,"reason":"OK","latencyMs":244.62}
{"timestamp":1791632386882,"service":"control","requestId":"846c1c98-01b9-415e-b718-9cadb07f30fe","method":"POST","result":200,"reason":"OK","latencyMs":246.01}
{"timestamp":1791632386920,"service":"control","requestId":"2d4d575e-ad4f-4fd0-827b-6e442f6d172e","method":"POST","result":200,"reason":"OK","latencyMs":239.27}
{"timestamp":1791632386958,"service":"control","requestId":"2235fd6c-5ced-4ed2-9e3d-8ec11e63d827","method":"POST","result":200,"reason":"OK","latencyMs":220.02}
{"timestamp":1791632386995,"service":"control","requestId":"a8fbf487-cb86-4233-848d-329416ce8c09","method":"POST","result":200,"reason":"OK","latencyMs":201.51}
{"timestamp":1791632387039,"service":"control","requestId":"3b1f1ba0-73a8-40cf-b5ad-05e741bbf8f4","method":"POST","result":200,"reason":"OK","latencyMs":196.9}
{"timestamp":1791632387078,"service":"control","requestId":"dddceb88-7a42-4e6b-bef8-6b20b94db9d0","method":"POST","result":200,"reason":"OK","latencyMs":191.43}
{"timestamp":1791632387119,"service":"control","requestId":"b2b947c0-7d19-4fa6-a8fc-210e69bea8b0","method":"POST","result":200,"reason":"OK","latencyMs":194.31}
{"timestamp":1791632387154,"service":"control","requestId":"e5cdd6b6-60a4-4474-8072-44fcb34e65bc","method":"POST","result":200,"reason":"OK","latencyMs":191.88}
{"timestamp":1791632387205,"service":"control","requestId":"f0ac4126-06c2-4193-8465-9d7d7b455617","method":"GET","result":200,"reason":"OK","latencyMs":198.91}
{"timestamp":1791632387253,"service":"control","requestId":"b1b72a67-0ba9-40ca-98b3-f46dad25a97b","method":"GET","result":200,"reason":"OK","latencyMs":208.39}
{"timestamp":1791632387301,"service":"control","requestId":"a003809d-da30-4524-936a-9747f5914c4c","method":"GET","result":200,"reason":"OK","latencyMs":216.99}
{"timestamp":1791632387347,"service":"control","requestId":"d19d318c-a0b6-412f-a534-397fa7701712","method":"GET","result":200,"reason":"OK","latencyMs":223.5}
{"timestamp":1791632387402,"service":"control","requestId":"61caec76-48a3-40e7-b80b-ef9681841ba8","method":"POST","result":200,"reason":"OK","latencyMs":235.51}
{"timestamp":1791632387440,"service":"control","requestId":"4287b035-0266-434a-b3b3-bd0a8e45c145","method":"POST","result":200,"reason":"OK","latencyMs":229.38}
{"timestamp":1791632387476,"service":"control","requestId":"62fb9554-1ad4-4696-bd0f-8e0a91ade62d","method":"POST","result":200,"reason":"OK","latencyMs":216.49}
{"timestamp":1791632387501,"service":"control","requestId":"8d9a4c33-c82f-4552-b28b-667f83ade81e","method":"POST","result":200,"reason":"OK","latencyMs":193.72}
{"timestamp":1791632387587,"service":"control","requestId":"1611c36f-7131-4d4e-ac62-1aaa75c3f3b5","method":"POST","result":200,"reason":"OK","latencyMs":227.28}
{"timestamp":1791632387642,"service":"control","requestId":"07cf2b9a-8834-4beb-bd7a-379d51780608","method":"POST","result":200,"reason":"OK","latencyMs":233.77}
{"timestamp":1791632387687,"service":"control","requestId":"f16282d5-7216-4fd5-9be1-9e4c8ab2a6a2","method":"POST","result":200,"reason":"OK","latencyMs":241.36}
{"timestamp":1791632387750,"service":"control","requestId":"cdc692a2-1878-4466-8706-b72c1ba01831","method":"POST","result":200,"reason":"OK","latencyMs":266.03}
{"timestamp":1791632387785,"service":"control","requestId":"7b39ce11-6625-49a7-8b18-bcf3a07f3549","method":"POST","result":200,"reason":"OK","latencyMs":230.23}
{"timestamp":1791632387819,"service":"control","requestId":"246887c4-daed-420a-8fbb-19a63de63d15","method":"POST","result":200,"reason":"OK","latencyMs":197.26}
{"timestamp":1791632387853,"service":"control","requestId":"5c62dbc6-47d3-4a29-8e13-8e2cff0b66aa","method":"POST","result":200,"reason":"OK","latencyMs":189.4}
{"timestamp":1791632387896,"service":"control","requestId":"fd195608-1565-496e-b1d1-61c4b7394a3a","method":"POST","result":200,"reason":"OK","latencyMs":182.85}
{"timestamp":1791632387945,"service":"control","requestId":"70a110cb-9c75-4bfe-a5a5-23a20a6cb799","method":"POST","result":200,"reason":"OK","latencyMs":190.73}
{"timestamp":1791632387991,"service":"control","requestId":"56d9da23-3fa8-4ccf-8d08-5a042685873c","method":"POST","result":200,"reason":"OK","latencyMs":201.81}
{"timestamp":1791632388031,"service":"control","requestId":"48bbde86-41cb-4d19-91b9-ec199af1cb89","method":"POST","result":200,"reason":"OK","latencyMs":207.11}
{"timestamp":1791632388069,"service":"control","requestId":"436ca0d2-c8a8-4a98-94fd-8017d435d4fb","method":"POST","result":200,"reason":"OK","latencyMs":211.51}
{"timestamp":1791632388119,"service":"control","requestId":"7309af99-ae9b-4980-a9ea-99b625545264","method":"GET","result":200,"reason":"OK","latencyMs":209.25}
{"timestamp":1791632388154,"service":"control","requestId":"e0f5ca02-d8f3-4f82-a430-4eefd3772709","method":"GET","result":200,"reason":"OK","latencyMs":203.58}
{"timestamp":1791632388193,"service":"control","requestId":"6e3baeb2-f8c2-447e-9785-12f0baee813f","method":"GET","result":200,"reason":"OK","latencyMs":197.2}
{"timestamp":1791632388224,"service":"control","requestId":"2910dfc8-9fd7-430e-988b-bf536851e68b","method":"GET","result":200,"reason":"OK","latencyMs":181.58}
{"timestamp":1791632388269,"service":"control","requestId":"b1663f16-3712-42a5-8c3e-041efb7c22e6","method":"POST","result":200,"reason":"OK","latencyMs":183.88}
{"timestamp":1791632388306,"service":"control","requestId":"30e9b93b-93b7-4af4-8465-4108029d0b0d","method":"POST","result":200,"reason":"OK","latencyMs":181.36}
{"timestamp":1791632388340,"service":"control","requestId":"17beaa9f-aaec-4c93-80ff-cfb8183ae522","method":"POST","result":200,"reason":"OK","latencyMs":181.7}
{"timestamp":1791632388363,"service":"control","requestId":"c7146279-916b-4d51-b333-370538f550ca","method":"POST","result":200,"reason":"OK","latencyMs":174.2}
{"timestamp":1791632388440,"service":"control","requestId":"381fc0ce-9af6-46e8-970f-fa43e104b86f","method":"POST","result":200,"reason":"OK","latencyMs":203.93}
{"timestamp":1791632388487,"service":"control","requestId":"1751a822-50f9-4cac-a85e-49ec901847b5","method":"POST","result":200,"reason":"OK","latencyMs":212.95}
{"timestamp":1791632388512,"service":"control","requestId":"86af1cfe-f04b-4e36-b0b5-cbf5386e6aae","method":"POST","result":200,"reason":"OK","latencyMs":201.7}
{"timestamp":1791632388573,"service":"control","requestId":"a2de899d-b25b-411b-a1ab-2d7f32091aac","method":"POST","result":200,"reason":"OK","latencyMs":227.68}
{"timestamp":1791632388621,"service":"control","requestId":"5bc8d57c-f421-4f5d-88fa-6d47726d8355","method":"POST","result":200,"reason":"OK","latencyMs":222.3}
{"timestamp":1791632388660,"service":"control","requestId":"45b7e21f-7f09-4d3a-a180-24768f14ded4","method":"POST","result":200,"reason":"OK","latencyMs":215.3}
{"timestamp":1791632388697,"service":"control","requestId":"46a8c2df-5def-43ce-81c1-8c13eadaec5d","method":"POST","result":200,"reason":"OK","latencyMs":206.02}
{"timestamp":1791632388734,"service":"control","requestId":"34672c0b-a6ab-4932-b8c9-8904f5820ce4","method":"POST","result":200,"reason":"OK","latencyMs":197.91}
{"timestamp":1791632388788,"service":"control","requestId":"9de64efd-6073-4e7f-bf8c-0b5d8ec9083f","method":"POST","result":200,"reason":"OK","latencyMs":201.37}
{"timestamp":1791632388827,"service":"control","requestId":"efacad19-0897-4d48-823b-41f6b37c6ca9","method":"POST","result":200,"reason":"OK","latencyMs":201.42}
{"timestamp":1791632388872,"service":"control","requestId":"fa862c7f-2501-41c7-94e9-e422be04a016","method":"POST","result":200,"reason":"OK","latencyMs":207.95}
{"timestamp":1791632388910,"service":"control","requestId":"3c6e9678-2a2f-4eae-bd06-cd16738e6497","method":"POST","result":200,"reason":"OK","latencyMs":207.29}
{"timestamp":1791632388962,"service":"control","requestId":"7e31488d-4c2d-4f43-9bd5-df8a238e4d52","method":"GET","result":200,"reason":"OK","latencyMs":213.52}
{"timestamp":1791632389000,"service":"control","requestId":"b2bf1605-6ad3-430b-9b13-9eed985c571f","method":"GET","result":200,"reason":"OK","latencyMs":206.4}
{"timestamp":1791632389043,"service":"control","requestId":"b6b0c030-b762-4267-9572-de6ec00dd23c","method":"GET","result":200,"reason":"OK","latencyMs":209.88}
{"timestamp":1791632389095,"service":"control","requestId":"b0841c50-110f-4688-971e-bad231512bb2","method":"GET","result":200,"reason":"OK","latencyMs":217.82}
{"timestamp":1791632389136,"service":"control","requestId":"da47816a-a9b7-46e5-b8a6-a486be8e19bd","method":"POST","result":200,"reason":"OK","latencyMs":209.47}
{"timestamp":1791632389178,"service":"control","requestId":"019e305a-5516-4a9c-802e-0694219a2f6f","method":"POST","result":200,"reason":"OK","latencyMs":211.61}
{"timestamp":1791632389215,"service":"control","requestId":"01911ec4-ab91-4637-b29f-0de19ed93857","method":"POST","result":200,"reason":"OK","latencyMs":210.42}
{"timestamp":1791632389239,"service":"control","requestId":"d4b7dfb9-2cac-4d05-882d-65f211578bfd","method":"POST","result":200,"reason":"OK","latencyMs":189.51}
{"timestamp":1791632389296,"service":"control","requestId":"64b915c0-5e93-4f88-a54e-f656e586e41f","method":"POST","result":200,"reason":"OK","latencyMs":196.89}
{"timestamp":1791632389346,"service":"control","requestId":"a9c6babd-30e0-4f9b-b140-5d988bc0ae72","method":"POST","result":200,"reason":"OK","latencyMs":198.75}
{"timestamp":1791632389413,"service":"control","requestId":"eda91a6c-a95e-4018-8f64-a243439758d4","method":"POST","result":200,"reason":"OK","latencyMs":229.87}
{"timestamp":1791632389462,"service":"control","requestId":"35e75ef3-57ed-4d92-9c3a-fa02431991af","method":"POST","result":200,"reason":"OK","latencyMs":242.45}
{"timestamp":1791632389503,"service":"control","requestId":"d69f8777-0566-4241-913a-9c47f0b70613","method":"POST","result":200,"reason":"OK","latencyMs":227.59}
{"timestamp":1791632389544,"service":"control","requestId":"38012982-de68-47c7-bf20-6ba6afa84c9c","method":"POST","result":200,"reason":"OK","latencyMs":218.23}
{"timestamp":1791632389593,"service":"control","requestId":"c5fa9d36-ef71-4445-8684-d9c015868015","method":"POST","result":200,"reason":"OK","latencyMs":222.11}
{"timestamp":1791632389632,"service":"control","requestId":"092157c5-a14a-45dc-9a7b-2d500edb2083","method":"POST","result":200,"reason":"OK","latencyMs":205.86}
{"timestamp":1791632389669,"service":"control","requestId":"72574e36-9f9e-46a1-b0b4-07a62a8f7ddc","method":"POST","result":200,"reason":"OK","latencyMs":202.03}
{"timestamp":1791632389709,"service":"control","requestId":"e14c3472-9f62-413d-a0ba-e721525d7303","method":"POST","result":200,"reason":"OK","latencyMs":201.04}
{"timestamp":1791632389764,"service":"control","requestId":"12b5aaa9-08db-44fa-809a-ff5a25b77317","method":"POST","result":200,"reason":"OK","latencyMs":215.06}
{"timestamp":1791632389801,"service":"control","requestId":"127e5011-6cb2-4454-b81a-e51b46b16859","method":"POST","result":200,"reason":"OK","latencyMs":203.46}
{"timestamp":1791632389839,"service":"control","requestId":"c0e8bb6e-a1be-441f-9df5-f0028e988848","method":"GET","result":200,"reason":"OK","latencyMs":202.95}
{"timestamp":1791632389878,"service":"control","requestId":"305d1ee9-53d7-4acf-a8d9-44e2d5a7314d","method":"GET","result":200,"reason":"OK","latencyMs":204.31}
{"timestamp":1791632389920,"service":"control","requestId":"aef7be04-52ef-45b0-936d-83ade1047975","method":"GET","result":200,"reason":"OK","latencyMs":206.15}
{"timestamp":1791632389958,"service":"control","requestId":"4b0da28a-3d80-4473-96e1-a72d79bd497d","method":"GET","result":200,"reason":"OK","latencyMs":189.2}
{"timestamp":1791632389993,"service":"control","requestId":"d26f4da6-4c00-49c4-9cf2-5e0c56cc353e","method":"POST","result":200,"reason":"OK","latencyMs":187.21}
{"timestamp":1791632390029,"service":"control","requestId":"5d77fbbb-21fb-44e1-a23d-5901e7d93706","method":"POST","result":200,"reason":"OK","latencyMs":185.16}
{"timestamp":1791632390076,"service":"control","requestId":"1f500975-61fa-4a79-a34f-49039f40e4cd","method":"POST","result":200,"reason":"OK","latencyMs":193.19}
{"timestamp":1791632390102,"service":"control","requestId":"5dc4bf70-312e-4cd6-bfb6-8a534736e3bf","method":"POST","result":200,"reason":"OK","latencyMs":178.18}
{"timestamp":1791632390151,"service":"control","requestId":"7f8f2592-5a4e-4796-be4d-3f5f7be04dc3","method":"POST","result":200,"reason":"OK","latencyMs":188.11}
{"timestamp":1791632390210,"service":"control","requestId":"dd553a2e-42af-464f-9967-6e7cc4831273","method":"POST","result":200,"reason":"OK","latencyMs":212.04}
{"timestamp":1791632390277,"service":"control","requestId":"12ee9322-39d0-4cf8-8f51-9e96fd01a52a","method":"POST","result":200,"reason":"OK","latencyMs":243.52}
{"timestamp":1791632390348,"service":"control","requestId":"9735bf5f-396f-4172-bd1d-0a987be43cd9","method":"POST","result":200,"reason":"OK","latencyMs":268.46}
{"timestamp":1791632390383,"service":"control","requestId":"bf55878e-6c45-4888-894f-89b431aa22a3","method":"POST","result":200,"reason":"OK","latencyMs":253.2}
{"timestamp":1791632390429,"service":"control","requestId":"1ca299b6-78d3-4c97-9248-5665cf088a50","method":"POST","result":200,"reason":"OK","latencyMs":244.35}
{"timestamp":1791632390469,"service":"control","requestId":"d51b01bd-0981-464a-93d0-4cf477012f44","method":"POST","result":200,"reason":"OK","latencyMs":214.56}
{"timestamp":1791632390508,"service":"control","requestId":"6d329271-8e37-46cb-be24-167d4d168543","method":"POST","result":200,"reason":"OK","latencyMs":198.71}
{"timestamp":1791632390546,"service":"control","requestId":"d13db99d-da0b-497a-a783-53d48da5ab8a","method":"POST","result":200,"reason":"OK","latencyMs":193.07}
{"timestamp":1791632390594,"service":"control","requestId":"0b967f1a-23b7-44d9-9855-3992c4765500","method":"POST","result":200,"reason":"OK","latencyMs":206.25}
{"timestamp":1791632390632,"service":"control","requestId":"692bc731-c0f6-495f-912c-c68fe97c84e5","method":"POST","result":200,"reason":"OK","latencyMs":197.35}
{"timestamp":1791632390668,"service":"control","requestId":"cd202bb1-860a-4b27-9076-3f2e7ffc2533","method":"POST","result":200,"reason":"OK","latencyMs":194.01}
{"timestamp":1791632390713,"service":"control","requestId":"a614d080-8303-4a99-8057-cd57a06cc0e6","method":"GET","result":200,"reason":"OK","latencyMs":200.89}
{"timestamp":1791632390770,"service":"control","requestId":"b8d7aaf4-204a-4e55-9a22-c4424ac696d0","method":"GET","result":200,"reason":"OK","latencyMs":212.35}
{"timestamp":1791632390813,"service":"control","requestId":"3bec84de-28f5-4f7c-9dab-fc343029379f","method":"GET","result":200,"reason":"OK","latencyMs":213.13}
{"timestamp":1791632390839,"service":"control","requestId":"31523f11-e9a2-49a7-ad5f-607d4fff14c9","method":"GET","result":200,"reason":"OK","latencyMs":202.31}
{"timestamp":1791632390901,"service":"control","requestId":"14e647fe-830f-409d-bee0-424c68e2f007","method":"POST","result":200,"reason":"OK","latencyMs":228.57}
{"timestamp":1791632390944,"service":"control","requestId":"aa07a2d0-e676-4b86-afac-0e3612d99df8","method":"POST","result":200,"reason":"OK","latencyMs":223.76}
{"timestamp":1791632390968,"service":"control","requestId":"22f35b6b-a447-4275-96e3-fda3437034bf","method":"POST","result":200,"reason":"OK","latencyMs":191.42}
{"timestamp":1791632391017,"service":"control","requestId":"665939b8-114d-4597-9ff7-7cd91dfe0542","method":"POST","result":200,"reason":"OK","latencyMs":157.32}
{"timestamp":1791632391091,"service":"control","requestId":"8854bab3-402d-43c0-8b4a-4f52345f7091","method":"POST","result":200,"reason":"OK","latencyMs":224.42}
{"timestamp":1791632391161,"service":"control","requestId":"e7bf90e4-c3cf-42f2-9a2e-dd7d9fd1b250","method":"POST","result":200,"reason":"OK","latencyMs":249.24}
{"timestamp":1791632391191,"service":"control","requestId":"bec1dd75-7116-4df0-af68-e61243f18126","method":"POST","result":200,"reason":"OK","latencyMs":241.97}
{"timestamp":1791632391267,"service":"control","requestId":"bca00e18-ce49-4ec0-9719-d3a4b49cd9e1","method":"POST","result":200,"reason":"OK","latencyMs":270.5}
{"timestamp":1791632391313,"service":"control","requestId":"b35ff5ed-9eb2-44a7-9211-b6b5d5f986a8","method":"POST","result":200,"reason":"OK","latencyMs":267.54}
{"timestamp":1791632391354,"service":"control","requestId":"e2e39b6e-cd07-471b-8635-e316dd99e83c","method":"POST","result":200,"reason":"OK","latencyMs":241.16}
{"timestamp":1791632391402,"service":"control","requestId":"15c9d3d8-b2d9-4c7a-81c5-d1fb07cd9ad3","method":"POST","result":200,"reason":"OK","latencyMs":233.97}
{"timestamp":1791632391454,"service":"control","requestId":"2948d22f-a342-4021-8e26-6208a713af89","method":"POST","result":200,"reason":"OK","latencyMs":221.65}
{"timestamp":1791632391519,"service":"control","requestId":"9ba6142c-ab14-45c4-bb4f-3f86ab6439ed","method":"POST","result":200,"reason":"OK","latencyMs":247.78}
{"timestamp":1791632391582,"service":"control","requestId":"3362d291-473b-46d8-95f6-03cbe1ed270b","method":"POST","result":200,"reason":"OK","latencyMs":263.46}
{"timestamp":1791632391637,"service":"control","requestId":"e0da9c77-babf-4a79-8200-54787885ec2f","method":"POST","result":200,"reason":"OK","latencyMs":276.89}
{"timestamp":1791632391696,"service":"control","requestId":"f7e929fb-2bcb-4304-b064-8ca863da0f18","method":"POST","result":200,"reason":"OK","latencyMs":288.52}
{"timestamp":1791632391737,"service":"control","requestId":"640445c7-62b9-49b6-9da4-19acd8e02eb7","method":"GET","result":200,"reason":"OK","latencyMs":276.71}
{"timestamp":1791632391787,"service":"control","requestId":"3473bd20-3342-472f-8a9c-3ffdd80f6592","method":"GET","result":200,"reason":"OK","latencyMs":259.15}
{"timestamp":1791632391837,"service":"control","requestId":"e0ca6de9-6d8d-455a-8df5-9e5aaea01fc0","method":"GET","result":200,"reason":"OK","latencyMs":247.5}
{"timestamp":1791632391896,"service":"control","requestId":"bf158a62-3a26-458c-9a34-dcb6125b7932","method":"GET","result":200,"reason":"OK","latencyMs":252.46}
{"timestamp":1791632391937,"service":"control","requestId":"6896fa62-033c-4e62-96e3-adcdc78d9141","method":"POST","result":200,"reason":"OK","latencyMs":233.77}
{"timestamp":1791632391977,"service":"control","requestId":"27aa19b1-ab9d-4227-99cc-fb627e1b26ad","method":"POST","result":200,"reason":"OK","latencyMs":235.01}
{"timestamp":1791632392019,"service":"control","requestId":"76a6306e-ba61-4482-aa52-52b15efb27a5","method":"POST","result":200,"reason":"OK","latencyMs":225.46}
{"timestamp":1791632392051,"service":"control","requestId":"29f21f09-891f-4735-94aa-f5fa491def41","method":"POST","result":200,"reason":"OK","latencyMs":205.84}
{"timestamp":1791632392110,"service":"control","requestId":"a59e1f15-92c3-428c-be82-40cc56a870a6","method":"POST","result":200,"reason":"OK","latencyMs":209.11}
{"timestamp":1791632392182,"service":"control","requestId":"6bdee007-4d60-4ff1-9bbf-5b27f4f51599","method":"POST","result":200,"reason":"OK","latencyMs":239.81}
{"timestamp":1791632392210,"service":"control","requestId":"5100351c-bc36-49bf-b92c-533f14c348b9","method":"POST","result":200,"reason":"OK","latencyMs":228.74}
{"timestamp":1791632392282,"service":"control","requestId":"9e93fbc6-cb1b-4147-bc0f-124b1be69e5a","method":"POST","result":200,"reason":"OK","latencyMs":257.84}
{"timestamp":1791632392319,"service":"control","requestId":"632a6131-84c8-4b6a-bd11-46b86d48e5a2","method":"POST","result":200,"reason":"OK","latencyMs":235.36}
{"timestamp":1791632392364,"service":"control","requestId":"6318a0bc-328b-4cdb-9502-d3772016558a","method":"POST","result":200,"reason":"OK","latencyMs":222.24}
{"timestamp":1791632392419,"service":"control","requestId":"5fefd1ad-29aa-4433-bb73-e9705229d7aa","method":"POST","result":200,"reason":"OK","latencyMs":221.94}
{"timestamp":1791632392475,"service":"control","requestId":"82461cb1-c864-45bc-a5de-e4cd9540cd46","method":"POST","result":200,"reason":"OK","latencyMs":231.24}
{"timestamp":1791632392511,"service":"control","requestId":"789a16e0-b5be-4c57-a230-e53f486c659f","method":"POST","result":200,"reason":"OK","latencyMs":224.67}
{"timestamp":1791632392605,"service":"control","requestId":"12fc32bc-5461-4f32-a0e0-f12cb49cbd4f","method":"POST","result":200,"reason":"OK","latencyMs":281.49}
{"timestamp":1791632392645,"service":"control","requestId":"99aebcf3-317f-4422-a22c-c392b9ab8c7b","method":"POST","result":200,"reason":"OK","latencyMs":269.38}
{"timestamp":1791632392684,"service":"control","requestId":"18455b38-d5b5-4ce6-827a-476426f44a8f","method":"POST","result":200,"reason":"OK","latencyMs":248.76}
{"timestamp":1791632392734,"service":"control","requestId":"f24ae18e-dd5f-49fb-b1ea-f5aab7774d91","method":"GET","result":200,"reason":"OK","latencyMs":253.2}
{"timestamp":1791632392787,"service":"control","requestId":"861848f3-d147-4807-b99e-844a13cf7ff1","method":"GET","result":200,"reason":"OK","latencyMs":229.46}
{"timestamp":1791632392827,"service":"control","requestId":"fb028bba-b8be-422f-9643-2bb5497e122c","method":"GET","result":200,"reason":"OK","latencyMs":217.13}
{"timestamp":1791632392873,"service":"control","requestId":"28f4351f-fafc-404f-9acc-2d085e10db6f","method":"GET","result":200,"reason":"OK","latencyMs":224.09}
{"timestamp":1791632392923,"service":"control","requestId":"e0c3d50e-c84e-4e11-9d1d-11826fd433bc","method":"POST","result":200,"reason":"OK","latencyMs":234.07}
{"timestamp":1791632392984,"service":"control","requestId":"9be27637-b956-4c52-a247-2d765c525257","method":"POST","result":200,"reason":"OK","latencyMs":230.92}
{"timestamp":1791632393056,"service":"control","requestId":"8aa08136-1cde-4f74-9519-805657208038","method":"POST","result":200,"reason":"OK","latencyMs":263.28}
{"timestamp":1791632393082,"service":"control","requestId":"231db5b9-8544-4e75-bebc-c834b27dc61d","method":"POST","result":200,"reason":"OK","latencyMs":250.04}
{"timestamp":1791632393136,"service":"control","requestId":"2e829a0d-fabc-4ba4-af9b-975cbef1c68c","method":"POST","result":200,"reason":"OK","latencyMs":257.46}
{"timestamp":1791632393195,"service":"control","requestId":"7d2e62b6-6a57-41ed-bc4c-50c4ad8b4c74","method":"POST","result":200,"reason":"OK","latencyMs":261}
{"timestamp":1791632393254,"service":"control","requestId":"5309151c-4aed-4cd4-a902-8a18f2551441","method":"POST","result":200,"reason":"OK","latencyMs":236.62}
{"timestamp":1791632393321,"service":"control","requestId":"4452fa62-1c4e-4133-9c51-bdf64a128940","method":"POST","result":200,"reason":"OK","latencyMs":259.84}
{"timestamp":1791632393374,"service":"control","requestId":"e616f8b5-0307-42e4-92c5-cd33337331ae","method":"POST","result":200,"reason":"OK","latencyMs":263.68}
{"timestamp":1791632393416,"service":"control","requestId":"0ac88814-2207-4082-8b4a-59831aa3ee8a","method":"POST","result":200,"reason":"OK","latencyMs":247.09}
{"timestamp":1791632393468,"service":"control","requestId":"16e85860-1bd0-4d5d-bb1a-931981e056b5","method":"POST","result":200,"reason":"OK","latencyMs":242.29}
{"timestamp":1791632393534,"service":"control","requestId":"bc0b6727-f7b3-4800-9aae-d58280037626","method":"POST","result":200,"reason":"OK","latencyMs":249.82}
{"timestamp":1791632393585,"service":"control","requestId":"37c30efb-5c36-4535-a284-3dab3f84fc52","method":"POST","result":200,"reason":"OK","latencyMs":252.1}
{"timestamp":1791632393636,"service":"control","requestId":"6d702e45-aa21-4cf8-8dca-9d9b5a220075","method":"POST","result":200,"reason":"OK","latencyMs":257.98}
{"timestamp":1791632393688,"service":"control","requestId":"4185c133-2aa0-4b68-9c55-720ef6d1c483","method":"POST","result":200,"reason":"OK","latencyMs":267.29}
{"timestamp":1791632393731,"service":"control","requestId":"56e5b6fc-eec3-492b-91ba-e0b6f6967fc8","method":"POST","result":200,"reason":"OK","latencyMs":256.51}
{"timestamp":1791632393767,"service":"control","requestId":"8d2473d7-2560-4c97-8ac8-7a11a50060b5","method":"GET","result":200,"reason":"OK","latencyMs":226.14}
{"timestamp":1791632393803,"service":"control","requestId":"6d65139b-b9e1-4104-8db2-d00cd57a60c4","method":"GET","result":200,"reason":"OK","latencyMs":211.86}
{"timestamp":1791632393846,"service":"control","requestId":"477580f4-7729-43fa-a0e2-ef0c430ae3fe","method":"GET","result":200,"reason":"OK","latencyMs":202.28}
{"timestamp":1791632393884,"service":"control","requestId":"1c262678-9524-4b9b-bbd8-b18624f8ae19","method":"GET","result":200,"reason":"OK","latencyMs":180.56}
{"timestamp":1791632393907,"service":"control","requestId":"7214be70-4efd-49bc-8330-a8bda26055fe","method":"POST","result":200,"reason":"OK","latencyMs":170.48}
{"timestamp":1791632393968,"service":"control","requestId":"1f912f0a-4421-43dd-9d9a-b4f7c7018c50","method":"POST","result":200,"reason":"OK","latencyMs":196.41}
{"timestamp":1791632394014,"service":"control","requestId":"f52cde52-78b5-440b-abce-e538b85b02b2","method":"POST","result":200,"reason":"OK","latencyMs":205.91}
{"timestamp":1791632394042,"service":"control","requestId":"2e2ba00f-e6bb-457a-af52-aac8d66a393c","method":"POST","result":200,"reason":"OK","latencyMs":192.42}
{"timestamp":1791632394085,"service":"control","requestId":"a346120e-1d36-4ae4-8210-f9ec3f23f6ff","method":"POST","result":200,"reason":"OK","latencyMs":196.02}
{"timestamp":1791632394144,"service":"control","requestId":"25298ff8-ef84-440e-bc50-39941dd08b9a","method":"POST","result":200,"reason":"OK","latencyMs":213.02}
{"timestamp":1791632394200,"service":"control","requestId":"7d294a04-4910-4428-ade4-cbb292b84ab3","method":"POST","result":200,"reason":"OK","latencyMs":215.29}
{"timestamp":1791632394264,"service":"control","requestId":"daa96faf-38b5-48a4-b8ff-86f03e9947cd","method":"POST","result":200,"reason":"OK","latencyMs":246.22}
{"timestamp":1791632394310,"service":"control","requestId":"1174f9b1-b5f6-4b20-80b8-3913ce16c57b","method":"POST","result":200,"reason":"OK","latencyMs":243.97}
{"timestamp":1791632394348,"service":"control","requestId":"f685d23f-37af-4080-ba60-2e86259c0026","method":"POST","result":200,"reason":"OK","latencyMs":226.34}
{"timestamp":1791632394387,"service":"control","requestId":"1866239d-6119-4922-8ff3-c313e4549691","method":"POST","result":200,"reason":"OK","latencyMs":206.33}
{"timestamp":1791632394416,"service":"control","requestId":"8781471e-627c-4af6-ab06-89bab3ea54e0","method":"POST","result":200,"reason":"OK","latencyMs":185.77}
{"timestamp":1791632394482,"service":"control","requestId":"7e5c4764-e306-4142-a453-9997f326878e","method":"POST","result":200,"reason":"OK","latencyMs":206.67}
{"timestamp":1791632394523,"service":"control","requestId":"3621320b-2af8-4e53-b639-72e9279d347f","method":"POST","result":200,"reason":"OK","latencyMs":202.54}
{"timestamp":1791632394569,"service":"control","requestId":"a998489f-f989-420c-a567-bf6af2c76c42","method":"POST","result":200,"reason":"OK","latencyMs":214.69}
{"timestamp":1791632394607,"service":"control","requestId":"aae4bd72-e291-498e-b9f8-becc32bb0d59","method":"POST","result":200,"reason":"OK","latencyMs":213.45}
{"timestamp":1791632394644,"service":"control","requestId":"5d4a3fca-3ac8-493c-ad87-52d5199359d8","method":"GET","result":200,"reason":"OK","latencyMs":199.83}
{"timestamp":1791632394679,"service":"control","requestId":"55d600c0-df4e-4718-a4e6-852a591c2b07","method":"GET","result":200,"reason":"OK","latencyMs":191.83}
{"timestamp":1791632394720,"service":"control","requestId":"41c8500c-65cb-45fc-af07-0c8af2f121c0","method":"GET","result":200,"reason":"OK","latencyMs":193.23}
{"timestamp":1791632394769,"service":"control","requestId":"b6ab00e1-4007-4b8a-8110-763a5e6a1832","method":"GET","result":200,"reason":"OK","latencyMs":195.49}
{"timestamp":1791632394823,"service":"control","requestId":"24a0e27e-0b55-435f-819a-a770ea6c1bcd","method":"POST","result":200,"reason":"OK","latencyMs":210.94}
{"timestamp":1791632394875,"service":"control","requestId":"1952252b-8d79-4d68-a94d-724cc7cdb16b","method":"POST","result":200,"reason":"OK","latencyMs":226.55}
{"timestamp":1791632394916,"service":"control","requestId":"eb058b18-e175-4651-91d1-262a9412e0fe","method":"POST","result":200,"reason":"OK","latencyMs":226.56}
{"timestamp":1791632394941,"service":"control","requestId":"20eaae14-15b2-4d87-85df-238dc108fd7e","method":"POST","result":200,"reason":"OK","latencyMs":215.75}
{"timestamp":1791632394996,"service":"control","requestId":"a1142464-dab7-4b63-a57a-daea672675ef","method":"POST","result":200,"reason":"OK","latencyMs":220.88}
{"timestamp":1791632395050,"service":"control","requestId":"d9a83804-8c57-4f21-94fb-358f8713a45f","method":"POST","result":200,"reason":"OK","latencyMs":221.76}
{"timestamp":1791632395117,"service":"control","requestId":"bc4a203a-6894-41c6-a84e-a50a2cbc2893","method":"POST","result":200,"reason":"OK","latencyMs":237.35}
{"timestamp":1791632395164,"service":"control","requestId":"12e3d84f-193c-4aaa-87f9-6828406a7541","method":"POST","result":200,"reason":"OK","latencyMs":241.9}
{"timestamp":1791632395200,"service":"control","requestId":"cef29095-920c-4a48-95c7-872bb324e7c8","method":"POST","result":200,"reason":"OK","latencyMs":217.8}
{"timestamp":1791632395235,"service":"control","requestId":"246e7270-2d5b-4151-8c21-9ca37ff8bcc4","method":"POST","result":200,"reason":"OK","latencyMs":207.24}
{"timestamp":1791632395277,"service":"control","requestId":"5e581862-af4a-485e-b2ab-2a5634673a84","method":"POST","result":200,"reason":"OK","latencyMs":203.05}
{"timestamp":1791632395316,"service":"control","requestId":"abd602e6-d3dd-4053-8e94-da1b924cd767","method":"POST","result":200,"reason":"OK","latencyMs":188.98}
{"timestamp":1791632395353,"service":"control","requestId":"10f2e14c-2a41-4f5e-b620-2bd15e812dc8","method":"POST","result":200,"reason":"OK","latencyMs":184.07}
{"timestamp":1791632395396,"service":"control","requestId":"9873696a-1874-4ef8-b646-3d266231ea70","method":"POST","result":200,"reason":"OK","latencyMs":191.14}
{"timestamp":1791632395433,"service":"control","requestId":"bb4f17a7-880c-48a1-99ec-30e5c917bd10","method":"POST","result":200,"reason":"OK","latencyMs":182.43}
{"timestamp":1791632395458,"service":"control","requestId":"cc8e1446-774f-4042-b29b-552282b99ab2","method":"POST","result":200,"reason":"OK","latencyMs":176.45}
{"timestamp":1791632395546,"service":"control","requestId":"8993f670-b638-4872-9620-cefd742da934","method":"GET","result":200,"reason":"OK","latencyMs":225.51}
{"timestamp":1791632395585,"service":"control","requestId":"7d0716c3-2230-49b4-8dc9-be8cdcf9807c","method":"GET","result":200,"reason":"OK","latencyMs":216.46}
{"timestamp":1791632395621,"service":"control","requestId":"dc171737-f5e4-461b-b443-bee4c9860777","method":"GET","result":200,"reason":"OK","latencyMs":221.38}
{"timestamp":1791632395663,"service":"control","requestId":"677b4b6d-4c5a-49e8-9005-ef948b0bcca7","method":"GET","result":200,"reason":"OK","latencyMs":225.97}
{"timestamp":1791632395700,"service":"control","requestId":"000334c7-4a90-4124-a945-d5a8ba631fec","method":"POST","result":200,"reason":"OK","latencyMs":200.08}
{"timestamp":1791632395737,"service":"control","requestId":"beb033d8-cfad-47aa-8047-3173b60f0943","method":"POST","result":200,"reason":"OK","latencyMs":184.61}
{"timestamp":1791632395784,"service":"control","requestId":"968c7df3-d0f1-408f-9655-945322d177ce","method":"POST","result":200,"reason":"OK","latencyMs":194.74}
{"timestamp":1791632395832,"service":"control","requestId":"fc8075f1-9e8b-4b55-8712-1824b0fab049","method":"POST","result":200,"reason":"OK","latencyMs":200.15}
{"timestamp":1791632395865,"service":"control","requestId":"842f46de-1242-432b-9a01-79d12e59728d","method":"POST","result":200,"reason":"OK","latencyMs":197.88}
{"timestamp":1791632395922,"service":"control","requestId":"b943f992-95b6-4a0c-bbee-61b01b1e3cf6","method":"POST","result":200,"reason":"OK","latencyMs":217.79}
{"timestamp":1791632395977,"service":"control","requestId":"4f384f2a-19f3-4152-9434-7e6b5722cc81","method":"POST","result":200,"reason":"OK","latencyMs":227.61}
{"timestamp":1791632396065,"service":"control","requestId":"60fd2f42-557a-4bdf-9827-b9c7c0c8f2bd","method":"POST","result":200,"reason":"OK","latencyMs":276.38}
{"timestamp":1791632396092,"service":"control","requestId":"f891cd03-5d97-441a-8608-989f1d343a11","method":"POST","result":200,"reason":"OK","latencyMs":254.44}
{"timestamp":1791632396145,"service":"control","requestId":"3724fb88-d000-46aa-8ba8-24630a1f5226","method":"POST","result":200,"reason":"OK","latencyMs":247.5}
{"timestamp":1791632396171,"service":"control","requestId":"36df8c22-0d66-4249-9abb-7d2381b9c5aa","method":"POST","result":200,"reason":"OK","latencyMs":209.55}
{"timestamp":1791632396242,"service":"control","requestId":"f8c8a6a6-42f1-4699-a871-f087ffd033a3","method":"POST","result":200,"reason":"OK","latencyMs":229.62}
{"timestamp":1791632396282,"service":"control","requestId":"23a5622c-fa3b-460b-9b52-6dfcecdda39c","method":"POST","result":200,"reason":"OK","latencyMs":195.75}
{"timestamp":1791632396321,"service":"control","requestId":"99ec5152-a158-44a6-8d93-d5b75f86c4b3","method":"POST","result":200,"reason":"OK","latencyMs":207.08}
{"timestamp":1791632396366,"service":"control","requestId":"04efe30f-ebb4-4763-b48c-cd1f4d9eabcb","method":"POST","result":200,"reason":"OK","latencyMs":216.56}
{"timestamp":1791632396404,"service":"control","requestId":"952c89c8-9578-43ed-a7d9-b4a9032e173a","method":"POST","result":200,"reason":"OK","latencyMs":194.84}
{"timestamp":1791632396446,"service":"control","requestId":"9780461c-3a2c-4543-86ac-da0325f81236","method":"GET","result":200,"reason":"OK","latencyMs":199.2}
{"timestamp":1791632396499,"service":"control","requestId":"14d83fb8-3807-4593-b245-69e08f4945e6","method":"GET","result":200,"reason":"OK","latencyMs":212.79}
{"timestamp":1791632396541,"service":"control","requestId":"372d7d8c-f607-4ea5-bfa0-ec197197a036","method":"GET","result":200,"reason":"OK","latencyMs":203.58}
{"timestamp":1791632396581,"service":"control","requestId":"e4702b50-850e-4000-be72-5f2032d05917","method":"GET","result":200,"reason":"OK","latencyMs":210.03}
{"timestamp":1791632396633,"service":"control","requestId":"ab023636-7032-4b00-b308-dec95bd76156","method":"POST","result":200,"reason":"OK","latencyMs":224.35}
{"timestamp":1791632396683,"service":"control","requestId":"e2d7cd51-860e-4612-a25c-3868e7f8928f","method":"POST","result":200,"reason":"OK","latencyMs":211.57}
{"timestamp":1791632396736,"service":"control","requestId":"0a91f553-dde5-4571-b84e-136886268fe9","method":"POST","result":200,"reason":"OK","latencyMs":231.94}
{"timestamp":1791632396768,"service":"control","requestId":"722f0080-e7d0-42c0-a257-de6052447e7a","method":"POST","result":200,"reason":"OK","latencyMs":222.46}
{"timestamp":1791632396845,"service":"control","requestId":"0c0cd17a-696a-4bf5-9802-7b7c2cc41505","method":"POST","result":200,"reason":"OK","latencyMs":250.19}
{"timestamp":1791632396876,"service":"control","requestId":"36315b69-f731-4542-a466-fc153872ec48","method":"POST","result":200,"reason":"OK","latencyMs":236.53}
{"timestamp":1791632396958,"service":"control","requestId":"8884d380-992d-41f0-be1e-2c7b7dadf8cc","method":"POST","result":200,"reason":"OK","latencyMs":268.78}
{"timestamp":1791632397054,"service":"control","requestId":"cac9523a-36e1-48de-b336-0730d3e30f1d","method":"POST","result":200,"reason":"OK","latencyMs":293.47}
{"timestamp":1791632397106,"service":"control","requestId":"f3c12c60-06e1-4ae0-b4da-67ba5bbd8b8e","method":"POST","result":200,"reason":"OK","latencyMs":305.22}
{"timestamp":1791632397155,"service":"control","requestId":"1c18705f-6051-42bc-a941-5e6283dbd582","method":"POST","result":200,"reason":"OK","latencyMs":305.14}
{"timestamp":1791632397200,"service":"control","requestId":"e8cb3c37-75d9-415f-a58c-eb1bfb86c853","method":"POST","result":200,"reason":"OK","latencyMs":269.89}
{"timestamp":1791632397250,"service":"control","requestId":"e17a85fc-6012-4ba2-8019-104f03a835f4","method":"POST","result":200,"reason":"OK","latencyMs":250.75}
{"timestamp":1791632397300,"service":"control","requestId":"93d7a266-0d86-4c75-9f02-57a6a600a8bf","method":"POST","result":200,"reason":"OK","latencyMs":238.87}
{"timestamp":1791632397341,"service":"control","requestId":"07edce2e-48dd-400a-8de2-e9300d4d7815","method":"POST","result":200,"reason":"OK","latencyMs":217.74}
{"timestamp":1791632397390,"service":"control","requestId":"8288acc7-0f32-4077-95d0-6510461af4c8","method":"POST","result":200,"reason":"OK","latencyMs":230.38}
{"timestamp":1791632397447,"service":"control","requestId":"18698295-a27e-4e8e-adf3-b948092c6f48","method":"POST","result":200,"reason":"OK","latencyMs":242.08}
{"timestamp":1791632397492,"service":"control","requestId":"b7b5c420-e193-4e39-af1f-e92eea99a84b","method":"GET","result":200,"reason":"OK","latencyMs":220.87}
{"timestamp":1791632397535,"service":"control","requestId":"696b13fd-beac-4d64-9559-68fc394b0e06","method":"GET","result":200,"reason":"OK","latencyMs":223.79}
{"timestamp":1791632397577,"service":"control","requestId":"d0daa0e9-5f78-4a7c-aae9-dc9e018b3b38","method":"GET","result":200,"reason":"OK","latencyMs":231.12}
{"timestamp":1791632397614,"service":"control","requestId":"c502490f-0917-484d-98d8-7eddb47bde2b","method":"GET","result":200,"reason":"OK","latencyMs":204.67}
{"timestamp":1791632397653,"service":"control","requestId":"c44a7353-667a-4393-ac59-a48250c8d5f5","method":"POST","result":200,"reason":"OK","latencyMs":199.21}
{"timestamp":1791632397698,"service":"control","requestId":"f9115337-c588-41df-905d-8d070fff4132","method":"POST","result":200,"reason":"OK","latencyMs":200.96}
{"timestamp":1791632397735,"service":"control","requestId":"e7b33725-2fd0-4e01-98d1-707a1c01edc8","method":"POST","result":200,"reason":"OK","latencyMs":190.31}
{"timestamp":1791632397788,"service":"control","requestId":"84995b93-3c0f-4aa8-8a02-87fd53379128","method":"POST","result":200,"reason":"OK","latencyMs":205.48}
{"timestamp":1791632397845,"service":"control","requestId":"ddafd6a7-92fe-423a-bc10-70b814f873eb","method":"POST","result":200,"reason":"OK","latencyMs":226.04}
{"timestamp":1791632397905,"service":"control","requestId":"ce6b1419-8eb7-482c-893f-a67c7f4fe224","method":"POST","result":200,"reason":"OK","latencyMs":236.89}
{"timestamp":1791632397994,"service":"control","requestId":"4e300c24-ca4f-4ec0-abcb-d436d1752663","method":"POST","result":200,"reason":"OK","latencyMs":290.91}
{"timestamp":1791632398036,"service":"control","requestId":"e85a8e44-63e4-49bd-9383-b54e18bd6d6c","method":"POST","result":200,"reason":"OK","latencyMs":270.06}
{"timestamp":1791632398074,"service":"control","requestId":"34d7be31-b9ac-49c3-be44-8dc10c93c711","method":"POST","result":200,"reason":"OK","latencyMs":244.73}
{"timestamp":1791632398133,"service":"control","requestId":"2a778214-658e-4138-ad56-d57c28a7da01","method":"POST","result":200,"reason":"OK","latencyMs":250.52}
{"timestamp":1791632398211,"service":"control","requestId":"5f08d2b6-2ba3-426d-9329-d6388a6e9bd3","method":"POST","result":200,"reason":"OK","latencyMs":266.08}
{"timestamp":1791632398256,"service":"control","requestId":"76b295b6-cb0f-4ea8-a6db-4668a322a611","method":"POST","result":200,"reason":"OK","latencyMs":251.46}
{"timestamp":1791632398309,"service":"control","requestId":"410bd342-a168-421c-9c3b-f01c24555b47","method":"POST","result":200,"reason":"OK","latencyMs":267.68}
{"timestamp":1791632398351,"service":"control","requestId":"1fa79b58-41c1-4d0a-9b4c-e97093b7359b","method":"POST","result":200,"reason":"OK","latencyMs":222.47}
{"timestamp":1791632398395,"service":"control","requestId":"c69fbe0a-f8a3-44a6-bf60-160334a768e1","method":"POST","result":200,"reason":"OK","latencyMs":228.81}
{"timestamp":1791632398443,"service":"control","requestId":"5fc37454-75ef-4023-8212-7379f2011ec6","method":"POST","result":200,"reason":"OK","latencyMs":226.07}
{"timestamp":1791632398485,"service":"control","requestId":"55d21b11-b94f-42d1-9a3f-de175d2df97e","method":"GET","result":200,"reason":"OK","latencyMs":208.43}
{"timestamp":1791632398529,"service":"control","requestId":"6fc42b86-b60d-4d6a-ba8f-a4911e028459","method":"GET","result":200,"reason":"OK","latencyMs":215.61}
{"timestamp":1791632398580,"service":"control","requestId":"2c3e6b11-ba00-46dd-bf08-d8540c2c4c08","method":"GET","result":200,"reason":"OK","latencyMs":222.62}
{"timestamp":1791632398622,"service":"control","requestId":"9f80283f-a0b7-4cea-9e72-f63b4caf9fdf","method":"GET","result":200,"reason":"OK","latencyMs":214.05}
{"timestamp":1791632398663,"service":"control","requestId":"c0eabdf9-b261-4290-82c3-ec0654b41115","method":"POST","result":200,"reason":"OK","latencyMs":215.68}
{"timestamp":1791632398710,"service":"control","requestId":"fc8285cc-910e-430b-b671-d56af3e9b455","method":"POST","result":200,"reason":"OK","latencyMs":219.49}
{"timestamp":1791632398762,"service":"control","requestId":"03d7806f-4d61-43c6-a676-936b6753b945","method":"POST","result":200,"reason":"OK","latencyMs":217.69}
{"timestamp":1791632398832,"service":"control","requestId":"feddcfe5-648e-461a-b55a-4d89db36e230","method":"POST","result":200,"reason":"OK","latencyMs":246.76}
{"timestamp":1791632398869,"service":"control","requestId":"da644f8b-cb22-4a95-b7e8-d3aac8f5685a","method":"POST","result":200,"reason":"OK","latencyMs":241.25}
{"timestamp":1791632398922,"service":"control","requestId":"d275896d-d059-4419-857f-b12a1b52d374","method":"POST","result":200,"reason":"OK","latencyMs":246.52}
{"timestamp":1791632398968,"service":"control","requestId":"fe2ae751-9fcf-4597-86e1-47a6273b865c","method":"POST","result":200,"reason":"OK","latencyMs":252.87}
{"timestamp":1791632399032,"service":"control","requestId":"093ac25e-ce5c-49ca-aac1-fef4ea151986","method":"POST","result":200,"reason":"OK","latencyMs":263.29}
{"timestamp":1791632399071,"service":"control","requestId":"25dfe247-0b5f-483f-b2a4-3eeb021ea600","method":"POST","result":200,"reason":"OK","latencyMs":224.34}
{"timestamp":1791632399110,"service":"control","requestId":"177578d4-5d96-4e37-a283-d46ac7133f45","method":"POST","result":200,"reason":"OK","latencyMs":209.08}
{"timestamp":1791632399173,"service":"control","requestId":"8a7584ce-404b-48d8-a913-4cf95d97720c","method":"POST","result":200,"reason":"OK","latencyMs":227.28}
{"timestamp":1791632399200,"service":"control","requestId":"314712de-96b6-4989-9b5b-f1ce6819c45a","method":"POST","result":200,"reason":"OK","latencyMs":201.63}
{"timestamp":1791632399269,"service":"control","requestId":"24cbd4ee-90ea-438e-be27-5219945f47e8","method":"POST","result":200,"reason":"OK","latencyMs":232.58}
{"timestamp":1791632399314,"service":"control","requestId":"a953a6e0-068d-4093-9641-c1c64a85d851","method":"POST","result":200,"reason":"OK","latencyMs":238.39}
{"timestamp":1791632399384,"service":"control","requestId":"02662872-9739-4576-8868-bef76310e6a7","method":"POST","result":200,"reason":"OK","latencyMs":262.51}
{"timestamp":1791632399429,"service":"control","requestId":"d5e3ef72-1c75-4a92-add5-a5eaa5396782","method":"POST","result":200,"reason":"OK","latencyMs":251.13}
{"timestamp":1791632399479,"service":"control","requestId":"9d69dde9-e7a7-44a0-99b3-5312c055f759","method":"GET","result":200,"reason":"OK","latencyMs":245.09}
{"timestamp":1791632399520,"service":"control","requestId":"c2330176-de17-45c7-8a0d-ce43d49eebb0","method":"GET","result":200,"reason":"OK","latencyMs":239.98}
{"timestamp":1791632399565,"service":"control","requestId":"5f454bef-f289-412b-8e80-18307c8f4a68","method":"GET","result":200,"reason":"OK","latencyMs":247.79}
{"timestamp":1791632399615,"service":"control","requestId":"0b67a2fb-58c0-4d00-a857-e2627dc2575a","method":"GET","result":200,"reason":"OK","latencyMs":226.44}
{"timestamp":1791632399659,"service":"control","requestId":"514a8236-86f9-4908-b5f1-d998af4ac531","method":"POST","result":200,"reason":"OK","latencyMs":214.34}
{"timestamp":1791632399707,"service":"control","requestId":"25d0faee-723d-4fba-89dd-1ea50dcfdb48","method":"POST","result":200,"reason":"OK","latencyMs":223.67}
{"timestamp":1791632399759,"service":"control","requestId":"de3b5d2e-9446-4a32-ab46-7f90279c4f63","method":"POST","result":200,"reason":"OK","latencyMs":233.71}
{"timestamp":1791632399814,"service":"control","requestId":"d9a87720-99b2-4552-bf46-ea402b859602","method":"POST","result":200,"reason":"OK","latencyMs":237.67}
{"timestamp":1791632399844,"service":"control","requestId":"a4cbf096-5c29-45b0-9f67-34c04831d823","method":"POST","result":200,"reason":"OK","latencyMs":223.59}
{"timestamp":1791632399907,"service":"control","requestId":"a2dbe75e-9184-4ec5-a1ec-6c5a8e4ed922","method":"POST","result":200,"reason":"OK","latencyMs":243.49}
{"timestamp":1791632399979,"service":"control","requestId":"104efb34-0530-4c10-8661-0837a5df989b","method":"POST","result":200,"reason":"OK","latencyMs":258.56}
{"timestamp":1791632400018,"service":"control","requestId":"4cfaedb6-5df4-42c4-87ab-d055ee7366ae","method":"POST","result":200,"reason":"OK","latencyMs":253.51}
{"timestamp":1791632400063,"service":"control","requestId":"3f8c7343-7cee-4043-9e9e-2a7214fcaea5","method":"POST","result":200,"reason":"OK","latencyMs":242.98}
{"timestamp":1791632400125,"service":"control","requestId":"b40c0817-ba91-4562-9715-b9332f4a6b6e","method":"POST","result":200,"reason":"OK","latencyMs":242.2}
{"timestamp":1791632400163,"service":"control","requestId":"6c2eeba4-ad53-4fdf-9a75-290815fa39a7","method":"POST","result":200,"reason":"OK","latencyMs":229.3}
{"timestamp":1791632400228,"service":"control","requestId":"70abc391-809a-4149-af66-222dbdb7df30","method":"POST","result":200,"reason":"OK","latencyMs":244.83}
{"timestamp":1791632400287,"service":"control","requestId":"40c92770-cbfe-4f0d-9886-009a6b028a41","method":"POST","result":200,"reason":"OK","latencyMs":258.35}
{"timestamp":1791632400333,"service":"control","requestId":"e952d3c2-6de8-422a-802b-590c06cfb512","method":"POST","result":200,"reason":"OK","latencyMs":264.83}
{"timestamp":1791632400389,"service":"control","requestId":"2f37dbb8-2821-4862-9ce2-ce003c442bb2","method":"POST","result":200,"reason":"OK","latencyMs":259.91}
{"timestamp":1791632400435,"service":"control","requestId":"4af2cc3b-8626-408c-9e83-30690301fbab","method":"POST","result":200,"reason":"OK","latencyMs":259.11}
{"timestamp":1791632400475,"service":"control","requestId":"4c83de41-914b-4c77-a8ae-a7284dd42f3a","method":"GET","result":200,"reason":"OK","latencyMs":240.83}
{"timestamp":1791632400521,"service":"control","requestId":"492a5813-d029-4518-a117-d3b02f07cae9","method":"GET","result":200,"reason":"OK","latencyMs":228.35}
{"timestamp":1791632400570,"service":"control","requestId":"4cab883a-8be2-4968-a779-89a14776e106","method":"GET","result":200,"reason":"OK","latencyMs":223.68}
{"timestamp":1791632400621,"service":"control","requestId":"f81a463c-a06a-4b27-9a3d-4e3435520841","method":"GET","result":200,"reason":"OK","latencyMs":218.93}
{"timestamp":1791632400667,"service":"control","requestId":"824a060d-aded-47d5-a669-6a749fb057c5","method":"POST","result":200,"reason":"OK","latencyMs":226.87}
{"timestamp":1791632400709,"service":"control","requestId":"f4d208aa-b0ae-4652-a03e-b16ea8fc37d7","method":"POST","result":200,"reason":"OK","latencyMs":222.94}
{"timestamp":1791632400749,"service":"control","requestId":"e0f264ab-e378-4e98-b52a-52531bd0f070","method":"POST","result":200,"reason":"OK","latencyMs":222.49}
{"timestamp":1791632400781,"service":"control","requestId":"11bf2282-ae21-4207-93fe-afb4b6d14fe6","method":"POST","result":200,"reason":"OK","latencyMs":205.83}
{"timestamp":1791632400830,"service":"control","requestId":"7eca81ed-8bad-423e-b2b4-2a37c5cb1c41","method":"POST","result":200,"reason":"OK","latencyMs":196.85}
{"timestamp":1791632400900,"service":"control","requestId":"ac01fd95-4042-453a-bb30-d81028be9651","method":"POST","result":200,"reason":"OK","latencyMs":228.8}
{"timestamp":1791632400935,"service":"control","requestId":"7c78c7d6-c3a2-4440-86e9-7f7fb0057aa8","method":"POST","result":200,"reason":"OK","latencyMs":221.3}
{"timestamp":1791632401013,"service":"control","requestId":"6b64d577-4a93-4b0c-be05-cf5de980f927","method":"POST","result":200,"reason":"OK","latencyMs":251.17}
{"timestamp":1791632401074,"service":"control","requestId":"7d535ddc-44e4-4e87-8522-300ae7c6380b","method":"POST","result":200,"reason":"OK","latencyMs":263.69}
{"timestamp":1791632401121,"service":"control","requestId":"5b2bc584-8354-4321-91d3-95989d8c37a4","method":"POST","result":200,"reason":"OK","latencyMs":265.81}
{"timestamp":1791632401158,"service":"control","requestId":"66394263-c86f-4923-b7e7-a8e61401d02e","method":"POST","result":200,"reason":"OK","latencyMs":244.2}
{"timestamp":1791632401196,"service":"control","requestId":"b4d7501a-bdcd-4638-8297-26a88b234485","method":"POST","result":200,"reason":"OK","latencyMs":220.37}
{"timestamp":1791632401240,"service":"control","requestId":"e4901f67-2c46-4fd4-a999-b2f370c0e486","method":"POST","result":200,"reason":"OK","latencyMs":223.38}
{"timestamp":1791632401281,"service":"control","requestId":"86e54be8-414c-43a1-9c7e-f85053e61ff0","method":"POST","result":200,"reason":"OK","latencyMs":199.91}
{"timestamp":1791632401321,"service":"control","requestId":"ba3fc025-b0f0-4aef-91b0-738503793374","method":"POST","result":200,"reason":"OK","latencyMs":194.83}
{"timestamp":1791632401368,"service":"control","requestId":"1eb2d3d9-ca96-4902-a5c4-dddbe48a3794","method":"POST","result":200,"reason":"OK","latencyMs":204.88}
{"timestamp":1791632401412,"service":"control","requestId":"7e0e6916-1f84-4d74-a3cc-2210d7598edc","method":"GET","result":200,"reason":"OK","latencyMs":205.88}
{"timestamp":1791632401451,"service":"control","requestId":"3c4bef8d-668a-49b5-80ca-8099bccd0a0e","method":"GET","result":200,"reason":"OK","latencyMs":206.47}
{"timestamp":1791632401510,"service":"control","requestId":"207217c3-abec-4ff3-bc69-37f8700df373","method":"GET","result":200,"reason":"OK","latencyMs":224.74}
{"timestamp":1791632401550,"service":"control","requestId":"e7df6b09-3aa0-4d27-bd9d-1df31ed87b14","method":"GET","result":200,"reason":"OK","latencyMs":216.89}
{"timestamp":1791632401590,"service":"control","requestId":"8d216ebe-9c00-40b6-85f6-5fce96dd2a40","method":"POST","result":200,"reason":"OK","latencyMs":217.23}
{"timestamp":1791632401630,"service":"control","requestId":"5a3b5bcd-7f7c-4c2d-8fc2-208debe418a2","method":"POST","result":200,"reason":"OK","latencyMs":212.9}
{"timestamp":1791632401665,"service":"control","requestId":"a496865c-c426-4c22-b8b5-6842e0b02a62","method":"POST","result":200,"reason":"OK","latencyMs":190.71}
{"timestamp":1791632401689,"service":"control","requestId":"33bc8992-9eae-40a7-a199-9dcdceae86d5","method":"POST","result":200,"reason":"OK","latencyMs":173.63}
{"timestamp":1791632401739,"service":"control","requestId":"503d9623-8805-471c-8396-7b74c1b1dc84","method":"POST","result":200,"reason":"OK","latencyMs":183.35}
{"timestamp":1791632401786,"service":"control","requestId":"858455fb-3165-4809-ae13-1433f4d44866","method":"POST","result":200,"reason":"OK","latencyMs":186.58}
{"timestamp":1791632401832,"service":"control","requestId":"d8956079-f4ab-471a-ab2b-b51ffb80babf","method":"POST","result":200,"reason":"OK","latencyMs":197.33}
{"timestamp":1791632401908,"service":"control","requestId":"071526d5-c3ea-4ae0-941e-ad2d8dbe6d3f","method":"POST","result":200,"reason":"OK","latencyMs":238.45}
{"timestamp":1791632401947,"service":"control","requestId":"90ed3508-2314-4169-b47d-8727b91b55df","method":"POST","result":200,"reason":"OK","latencyMs":229.29}
{"timestamp":1791632401987,"service":"control","requestId":"e5da10a3-56f4-49a1-9c8b-fefd128ace7d","method":"POST","result":200,"reason":"OK","latencyMs":221.49}
{"timestamp":1791632402025,"service":"control","requestId":"ce6ceb32-1bbf-4fec-8e39-13eb8fc21579","method":"POST","result":200,"reason":"OK","latencyMs":215.35}
{"timestamp":1791632402079,"service":"control","requestId":"b906221c-9a37-4c61-bc42-dfd9f24ce941","method":"POST","result":200,"reason":"OK","latencyMs":214.48}
{"timestamp":1791632402128,"service":"control","requestId":"da39516b-5201-440f-8291-f8eebd41508b","method":"POST","result":200,"reason":"OK","latencyMs":215.91}
{"timestamp":1791632402177,"service":"control","requestId":"717f61f3-716a-420c-b018-e99efdb02781","method":"POST","result":200,"reason":"OK","latencyMs":228.02}
{"timestamp":1791632402218,"service":"control","requestId":"4738ca6d-a549-4a99-8826-07623b5981cc","method":"POST","result":200,"reason":"OK","latencyMs":227.07}
{"timestamp":1791632402260,"service":"control","requestId":"c9db898d-6dae-4c4a-bbd3-9d0900e39919","method":"POST","result":200,"reason":"OK","latencyMs":229.66}
{"timestamp":1791632402306,"service":"control","requestId":"84f09b00-5946-4dd6-ac14-05658985f3fe","method":"GET","result":200,"reason":"OK","latencyMs":220.73}
{"timestamp":1791632402346,"service":"control","requestId":"5f86f2d2-e80d-4779-b9c0-ca19f50f44e2","method":"GET","result":200,"reason":"OK","latencyMs":206.96}
{"timestamp":1791632402397,"service":"control","requestId":"8e5ddee4-5f77-4643-9888-ca9399c400be","method":"GET","result":200,"reason":"OK","latencyMs":214.86}
{"timestamp":1791632402445,"service":"control","requestId":"a781dcf4-7049-4811-aa28-3c3bbc392b33","method":"GET","result":200,"reason":"OK","latencyMs":222.54}
{"timestamp":1791632402489,"service":"control","requestId":"d3bc38cd-da33-4372-a62b-55ce0d7d486c","method":"POST","result":200,"reason":"OK","latencyMs":217.35}
{"timestamp":1791632402541,"service":"control","requestId":"8c9c17f8-8c97-4248-875a-fdeac599a992","method":"POST","result":200,"reason":"OK","latencyMs":230.25}
{"timestamp":1791632402598,"service":"control","requestId":"8a8e28ec-a041-4fb4-99e1-ad2caa1b2729","method":"POST","result":200,"reason":"OK","latencyMs":245.82}
{"timestamp":1791632402629,"service":"control","requestId":"9091fa54-0d06-43c3-b7a0-fa8ff36e7853","method":"POST","result":200,"reason":"OK","latencyMs":221.51}
{"timestamp":1791632402682,"service":"control","requestId":"d7cf726a-4bc5-42e0-b324-f08caf67f8a1","method":"POST","result":200,"reason":"OK","latencyMs":229.68}
{"timestamp":1791632402776,"service":"control","requestId":"5bc895d1-6c07-446f-a50d-51ab28cc6082","method":"POST","result":200,"reason":"OK","latencyMs":280.38}
{"timestamp":1791632402801,"service":"control","requestId":"e0733707-93fd-43c6-bdbd-e3deada06d8a","method":"POST","result":200,"reason":"OK","latencyMs":249.61}
{"timestamp":1791632402870,"service":"control","requestId":"f34475a4-04ab-476a-a270-b4a778d18a84","method":"POST","result":200,"reason":"OK","latencyMs":266.47}
{"timestamp":1791632402922,"service":"control","requestId":"f136d51a-d122-41eb-aedb-a08f8a3a9fda","method":"POST","result":200,"reason":"OK","latencyMs":263.63}
{"timestamp":1791632403004,"service":"control","requestId":"38a7448f-047a-4c1f-a8a5-812b4d9eff71","method":"POST","result":200,"reason":"OK","latencyMs":284.82}
{"timestamp":1791632403046,"service":"control","requestId":"04a43b14-7510-479a-9ea2-199a1d48c9a9","method":"POST","result":200,"reason":"OK","latencyMs":265.79}
{"timestamp":1791632403101,"service":"control","requestId":"505d2783-ed7a-43b7-b3fe-d2aaf2a6e7ec","method":"POST","result":200,"reason":"OK","latencyMs":266.3}
{"timestamp":1791632403143,"service":"control","requestId":"0e14e050-3937-409c-9540-3afa9f6676bb","method":"POST","result":200,"reason":"OK","latencyMs":225.48}
{"timestamp":1791632403184,"service":"control","requestId":"8fd2a1d2-032e-4df1-b541-47914f6b1e01","method":"POST","result":200,"reason":"OK","latencyMs":220.71}
{"timestamp":1791632403233,"service":"control","requestId":"018c255e-5901-4847-90b6-11706084e0e3","method":"POST","result":200,"reason":"OK","latencyMs":223.25}
{"timestamp":1791632403281,"service":"control","requestId":"ef2c3d77-e652-47aa-b66f-6ea268cc5f97","method":"POST","result":200,"reason":"OK","latencyMs":222.21}
{"timestamp":1791632403321,"service":"control","requestId":"e8f98b47-9079-499f-bada-121b73231bdc","method":"GET","result":200,"reason":"OK","latencyMs":214.91}
{"timestamp":1791632403371,"service":"control","requestId":"951ca81b-d090-457a-987d-8baf38334bdc","method":"GET","result":200,"reason":"OK","latencyMs":222.86}
{"timestamp":1791632403412,"service":"control","requestId":"5aa76a89-37c3-41ad-99b3-e17a209c750b","method":"GET","result":200,"reason":"OK","latencyMs":215.11}
{"timestamp":1791632403453,"service":"control","requestId":"64f6def1-d25b-4707-a058-1b1c18628acc","method":"GET","result":200,"reason":"OK","latencyMs":213.44}
{"timestamp":1791632403500,"service":"control","requestId":"6602a1f1-b9c9-4aa8-b4fa-dd9c984fc64d","method":"POST","result":200,"reason":"OK","latencyMs":213.54}
{"timestamp":1791632403543,"service":"control","requestId":"71cad1a1-7c2f-4681-9254-4f0a62ffc936","method":"POST","result":200,"reason":"OK","latencyMs":209.63}
{"timestamp":1791632403594,"service":"control","requestId":"07d6a9c1-335e-4c5b-8438-5b17f16dea2a","method":"POST","result":200,"reason":"OK","latencyMs":219.04}
{"timestamp":1791632403629,"service":"control","requestId":"26e06f87-7194-4569-b16f-689a9391da18","method":"POST","result":200,"reason":"OK","latencyMs":212.27}
{"timestamp":1791632403682,"service":"control","requestId":"765c518c-704f-4d61-bd38-8c8f7f3dbfb5","method":"POST","result":200,"reason":"OK","latencyMs":216.81}
{"timestamp":1791632403755,"service":"control","requestId":"3ed73ae7-2318-4fa2-a5b7-c7938c3a563d","method":"POST","result":200,"reason":"OK","latencyMs":249.67}
{"timestamp":1791632403791,"service":"control","requestId":"2ccef10b-f67d-4a33-85eb-1cd575b61654","method":"POST","result":200,"reason":"OK","latencyMs":243.46}
{"timestamp":1791632403854,"service":"control","requestId":"954719f1-c982-4cb7-bba5-fef97a9b741a","method":"POST","result":200,"reason":"OK","latencyMs":246.73}
{"timestamp":1791632403910,"service":"control","requestId":"976aafe0-0286-4adb-ba5b-6c2744f24b94","method":"POST","result":200,"reason":"OK","latencyMs":249.24}
{"timestamp":1791632403963,"service":"control","requestId":"73def5d3-0b38-467e-bc56-a59dd7febed3","method":"POST","result":200,"reason":"OK","latencyMs":255.18}
{"timestamp":1791632404001,"service":"control","requestId":"5629ac22-2532-459c-be6d-f569e75cc575","method":"POST","result":200,"reason":"OK","latencyMs":232.24}
{"timestamp":1791632404051,"service":"control","requestId":"82a35139-c4f5-41ed-a229-67677ae3d79c","method":"POST","result":200,"reason":"OK","latencyMs":233.19}
{"timestamp":1791632404098,"service":"control","requestId":"913fae91-f9bf-4fb3-9576-97e415dbbafe","method":"POST","result":200,"reason":"OK","latencyMs":239.81}
{"timestamp":1791632404141,"service":"control","requestId":"fe544a99-3ac2-46d2-9e6c-a0255744fb0e","method":"POST","result":200,"reason":"OK","latencyMs":214.46}
{"timestamp":1791632404195,"service":"control","requestId":"860494b6-7977-4b0a-8e5d-bb891e43d9d5","method":"POST","result":200,"reason":"OK","latencyMs":227.68}
{"timestamp":1791632404258,"service":"control","requestId":"02dfb1e6-20ae-4977-8142-465ae475dd7e","method":"POST","result":200,"reason":"OK","latencyMs":252.21}
{"timestamp":1791632404309,"service":"control","requestId":"ca359e79-3d55-44df-ae8b-c3cf6fd3e3e1","method":"GET","result":200,"reason":"OK","latencyMs":253.04}
{"timestamp":1791632404352,"service":"control","requestId":"4e67f8d3-80c3-4759-bd35-2a7ddb683a27","method":"GET","result":200,"reason":"OK","latencyMs":248.82}
{"timestamp":1791632404414,"service":"control","requestId":"dd9f25c7-37bf-4eea-b37f-ebaccd80042b","method":"GET","result":200,"reason":"OK","latencyMs":267.93}
{"timestamp":1791632404460,"service":"control","requestId":"4b8c34e9-c36a-4913-a229-555c931657a6","method":"GET","result":200,"reason":"OK","latencyMs":248.89}
{"timestamp":1791632404502,"service":"control","requestId":"fca230d0-7d70-403e-875f-674d95cd9731","method":"POST","result":200,"reason":"OK","latencyMs":238.25}
{"timestamp":1791632404548,"service":"control","requestId":"2ce165ba-c3ae-4a5a-9cde-c221e070da53","method":"POST","result":200,"reason":"OK","latencyMs":234.41}
{"timestamp":1791632404575,"service":"control","requestId":"e61e112c-f591-4ede-8aa0-ec72b0c0d213","method":"POST","result":200,"reason":"OK","latencyMs":211.34}
{"timestamp":1791632404636,"service":"control","requestId":"9813d249-5154-40db-b66f-03aa43c4477e","method":"POST","result":200,"reason":"OK","latencyMs":217.34}
{"timestamp":1791632404724,"service":"control","requestId":"8df26f6f-90ae-44aa-8f20-76637ac34371","method":"POST","result":200,"reason":"OK","latencyMs":258.73}
{"timestamp":1791632404751,"service":"control","requestId":"cdec8a15-efb0-4d87-a54f-ccc2e9f7f15d","method":"POST","result":200,"reason":"OK","latencyMs":236.37}
{"timestamp":1791632404807,"service":"control","requestId":"f6aecd5b-711b-437c-9913-5c73288074cd","method":"POST","result":200,"reason":"OK","latencyMs":254.66}
{"timestamp":1791632404880,"service":"control","requestId":"e93341e1-e23a-48c3-a92f-d689bd1b9b6e","method":"POST","result":200,"reason":"OK","latencyMs":273.13}
{"timestamp":1791632404920,"service":"control","requestId":"d46f5715-2036-4eb9-9dd1-a55524c48d45","method":"POST","result":200,"reason":"OK","latencyMs":244.14}
{"timestamp":1791632404961,"service":"control","requestId":"f9936b8a-df93-4127-80a2-43b7b8884d6d","method":"POST","result":200,"reason":"OK","latencyMs":221.61}
{"timestamp":1791632405011,"service":"control","requestId":"777bd716-9586-4356-bca7-a4f8c9073df4","method":"POST","result":200,"reason":"OK","latencyMs":226.24}
{"timestamp":1791632405056,"service":"control","requestId":"0f64de1d-37c7-4e02-acb4-f5d02297768f","method":"POST","result":200,"reason":"OK","latencyMs":214.09}
{"timestamp":1791632405113,"service":"control","requestId":"30926726-445a-47a1-8b74-8eecd03378b1","method":"POST","result":200,"reason":"OK","latencyMs":228.27}
{"timestamp":1791632405168,"service":"control","requestId":"ba46e55b-627d-4209-b54b-aa595f0fc15d","method":"POST","result":200,"reason":"OK","latencyMs":243.83}
{"timestamp":1791632405214,"service":"control","requestId":"afdb0c82-9e4a-4f29-a9b9-c2e7c5068a49","method":"POST","result":200,"reason":"OK","latencyMs":240.06}
{"timestamp":1791632405256,"service":"control","requestId":"94a326b9-06fb-4581-8f2b-e6d76a33ee54","method":"POST","result":200,"reason":"OK","latencyMs":239.42}
{"timestamp":1791632405309,"service":"control","requestId":"7541069d-9536-4533-a9cc-a7d3df4f6339","method":"GET","result":200,"reason":"OK","latencyMs":247.84}
{"timestamp":1791632405350,"service":"control","requestId":"0a192bae-0abc-4614-a83e-ca3ab438a2d5","method":"GET","result":200,"reason":"OK","latencyMs":224.66}
{"timestamp":1791632405400,"service":"control","requestId":"46904d46-f288-4921-a25b-49c5b0908ad3","method":"GET","result":200,"reason":"OK","latencyMs":226.98}
{"timestamp":1791632405442,"service":"control","requestId":"c0a422ed-0fd5-491c-a52f-7b4a44631d53","method":"GET","result":200,"reason":"OK","latencyMs":222.65}
{"timestamp":1791632405488,"service":"control","requestId":"79ea7f5f-9a9e-413c-8a1e-1d2e5f8bbcca","method":"POST","result":200,"reason":"OK","latencyMs":219.54}
{"timestamp":1791632405537,"service":"control","requestId":"f07adbe7-8077-4a18-93b2-084e5b60e9d0","method":"POST","result":200,"reason":"OK","latencyMs":221.95}
{"timestamp":1791632405587,"service":"control","requestId":"a7cfe07e-5b46-4917-bc99-9319beb60f7f","method":"POST","result":200,"reason":"OK","latencyMs":233.01}
{"timestamp":1791632405618,"service":"control","requestId":"1f5469f8-28d5-450f-a6f2-517dd3679852","method":"POST","result":200,"reason":"OK","latencyMs":212}
{"timestamp":1791632405686,"service":"control","requestId":"e494dc2e-cab8-4f6a-abf2-315b60daf8b6","method":"POST","result":200,"reason":"OK","latencyMs":239.26}
{"timestamp":1791632405750,"service":"control","requestId":"83504970-ecc1-43f0-88c4-9fbc4b8fbbe3","method":"POST","result":200,"reason":"OK","latencyMs":245.11}
{"timestamp":1791632405817,"service":"control","requestId":"efe6df29-f5b0-47a7-a220-8efda8c4b398","method":"POST","result":200,"reason":"OK","latencyMs":269.55}
{"timestamp":1791632405913,"service":"control","requestId":"df83aa4a-452f-429a-83c5-6b151bd10ba1","method":"POST","result":200,"reason":"OK","latencyMs":318.66}
{"timestamp":1791632405987,"service":"control","requestId":"15dd2152-f007-438e-82d5-6265f7314886","method":"POST","result":200,"reason":"OK","latencyMs":333.46}
{"timestamp":1791632406044,"service":"control","requestId":"19b9d535-9767-4716-b0ec-9d5b2358d823","method":"POST","result":200,"reason":"OK","latencyMs":320.45}
{"timestamp":1791632406108,"service":"control","requestId":"0d13fdf7-44ae-4378-86cb-e8bb47f1cc7c","method":"POST","result":200,"reason":"OK","latencyMs":319.28}
{"timestamp":1791632406179,"service":"control","requestId":"f6c9fac2-6991-46f2-ac4d-266f0a46629e","method":"POST","result":200,"reason":"OK","latencyMs":317.34}
{"timestamp":1791632406231,"service":"control","requestId":"c5159961-78b1-4090-b173-8be3dd49dd5f","method":"POST","result":200,"reason":"OK","latencyMs":303.44}
{"timestamp":1791632406294,"service":"control","requestId":"0bfa0508-ce4e-44fa-99db-1b37f2955d50","method":"POST","result":200,"reason":"OK","latencyMs":299.73}
{"timestamp":1791632406365,"service":"control","requestId":"1d3bdc20-39f7-4927-838e-eb6eee5fda58","method":"POST","result":200,"reason":"OK","latencyMs":314.87}
{"timestamp":1791632406408,"service":"control","requestId":"041388f2-dd07-4fb2-9d94-6841ab67b5b4","method":"POST","result":200,"reason":"OK","latencyMs":284.67}
{"timestamp":1791632406462,"service":"control","requestId":"025730cc-cb53-43fe-b318-ea7dc8c77e23","method":"GET","result":200,"reason":"OK","latencyMs":277.74}
{"timestamp":1791632406523,"service":"control","requestId":"e3dea035-d616-4753-9a98-1ea544a8a0f9","method":"GET","result":200,"reason":"OK","latencyMs":285.85}
{"timestamp":1791632406591,"service":"control","requestId":"99039e82-bbe2-400a-9bc3-786227268518","method":"GET","result":200,"reason":"OK","latencyMs":282.08}
{"timestamp":1791632406668,"service":"control","requestId":"36bcb90a-b064-4305-85cf-fdc845232a22","method":"GET","result":200,"reason":"OK","latencyMs":295.41}
{"timestamp":1791632406738,"service":"control","requestId":"4afcd6c1-c5e9-4a80-bf42-0c4e8a8a73e7","method":"POST","result":200,"reason":"OK","latencyMs":323.74}
{"timestamp":1791632406799,"service":"control","requestId":"788ae311-9b2e-4056-a2f2-0d3d37a76ddf","method":"POST","result":200,"reason":"OK","latencyMs":331.94}
{"timestamp":1791632406859,"service":"control","requestId":"a81d1be1-44cd-4cf0-8284-a616f9577478","method":"POST","result":200,"reason":"OK","latencyMs":323.16}
{"timestamp":1791632406900,"service":"control","requestId":"e3576c82-f2d6-4e6c-af46-aa246f9903ce","method":"POST","result":200,"reason":"OK","latencyMs":288.68}
{"timestamp":1791632406959,"service":"control","requestId":"e4e65a10-b584-4814-9d8c-453aba80ad0a","method":"POST","result":200,"reason":"OK","latencyMs":277.88}
{"timestamp":1791632407031,"service":"control","requestId":"4dfee3e7-6868-4055-9c9b-38facb36c2d9","method":"POST","result":200,"reason":"OK","latencyMs":285.68}
{"timestamp":1791632407140,"service":"control","requestId":"590c86f9-bac8-473d-9b3b-787fdf139f60","method":"POST","result":200,"reason":"OK","latencyMs":333.7}
{"timestamp":1791632407184,"service":"control","requestId":"e243e501-a9a2-48c7-8d8a-aba1fa842b14","method":"POST","result":200,"reason":"OK","latencyMs":310.15}
{"timestamp":1791632407243,"service":"control","requestId":"824b460e-fd34-4897-9d0e-b888c5b457ee","method":"POST","result":200,"reason":"OK","latencyMs":308.88}
{"timestamp":1791632407320,"service":"control","requestId":"faa0b584-4f5d-4fba-8290-d0d497f428fa","method":"POST","result":200,"reason":"OK","latencyMs":319.81}
{"timestamp":1791632407349,"service":"control","requestId":"7474b4c7-fbd2-4b88-9075-a1be2a4b4c11","method":"POST","result":200,"reason":"OK","latencyMs":270.6}
{"timestamp":1791632407429,"service":"control","requestId":"18f374d3-7212-4b2d-b435-91d59da0d33b","method":"POST","result":200,"reason":"OK","latencyMs":283.3}
{"timestamp":1791632407494,"service":"control","requestId":"270facf7-a178-47f9-a75e-80e830d5a8e7","method":"POST","result":200,"reason":"OK","latencyMs":296.15}
{"timestamp":1791632407554,"service":"control","requestId":"c5ba23ea-847a-463f-8538-ffca8a6bd783","method":"POST","result":200,"reason":"OK","latencyMs":282.24}
{"timestamp":1791632407616,"service":"control","requestId":"e18218bf-bacb-447a-8675-999beaa6aa7b","method":"POST","result":200,"reason":"OK","latencyMs":289.83}
{"timestamp":1791632407663,"service":"control","requestId":"bb2ea9eb-5c23-4a83-a30d-f105b128d64e","method":"POST","result":200,"reason":"OK","latencyMs":276.35}
{"timestamp":1791632407704,"service":"control","requestId":"1362c775-5201-4d67-b6d8-d2f134546521","method":"GET","result":200,"reason":"OK","latencyMs":258.89}
{"timestamp":1791632407745,"service":"control","requestId":"ca3f36de-d40e-4bf8-ae6d-c98c90689dfc","method":"GET","result":200,"reason":"OK","latencyMs":245.17}
{"timestamp":1791632407797,"service":"control","requestId":"47a564bf-f1df-4907-9cc9-e2c8cbcce002","method":"GET","result":200,"reason":"OK","latencyMs":235.65}
{"timestamp":1791632407840,"service":"control","requestId":"64bc292b-960d-4d00-846c-78d2f11cbbcb","method":"GET","result":200,"reason":"OK","latencyMs":213.18}
{"timestamp":1791632407888,"service":"control","requestId":"6dcbf780-b696-4acd-a2fa-5af7c5d210c8","method":"POST","result":200,"reason":"OK","latencyMs":220.5}
{"timestamp":1791632407933,"service":"control","requestId":"8ac12831-69a7-472b-9108-a8d6bf8e79eb","method":"POST","result":200,"reason":"OK","latencyMs":224.43}
{"timestamp":1791632407975,"service":"control","requestId":"b5474176-2210-4bc9-a764-7d7383da6eb7","method":"POST","result":200,"reason":"OK","latencyMs":219.25}
{"timestamp":1791632408053,"service":"control","requestId":"30ae14e4-3de3-46d1-b24f-42d711091c34","method":"POST","result":200,"reason":"OK","latencyMs":251.28}
{"timestamp":1791632408166,"service":"control","requestId":"5dbbd109-1ee9-4d82-a4cc-1677c022deae","method":"POST","result":200,"reason":"OK","latencyMs":320.15}
{"timestamp":1791632408196,"service":"control","requestId":"283aedb0-a0ea-4842-a901-9e4944392088","method":"POST","result":200,"reason":"OK","latencyMs":302.26}
{"timestamp":1791632408261,"service":"control","requestId":"475175d8-0d21-4323-bb88-0866a97313f2","method":"POST","result":200,"reason":"OK","latencyMs":324}
{"timestamp":1791632408368,"service":"control","requestId":"35c843ef-4d38-424b-b7b6-ae4464e336ef","method":"POST","result":200,"reason":"OK","latencyMs":388.85}
{"timestamp":1791632408439,"service":"control","requestId":"9c97203b-b7b1-413b-a2bf-497126942c63","method":"POST","result":200,"reason":"OK","latencyMs":346.41}
{"timestamp":1791632408500,"service":"control","requestId":"cc6ad9f7-05d6-4123-89d8-2e9b90946c2a","method":"POST","result":200,"reason":"OK","latencyMs":327.21}
{"timestamp":1791632408575,"service":"control","requestId":"2f82d48a-9fa1-4f7d-afd2-95418eab3a86","method":"POST","result":200,"reason":"OK","latencyMs":337.55}
{"timestamp":1791632408626,"service":"control","requestId":"64585bf5-41dc-46e4-8932-5aa4027758af","method":"POST","result":200,"reason":"OK","latencyMs":317.13}
{"timestamp":1791632408690,"service":"control","requestId":"05852962-a7a2-48d5-a6ff-48e1ea14b187","method":"POST","result":200,"reason":"OK","latencyMs":313.91}
{"timestamp":1791632408745,"service":"control","requestId":"803b86f8-3b35-40fe-b1fb-90fbf66bb8f3","method":"POST","result":200,"reason":"OK","latencyMs":299.49}
{"timestamp":1791632408789,"service":"control","requestId":"093a3da9-2dfa-4583-b7f8-d02ea975b4bc","method":"POST","result":200,"reason":"OK","latencyMs":269.14}
{"timestamp":1791632408831,"service":"control","requestId":"398e5cf7-9c69-4978-9c67-cf5debc30a98","method":"POST","result":200,"reason":"OK","latencyMs":249.74}
{"timestamp":1791632408886,"service":"control","requestId":"beb3f186-9aae-49c4-943d-7db74ebaeb36","method":"GET","result":200,"reason":"OK","latencyMs":252.2}
{"timestamp":1791632408936,"service":"control","requestId":"38053f6e-89da-46aa-b2b0-23f3a58800f7","method":"GET","result":200,"reason":"OK","latencyMs":231.97}
{"timestamp":1791632408983,"service":"control","requestId":"ed2677f7-2350-4855-945f-6e066bff362b","method":"GET","result":200,"reason":"OK","latencyMs":233.62}
{"timestamp":1791632409035,"service":"control","requestId":"c5f5ef30-5e8a-44c2-b290-d418833b5188","method":"GET","result":200,"reason":"OK","latencyMs":241.38}
{"timestamp":1791632409079,"service":"control","requestId":"c2cdf7a9-e914-4229-8376-e1914b3025db","method":"POST","result":200,"reason":"OK","latencyMs":233.77}
{"timestamp":1791632409121,"service":"control","requestId":"0416453d-481b-48e9-b9fb-24ffd6bfbb04","method":"POST","result":200,"reason":"OK","latencyMs":230.7}
{"timestamp":1791632409176,"service":"control","requestId":"0bbe1d40-72c7-4f3d-aeac-59586b557d28","method":"POST","result":200,"reason":"OK","latencyMs":227.57}
{"timestamp":1791632409203,"service":"control","requestId":"d6aba0b5-9392-4a72-8383-1285e36033fe","method":"POST","result":200,"reason":"OK","latencyMs":205.31}
{"timestamp":1791632409265,"service":"control","requestId":"8b7b2a31-dc67-4a5b-8810-bf7672a85e32","method":"POST","result":200,"reason":"OK","latencyMs":225.34}
{"timestamp":1791632409343,"service":"control","requestId":"d2f6877b-0f6f-44d8-93b7-9e3f876f5e0a","method":"POST","result":200,"reason":"OK","latencyMs":259.19}
{"timestamp":1791632409598,"service":"control","requestId":"fbfd548c-f1f1-4775-8fdb-c8d469040fee","method":"POST","result":200,"reason":"OK","latencyMs":464.85}
{"timestamp":1791632409666,"service":"control","requestId":"bd66896d-a54b-4b13-bf54-4d8ae5d240ba","method":"POST","result":200,"reason":"OK","latencyMs":486.08}
{"timestamp":1791632409746,"service":"control","requestId":"aa881530-6140-4f8d-8bbd-000e34df2bb7","method":"POST","result":200,"reason":"OK","latencyMs":505.07}
{"timestamp":1791632409822,"service":"control","requestId":"646106c4-87af-4e99-8acd-756038b16198","method":"POST","result":200,"reason":"OK","latencyMs":507.58}
{"timestamp":1791632409880,"service":"control","requestId":"1354bbc8-5d32-492f-b28c-76d19b3f89e9","method":"POST","result":200,"reason":"OK","latencyMs":373.13}
{"timestamp":1791632409948,"service":"control","requestId":"e67b51df-f3b1-474b-8233-bc486d718700","method":"POST","result":200,"reason":"OK","latencyMs":342.65}
{"timestamp":1791632409997,"service":"control","requestId":"6236b24d-7af3-4463-b5a1-a837ee6eb76d","method":"POST","result":200,"reason":"OK","latencyMs":313.67}
{"timestamp":1791632410043,"service":"control","requestId":"69836374-8c50-427c-9e49-e2d104bef03a","method":"POST","result":200,"reason":"OK","latencyMs":290.53}
{"timestamp":1791632410115,"service":"control","requestId":"64045fc4-1079-44b9-b757-dbaa43fc22a8","method":"POST","result":200,"reason":"OK","latencyMs":285.33}
{"timestamp":1791632410172,"service":"control","requestId":"e920b5cd-4c85-4247-8392-270dffdc946e","method":"POST","result":200,"reason":"OK","latencyMs":275.05}
{"timestamp":1791632410220,"service":"control","requestId":"34ae886e-723a-4994-8496-9b37ab0dd423","method":"GET","result":200,"reason":"OK","latencyMs":267.09}
{"timestamp":1791632410270,"service":"control","requestId":"34f90ffd-bf3c-48aa-964f-3f5d784cbcc6","method":"GET","result":200,"reason":"OK","latencyMs":268.04}
{"timestamp":1791632410315,"service":"control","requestId":"c4cc7ff8-7c68-4e5a-baa7-e77a0a2f51c5","method":"GET","result":200,"reason":"OK","latencyMs":254.79}
{"timestamp":1791632410367,"service":"control","requestId":"07051713-c718-4e25-b6ef-391ffd2a6e67","method":"GET","result":200,"reason":"OK","latencyMs":244.91}
{"timestamp":1791632410417,"service":"control","requestId":"961756ca-4b37-4ea4-b7f8-7a7a478a97bd","method":"POST","result":200,"reason":"OK","latencyMs":237.81}
{"timestamp":1791632410460,"service":"control","requestId":"3ded1e05-3f1e-43ae-b74e-74010b9bd88b","method":"POST","result":200,"reason":"OK","latencyMs":226.9}
{"timestamp":1791632410531,"service":"control","requestId":"4fb24069-0344-4b0b-baf4-77d9902a1af2","method":"POST","result":200,"reason":"OK","latencyMs":255.08}
{"timestamp":1791632410571,"service":"control","requestId":"f97af598-666c-4ba7-95ee-c19289990f50","method":"POST","result":200,"reason":"OK","latencyMs":249.62}
{"timestamp":1791632410650,"service":"control","requestId":"01e02f8a-fcf7-47af-9721-975d0e55c1be","method":"POST","result":200,"reason":"OK","latencyMs":270.39}
{"timestamp":1791632410708,"service":"control","requestId":"d3d7e32f-9004-4964-88bd-1507d3675a7d","method":"POST","result":200,"reason":"OK","latencyMs":287.15}
{"timestamp":1791632410740,"service":"control","requestId":"72c1c09a-36f2-4e55-95f3-96b7fef91bc1","method":"POST","result":200,"reason":"OK","latencyMs":273.28}
{"timestamp":1791632410815,"service":"control","requestId":"8ce990ce-ed99-43e8-8e3d-82d163aedd4e","method":"POST","result":200,"reason":"OK","latencyMs":269.01}
{"timestamp":1791632410864,"service":"control","requestId":"cab214cc-ea4c-46a1-9b99-a089ccb8b398","method":"POST","result":200,"reason":"OK","latencyMs":258.43}
{"timestamp":1791632410906,"service":"control","requestId":"e711115a-4d5b-4881-9a3a-6360829bed16","method":"POST","result":200,"reason":"OK","latencyMs":252.41}
{"timestamp":1791632410960,"service":"control","requestId":"5f0b9b41-ba96-4fa7-8487-4a065f26bd96","method":"POST","result":200,"reason":"OK","latencyMs":246.57}
{"timestamp":1791632411028,"service":"control","requestId":"079b147c-878d-4fc8-be4f-92d944f3c979","method":"POST","result":200,"reason":"OK","latencyMs":259.72}
{"timestamp":1791632411086,"service":"control","requestId":"b1429d40-5662-47c1-b00c-3a0b6021b9e9","method":"POST","result":200,"reason":"OK","latencyMs":282.53}
{"timestamp":1791632411140,"service":"control","requestId":"71686f99-afd7-450b-afe4-a9fa0cd2d437","method":"POST","result":200,"reason":"OK","latencyMs":271.06}
{"timestamp":1791632411196,"service":"control","requestId":"27cc64a3-0090-4a4d-8f35-af2ee736504e","method":"POST","result":200,"reason":"OK","latencyMs":285.15}
{"timestamp":1791632411241,"service":"control","requestId":"218f71a5-28e2-40da-966c-add09f59ef15","method":"POST","result":200,"reason":"OK","latencyMs":276}
{"timestamp":1791632411280,"service":"control","requestId":"d6c1de29-9d92-4a4e-b6f2-df04296c8baf","method":"GET","result":200,"reason":"OK","latencyMs":247.19}
{"timestamp":1791632411328,"service":"control","requestId":"dc374d39-a7ee-428c-b37b-ae430454cc66","method":"GET","result":200,"reason":"OK","latencyMs":237.79}
{"timestamp":1791632411370,"service":"control","requestId":"b71aacee-513f-49de-a527-d9191abe3845","method":"GET","result":200,"reason":"OK","latencyMs":223.94}
{"timestamp":1791632411412,"service":"control","requestId":"7059a215-7e35-4fb1-9418-91e1cf40751b","method":"GET","result":200,"reason":"OK","latencyMs":210.92}
{"timestamp":1791632411480,"service":"control","requestId":"a05bfbec-5e21-4083-b215-1b9e4011a808","method":"POST","result":200,"reason":"OK","latencyMs":232.66}
{"timestamp":1791632411528,"service":"control","requestId":"7edd6eb6-1cce-4edb-b942-02ae32bb0421","method":"POST","result":200,"reason":"OK","latencyMs":243.74}
{"timestamp":1791632411573,"service":"control","requestId":"017ef57e-ee6d-4c9b-a274-a94db93848f0","method":"POST","result":200,"reason":"OK","latencyMs":239.26}
{"timestamp":1791632411607,"service":"control","requestId":"8049c49d-cd8e-4a00-9d35-3c5b54d5e241","method":"POST","result":200,"reason":"OK","latencyMs":232.15}
{"timestamp":1791632411702,"service":"control","requestId":"d4575f68-659d-4013-ae78-99f474985cfe","method":"POST","result":200,"reason":"OK","latencyMs":282.39}
{"timestamp":1791632411770,"service":"control","requestId":"e3aad1d2-75cd-4501-b694-a88aa9fd8aa3","method":"POST","result":200,"reason":"OK","latencyMs":285.12}
{"timestamp":1791632411803,"service":"control","requestId":"ddae790c-758d-4243-b788-ef2d0db22502","method":"POST","result":200,"reason":"OK","latencyMs":273.2}
{"timestamp":1791632411899,"service":"control","requestId":"385d2380-112e-43fc-b72d-ed36d8f790b8","method":"POST","result":200,"reason":"OK","latencyMs":320.08}
{"timestamp":1791632411946,"service":"control","requestId":"c2a89a76-e4d3-4378-9a7e-a9f5c9e1e999","method":"POST","result":200,"reason":"OK","latencyMs":294.31}
{"timestamp":1791632412004,"service":"control","requestId":"f0496a52-8371-49db-b254-87b9385b7371","method":"POST","result":200,"reason":"OK","latencyMs":296.64}
{"timestamp":1791632412060,"service":"control","requestId":"17266f45-7cec-4fdd-a3b7-4366087ea2bf","method":"POST","result":200,"reason":"OK","latencyMs":282.74}
{"timestamp":1791632412127,"service":"control","requestId":"190818b3-85b8-4c32-9c60-60901d1f7c7e","method":"POST","result":200,"reason":"OK","latencyMs":274.86}
{"timestamp":1791632412195,"service":"control","requestId":"1a1a585a-a579-4d0f-b3dd-e8632724b95e","method":"POST","result":200,"reason":"OK","latencyMs":290.68}
{"timestamp":1791632412262,"service":"control","requestId":"718df1f5-6919-437e-86f4-4e6557e490b6","method":"POST","result":200,"reason":"OK","latencyMs":304.78}
{"timestamp":1791632412324,"service":"control","requestId":"45a8b318-a0f9-4d11-adeb-7189ed78d6f3","method":"POST","result":200,"reason":"OK","latencyMs":313.46}
{"timestamp":1791632412387,"service":"control","requestId":"71999b53-4418-41c3-9aff-d4827d31802b","method":"POST","result":200,"reason":"OK","latencyMs":322.76}
{"timestamp":1791632412435,"service":"control","requestId":"178f3fa3-5d8b-4e7b-a2c3-b40082c68541","method":"GET","result":200,"reason":"OK","latencyMs":302.24}
{"timestamp":1791632412489,"service":"control","requestId":"ca0763ca-ccec-46f9-9be9-0fddf548d5c6","method":"GET","result":200,"reason":"OK","latencyMs":287.43}
{"timestamp":1791632412562,"service":"control","requestId":"7dde215c-0fa5-42d2-b230-f7f457bef336","method":"GET","result":200,"reason":"OK","latencyMs":293.2}
{"timestamp":1791632412617,"service":"control","requestId":"9ed0dc20-a504-4ada-9bff-0b12e56aca9c","method":"GET","result":200,"reason":"OK","latencyMs":287.35}
{"timestamp":1791632412664,"service":"control","requestId":"de18347f-2980-4b33-994e-6275fec64ee6","method":"POST","result":200,"reason":"OK","latencyMs":270.51}
{"timestamp":1791632412712,"service":"control","requestId":"5d4b7893-eb70-497e-b243-c99254e29803","method":"POST","result":200,"reason":"OK","latencyMs":272.29}
{"timestamp":1791632412768,"service":"control","requestId":"6d706e7b-0943-416e-8e61-ca73f343479b","method":"POST","result":200,"reason":"OK","latencyMs":270.44}
{"timestamp":1791632412843,"service":"control","requestId":"c76d5397-e4c0-4a81-ae72-e6959bbb8907","method":"POST","result":200,"reason":"OK","latencyMs":272.09}
{"timestamp":1791632412881,"service":"control","requestId":"849c9755-6d94-4588-929b-24aec3d63f33","method":"POST","result":200,"reason":"OK","latencyMs":259.09}
{"timestamp":1791632412993,"service":"control","requestId":"ed4e8105-9262-481a-b7c7-a4162d043698","method":"POST","result":200,"reason":"OK","latencyMs":323.43}
{"timestamp":1791632413044,"service":"control","requestId":"11e10091-91a9-488b-ba76-974aae1c2cc6","method":"POST","result":200,"reason":"OK","latencyMs":326.47}
{"timestamp":1791632413094,"service":"control","requestId":"7fe66dca-943c-4c2e-895d-13c09732adcb","method":"POST","result":200,"reason":"OK","latencyMs":319.25}
{"timestamp":1791632413137,"service":"control","requestId":"7552848d-3a18-4353-8de7-eaaea9c8f07f","method":"POST","result":200,"reason":"OK","latencyMs":276.56}
{"timestamp":1791632413189,"service":"control","requestId":"5de86981-87ee-4b17-863f-6ba35936c733","method":"POST","result":200,"reason":"OK","latencyMs":260.42}
{"timestamp":1791632413256,"service":"control","requestId":"210dd375-4421-4cda-89a0-cc81e79b841a","method":"POST","result":200,"reason":"OK","latencyMs":258.73}
{"timestamp":1791632413322,"service":"control","requestId":"0dc2e532-2f06-4666-bc6e-24fde18c6e82","method":"POST","result":200,"reason":"OK","latencyMs":272.36}
{"timestamp":1791632413380,"service":"control","requestId":"920da21b-7543-4575-8b2f-9e1387847b7d","method":"POST","result":200,"reason":"OK","latencyMs":281.64}
{"timestamp":1791632413432,"service":"control","requestId":"0e8bd57c-fcb3-4aad-980d-8cfed7efbb37","method":"POST","result":200,"reason":"OK","latencyMs":290.42}
{"timestamp":1791632413477,"service":"control","requestId":"c500737e-eb49-4f88-bdce-e2ef42909250","method":"POST","result":200,"reason":"OK","latencyMs":280.16}
{"timestamp":1791632413520,"service":"control","requestId":"17d0da74-5ce8-4bb8-be72-a0f4f5d1e02e","method":"POST","result":200,"reason":"OK","latencyMs":256.64}
{"timestamp":1791632413574,"service":"control","requestId":"65dd1062-03f9-40be-8950-8b0d1691d7cf","method":"GET","result":200,"reason":"OK","latencyMs":245.81}
{"timestamp":1791632413623,"service":"control","requestId":"a42150ab-1593-433f-a4e7-aaec16a6e2b0","method":"GET","result":200,"reason":"OK","latencyMs":235.12}
{"timestamp":1791632413681,"service":"control","requestId":"f0ebae6b-54b5-42ca-bc3d-a1e8d01d791b","method":"GET","result":200,"reason":"OK","latencyMs":244.93}
{"timestamp":1791632413721,"service":"control","requestId":"4d06038e-879f-423c-bac3-c1f4be481850","method":"GET","result":200,"reason":"OK","latencyMs":239.07}
{"timestamp":1791632413779,"service":"control","requestId":"05411479-57f1-4576-93aa-a65682dcc517","method":"POST","result":200,"reason":"OK","latencyMs":253.04}
{"timestamp":1791632413825,"service":"control","requestId":"f04317e8-7a36-45d4-b035-4d3893bd7991","method":"POST","result":200,"reason":"OK","latencyMs":245.09}
{"timestamp":1791632413919,"service":"control","requestId":"530c1411-c0fc-44ee-be82-a5c568a33aa7","method":"POST","result":200,"reason":"OK","latencyMs":290.21}
{"timestamp":1791632413988,"service":"control","requestId":"eb40358a-5eeb-4d46-8add-333117910c13","method":"POST","result":200,"reason":"OK","latencyMs":301.37}
{"timestamp":1791632414061,"service":"control","requestId":"775c9c9b-63a3-443a-b715-a5cc291c88f0","method":"POST","result":200,"reason":"OK","latencyMs":335.93}
{"timestamp":1791632414128,"service":"control","requestId":"33fb43e1-bb9c-4a64-a489-5fba8f9607f7","method":"POST","result":200,"reason":"OK","latencyMs":307.44}
{"timestamp":1791632414201,"service":"control","requestId":"b337dc91-974c-49d4-b943-50b3e7fbbde7","method":"POST","result":200,"reason":"OK","latencyMs":334.92}
{"timestamp":1791632414259,"service":"control","requestId":"30b4fb2f-766d-42e4-93d7-f2f647c0db17","method":"POST","result":200,"reason":"OK","latencyMs":330.34}
{"timestamp":1791632414309,"service":"control","requestId":"6be8e94c-e4a3-4c18-b32a-7722107ffed5","method":"POST","result":200,"reason":"OK","latencyMs":312.6}
{"timestamp":1791632414369,"service":"control","requestId":"4f6f8307-d435-4689-80e3-8ea836058f64","method":"POST","result":200,"reason":"OK","latencyMs":301.67}
{"timestamp":1791632414421,"service":"control","requestId":"76608017-d6f8-4daf-8233-403663406b14","method":"POST","result":200,"reason":"OK","latencyMs":286.94}
{"timestamp":1791632414473,"service":"control","requestId":"bb97c335-1d43-48ab-a1fa-2c879368ca3d","method":"POST","result":200,"reason":"OK","latencyMs":265.6}
{"timestamp":1791632414536,"service":"control","requestId":"e1c51613-48fa-453b-8048-f1942323bbbd","method":"POST","result":200,"reason":"OK","latencyMs":271.78}
{"timestamp":1791632414588,"service":"control","requestId":"8309c9c4-c7d0-4eb2-8562-d6a1e4f58784","method":"POST","result":200,"reason":"OK","latencyMs":272.76}
{"timestamp":1791632414639,"service":"control","requestId":"8645a91b-d4a5-48ad-8e0f-b899309b5d24","method":"POST","result":200,"reason":"OK","latencyMs":265.56}
{"timestamp":1791632414698,"service":"control","requestId":"8fb6bbbc-8baf-4b1f-9616-e03fed6b15ce","method":"POST","result":200,"reason":"OK","latencyMs":270.68}
{"timestamp":1791632414753,"service":"control","requestId":"1ad380bf-1c53-4fcc-b3ca-6e62927070f0","method":"GET","result":200,"reason":"OK","latencyMs":274.91}
{"timestamp":1791632414803,"service":"control","requestId":"23ee6546-892c-444b-b921-8e922084d8a6","method":"GET","result":200,"reason":"OK","latencyMs":261.48}
{"timestamp":1791632414850,"service":"control","requestId":"62fefad6-f3dc-41e2-b328-429f8aa9cb15","method":"GET","result":200,"reason":"OK","latencyMs":258.19}
{"timestamp":1791632414893,"service":"control","requestId":"81daa69f-2f80-4c60-9b46-fbe2a6cbbb7f","method":"GET","result":200,"reason":"OK","latencyMs":248.88}
{"timestamp":1791632414955,"service":"control","requestId":"b9aaa653-fa16-4fd6-a861-426980cbd9bc","method":"POST","result":200,"reason":"OK","latencyMs":250.8}
{"timestamp":1791632415024,"service":"control","requestId":"d1ff6414-5e52-4fc7-b343-3e3c8dca0f6d","method":"POST","result":200,"reason":"OK","latencyMs":269.33}
{"timestamp":1791632415087,"service":"control","requestId":"2c0e1f76-15b7-4292-b1ea-23f4a138a94f","method":"POST","result":200,"reason":"OK","latencyMs":278.61}
{"timestamp":1791632415114,"service":"control","requestId":"3230e2f3-6f95-4a34-a1da-004092634617","method":"POST","result":200,"reason":"OK","latencyMs":258.35}
{"timestamp":1791632415196,"service":"control","requestId":"0e049b62-37dd-4c61-8859-b36a66dfeea3","method":"POST","result":200,"reason":"OK","latencyMs":297.94}
{"timestamp":1791632415249,"service":"control","requestId":"5e2a66bc-ca5f-4469-a6c5-6e14f3b55ff1","method":"POST","result":200,"reason":"OK","latencyMs":288.96}
{"timestamp":1791632415314,"service":"control","requestId":"a899533e-961e-42a1-a7f9-a83493a22796","method":"POST","result":200,"reason":"OK","latencyMs":285.69}
{"timestamp":1791632415358,"service":"control","requestId":"89418367-05d5-48fd-8448-30d21a597383","method":"POST","result":200,"reason":"OK","latencyMs":265.77}
{"timestamp":1791632415407,"service":"control","requestId":"abe15b84-d052-414d-af64-935d07594657","method":"POST","result":200,"reason":"OK","latencyMs":259.59}
{"timestamp":1791632415450,"service":"control","requestId":"85fa8901-bdc4-4b67-b050-388656a2631c","method":"POST","result":200,"reason":"OK","latencyMs":248.98}
{"timestamp":1791632415493,"service":"control","requestId":"aeb2dcba-d6ad-46f4-aa6d-493398153b46","method":"POST","result":200,"reason":"OK","latencyMs":224.37}
{"timestamp":1791632415546,"service":"control","requestId":"2a751a93-13a4-4b04-8783-4dc52c566ad1","method":"POST","result":200,"reason":"OK","latencyMs":227.74}
{"timestamp":1791632415593,"service":"control","requestId":"b4c260e5-6bfc-49dc-8f35-dfe2a78bbade","method":"POST","result":200,"reason":"OK","latencyMs":231.15}
{"timestamp":1791632415637,"service":"control","requestId":"a18d2175-1c84-4a06-a7c8-45d9ecc9736f","method":"POST","result":200,"reason":"OK","latencyMs":225.14}
{"timestamp":1791632415690,"service":"control","requestId":"a5688a83-c78c-4627-82f2-18dc4fe45631","method":"POST","result":200,"reason":"OK","latencyMs":235.67}
{"timestamp":1791632415742,"service":"control","requestId":"378b6dc6-2be9-4945-9b56-b397abfb74cb","method":"POST","result":200,"reason":"OK","latencyMs":244.51}
{"timestamp":1791632415790,"service":"control","requestId":"13a98f3a-10c5-4c95-a547-cf719855eb55","method":"GET","result":200,"reason":"OK","latencyMs":238.51}
{"timestamp":1791632415840,"service":"control","requestId":"257d3ecb-49c9-4827-8436-995b94ad6088","method":"GET","result":200,"reason":"OK","latencyMs":241.78}
{"timestamp":1791632415897,"service":"control","requestId":"82cd7a80-9b5b-4050-8f82-9d88b0681643","method":"GET","result":200,"reason":"OK","latencyMs":255.45}
{"timestamp":1791632415963,"service":"control","requestId":"e3bd8e5c-47de-44ee-8a22-35526b5f6916","method":"GET","result":200,"reason":"OK","latencyMs":268.01}
{"timestamp":1791632416021,"service":"control","requestId":"09f7fa60-1c33-4a79-8242-37a4a48366ef","method":"POST","result":200,"reason":"OK","latencyMs":274.1}
{"timestamp":1791632416080,"service":"control","requestId":"479b30a7-2f93-4cb6-b839-e8ec06d0b188","method":"POST","result":200,"reason":"OK","latencyMs":279.79}
{"timestamp":1791632416147,"service":"control","requestId":"76d2c3df-33d3-4839-ac55-cbf69435c937","method":"POST","result":200,"reason":"OK","latencyMs":302.45}
{"timestamp":1791632416219,"service":"control","requestId":"bfb9c33d-f16c-4b22-a41b-2c5ce1c7c09f","method":"POST","result":200,"reason":"OK","latencyMs":316.06}
{"timestamp":1791632416257,"service":"control","requestId":"eb636ebf-038a-4e4d-99bd-e45a075afc02","method":"POST","result":200,"reason":"OK","latencyMs":287.23}
{"timestamp":1791632416380,"service":"control","requestId":"807c2f35-ff0e-49bf-a23e-0ef4d752f015","method":"POST","result":200,"reason":"OK","latencyMs":352.36}
{"timestamp":1791632416452,"service":"control","requestId":"ac7ccc28-d0fa-49e9-a63d-2c034108c086","method":"POST","result":200,"reason":"OK","latencyMs":365.18}
{"timestamp":1791632416510,"service":"control","requestId":"0fda95d0-1ded-4884-bb0c-338684ba219e","method":"POST","result":200,"reason":"OK","latencyMs":356.37}
{"timestamp":1791632416578,"service":"control","requestId":"a10addf2-7786-47c0-8dc7-fed33c036466","method":"POST","result":200,"reason":"OK","latencyMs":353.37}
{"timestamp":1791632416636,"service":"control","requestId":"2a065ab4-983c-4e9c-8a97-ac7f64f39fee","method":"POST","result":200,"reason":"OK","latencyMs":332.13}
{"timestamp":1791632416701,"service":"control","requestId":"c325af76-9c3b-4d57-886d-f27453f2e3b6","method":"POST","result":200,"reason":"OK","latencyMs":314.29}
{"timestamp":1791632416765,"service":"control","requestId":"583143e6-0ab7-4e94-90c9-517be90651cd","method":"POST","result":200,"reason":"OK","latencyMs":307.18}
{"timestamp":1791632416831,"service":"control","requestId":"890003d1-32e0-4540-a717-1b9f3cd14dbd","method":"POST","result":200,"reason":"OK","latencyMs":308.31}
{"timestamp":1791632416903,"service":"control","requestId":"f3407763-f7c0-46be-bea5-4c2da3081aa5","method":"POST","result":200,"reason":"OK","latencyMs":318.77}
{"timestamp":1791632416967,"service":"control","requestId":"45f4d4d2-a974-464b-888e-233605e2e77b","method":"POST","result":200,"reason":"OK","latencyMs":325.2}
{"timestamp":1791632417029,"service":"control","requestId":"0056af6c-d257-4e3f-ab2b-866818efd6ba","method":"POST","result":200,"reason":"OK","latencyMs":321.4}
{"timestamp":1791632417099,"service":"control","requestId":"a7d09973-cd20-47ab-ba23-ef2e0082d785","method":"GET","result":200,"reason":"OK","latencyMs":326.93}
{"timestamp":1791632417162,"service":"control","requestId":"339ad442-af69-49d4-9fb5-437f44edd652","method":"GET","result":200,"reason":"OK","latencyMs":324.08}
{"timestamp":1791632417230,"service":"control","requestId":"bf0c661d-5ece-472e-9be5-f7b4bfd356ba","method":"GET","result":200,"reason":"OK","latencyMs":320.78}
{"timestamp":1791632417302,"service":"control","requestId":"d5518599-23c3-4852-8cd5-5b2aa3914497","method":"GET","result":200,"reason":"OK","latencyMs":328.28}
{"timestamp":1791632417364,"service":"control","requestId":"44db2336-6316-4940-810f-1a44270a01e1","method":"POST","result":200,"reason":"OK","latencyMs":329.23}
{"timestamp":1791632417425,"service":"control","requestId":"35219d30-f00a-43be-ab32-a9f4935402a2","method":"POST","result":200,"reason":"OK","latencyMs":319.75}
{"timestamp":1791632417473,"service":"control","requestId":"0ec25bc7-c543-47f5-9f7e-91d56f3e95ac","method":"POST","result":200,"reason":"OK","latencyMs":304.53}
{"timestamp":1791632417501,"service":"control","requestId":"dc97ccc2-665a-4732-958a-9dbfa7ffcaa8","method":"POST","result":200,"reason":"OK","latencyMs":248.4}
{"timestamp":1791632417568,"service":"control","requestId":"6ade7d4f-e68b-4f70-afd6-ceab4fff35e2","method":"POST","result":200,"reason":"OK","latencyMs":259.13}
{"timestamp":1791632417629,"service":"control","requestId":"ef9e0897-178e-4849-a10f-4216d9e368fc","method":"POST","result":200,"reason":"OK","latencyMs":250.64}
{"timestamp":1791632417684,"service":"control","requestId":"d1f0db0e-7014-4a57-935e-f21eafcc0a8a","method":"POST","result":200,"reason":"OK","latencyMs":253.99}
{"timestamp":1791632417763,"service":"control","requestId":"e2b0179c-a4a1-4e06-a659-a51700f9771a","method":"POST","result":200,"reason":"OK","latencyMs":286.28}
{"timestamp":1791632417819,"service":"control","requestId":"8f03172d-08c3-4f75-829b-be722a4028fd","method":"POST","result":200,"reason":"OK","latencyMs":287.27}
{"timestamp":1791632417873,"service":"control","requestId":"6625fe87-4ce5-4405-96bd-2f4ca80fe15a","method":"POST","result":200,"reason":"OK","latencyMs":268.82}
{"timestamp":1791632417919,"service":"control","requestId":"7fafc757-2072-4573-83b8-b686399501a4","method":"POST","result":200,"reason":"OK","latencyMs":258.35}
{"timestamp":1791632417970,"service":"control","requestId":"acb82943-78a4-4130-a92a-a5decff794b5","method":"POST","result":200,"reason":"OK","latencyMs":250.62}
{"timestamp":1791632418022,"service":"control","requestId":"63584aae-19b5-4a60-98ff-6f0c01d6db2a","method":"POST","result":200,"reason":"OK","latencyMs":253.35}
{"timestamp":1791632418069,"service":"control","requestId":"85d078ca-1f73-4b02-a0af-8933c141fd47","method":"POST","result":200,"reason":"OK","latencyMs":244.92}
{"timestamp":1791632418120,"service":"control","requestId":"ef4a7ea0-75f8-417c-9b14-b398373b35d8","method":"POST","result":200,"reason":"OK","latencyMs":239.85}
{"timestamp":1791632418172,"service":"control","requestId":"f5d0b472-cb82-4aa7-9375-449184b3ad8f","method":"POST","result":200,"reason":"OK","latencyMs":248.12}
{"timestamp":1791632418232,"service":"control","requestId":"f3e389d3-9e3b-431a-bb83-2eed6b33d9e0","method":"GET","result":200,"reason":"OK","latencyMs":256.66}
{"timestamp":1791632418299,"service":"control","requestId":"ec5a3c44-5305-4b37-84a3-a1505f7e70df","method":"GET","result":200,"reason":"OK","latencyMs":271.77}
{"timestamp":1791632418362,"service":"control","requestId":"2f258731-7179-46b0-a8a6-ec5dcbd6e121","method":"GET","result":200,"reason":"OK","latencyMs":287.94}
{"timestamp":1791632418416,"service":"control","requestId":"3357240c-48ab-4279-887e-49ffa134f817","method":"GET","result":200,"reason":"OK","latencyMs":285.84}
{"timestamp":1791632418470,"service":"control","requestId":"b0ca04f4-100a-4179-96d8-6d4e4eb93323","method":"POST","result":200,"reason":"OK","latencyMs":292.52}
{"timestamp":1791632418519,"service":"control","requestId":"a1a23e6b-eeee-4c12-aa7e-347bb525dde2","method":"POST","result":200,"reason":"OK","latencyMs":280.31}
{"timestamp":1791632418576,"service":"control","requestId":"9ce1542e-9266-4377-9aa4-8679bcfc97bf","method":"POST","result":200,"reason":"OK","latencyMs":270.88}
{"timestamp":1791632418653,"service":"control","requestId":"d70019ea-f94f-4072-811d-fac5b9a0b4e4","method":"POST","result":200,"reason":"OK","latencyMs":285.03}
{"timestamp":1791632418722,"service":"control","requestId":"6179464c-9b49-44e9-99c8-7421751dbe57","method":"POST","result":200,"reason":"OK","latencyMs":299.75}
{"timestamp":1791632418797,"service":"control","requestId":"c778b13f-34a3-414a-9370-ad2551b38323","method":"POST","result":200,"reason":"OK","latencyMs":320.72}
{"timestamp":1791632418831,"service":"control","requestId":"0c66fcce-e922-419c-83eb-3775e202a7e4","method":"POST","result":200,"reason":"OK","latencyMs":305.32}
{"timestamp":1791632418926,"service":"control","requestId":"c88e6d1f-731c-4884-a8d8-d9084e49dbda","method":"POST","result":200,"reason":"OK","latencyMs":330.08}
{"timestamp":1791632418991,"service":"control","requestId":"1fef2262-94bc-40d3-831e-762a2d91c6d6","method":"POST","result":200,"reason":"OK","latencyMs":331.77}
{"timestamp":1791632419049,"service":"control","requestId":"389c160a-554d-45a5-b679-ce60ca50edde","method":"POST","result":200,"reason":"OK","latencyMs":321.06}
{"timestamp":1791632419120,"service":"control","requestId":"abad3618-7fcc-48ff-921d-88105f5c336c","method":"POST","result":200,"reason":"OK","latencyMs":315.44}
{"timestamp":1791632419182,"service":"control","requestId":"f6d12996-c62b-4299-afaf-e371edbf77c8","method":"POST","result":200,"reason":"OK","latencyMs":309.03}
{"timestamp":1791632419244,"service":"control","requestId":"04b6f803-4731-4155-a5c0-135505d6a2b7","method":"POST","result":200,"reason":"OK","latencyMs":300.31}
{"timestamp":1791632419305,"service":"control","requestId":"94f8dd7b-1d54-4a2c-bcff-c5fbfa518aa5","method":"POST","result":200,"reason":"OK","latencyMs":307.33}
{"timestamp":1791632419358,"service":"control","requestId":"e004b4ea-3e7e-4fd6-b949-67af1f41f07d","method":"POST","result":200,"reason":"OK","latencyMs":302.46}
{"timestamp":1791632419430,"service":"control","requestId":"f1551cfe-6d53-4d4a-803b-1244937acbc1","method":"POST","result":200,"reason":"OK","latencyMs":303.87}
{"timestamp":1791632419491,"service":"control","requestId":"4a21336a-1f1d-492e-bff9-d9888c1af1ac","method":"GET","result":200,"reason":"OK","latencyMs":302.92}
{"timestamp":1791632419534,"service":"control","requestId":"2291f148-dfd4-45b1-8866-db6b51a275cf","method":"GET","result":200,"reason":"OK","latencyMs":283.64}
{"timestamp":1791632419588,"service":"control","requestId":"958c80fc-0986-4db8-97df-e9eb8cea5888","method":"GET","result":200,"reason":"OK","latencyMs":278.76}
{"timestamp":1791632419646,"service":"control","requestId":"77a3527d-a31b-4cf2-9d14-905bf5c2ad37","method":"GET","result":200,"reason":"OK","latencyMs":281.12}
{"timestamp":1791632419699,"service":"control","requestId":"907d5593-bc47-4add-bba8-28ebc33bd84f","method":"POST","result":200,"reason":"OK","latencyMs":259.58}
{"timestamp":1791632419755,"service":"control","requestId":"80361fa9-962f-4fe6-86b7-29bc7aed92c2","method":"POST","result":200,"reason":"OK","latencyMs":258.56}
{"timestamp":1791632419812,"service":"control","requestId":"9a0f2c1a-3786-41e7-a1b4-a14d01be7780","method":"POST","result":200,"reason":"OK","latencyMs":272.94}
{"timestamp":1791632419843,"service":"control","requestId":"3577eea5-42f5-47b2-a402-cbc9a6b96cb8","method":"POST","result":200,"reason":"OK","latencyMs":248.86}
{"timestamp":1791632419937,"service":"control","requestId":"88652ce3-e42a-49b9-8ae8-2f17bd11ba66","method":"POST","result":200,"reason":"OK","latencyMs":285.27}
{"timestamp":1791632419992,"service":"control","requestId":"6f1c6363-46bf-4e20-aabc-e653be6b928e","method":"POST","result":200,"reason":"OK","latencyMs":286.46}
{"timestamp":1791632420063,"service":"control","requestId":"429dce47-4214-4daf-a70d-e1700b8d25a2","method":"POST","result":200,"reason":"OK","latencyMs":303.29}
{"timestamp":1791632420117,"service":"control","requestId":"eae60e8a-ddc3-4c8a-9814-1f9eb47d2d43","method":"POST","result":200,"reason":"OK","latencyMs":299.35}
{"timestamp":1791632420166,"service":"control","requestId":"4bafa141-eb68-4950-9ab5-2af8a16f616b","method":"POST","result":200,"reason":"OK","latencyMs":278.86}
{"timestamp":1791632420284,"service":"control","requestId":"b689cf92-7e04-4bde-afff-7cb5afa9e7bf","method":"POST","result":200,"reason":"OK","latencyMs":341.84}
{"timestamp":1791632420336,"service":"control","requestId":"59423184-4b26-49c9-b043-7b24826011a3","method":"POST","result":200,"reason":"OK","latencyMs":338.82}
{"timestamp":1791632420391,"service":"control","requestId":"08883a52-bcd4-41e6-b196-d2e2c420194d","method":"POST","result":200,"reason":"OK","latencyMs":323.28}
{"timestamp":1791632420450,"service":"control","requestId":"0805464d-bd88-46db-bb3d-fe67c094b1ba","method":"POST","result":200,"reason":"OK","latencyMs":328.4}
{"timestamp":1791632420518,"service":"control","requestId":"6222c2c0-6445-42c2-8392-5b361be00ffa","method":"POST","result":200,"reason":"OK","latencyMs":331.01}
{"timestamp":1791632420601,"service":"control","requestId":"90f015aa-a7d2-45b1-a35c-8767f9a049d8","method":"POST","result":200,"reason":"OK","latencyMs":302.23}
{"timestamp":1791632420667,"service":"control","requestId":"840012fe-4b8b-4723-a97b-0a47c6e76ba2","method":"POST","result":200,"reason":"OK","latencyMs":326.48}
{"timestamp":1791632420741,"service":"control","requestId":"3b69144b-9efb-4b72-989b-af09a8d951e2","method":"GET","result":200,"reason":"OK","latencyMs":345.47}
{"timestamp":1791632420797,"service":"control","requestId":"ef1f3a62-86d2-4689-85b0-6d904fa02bd4","method":"GET","result":200,"reason":"OK","latencyMs":340.8}
{"timestamp":1791632420932,"service":"control","requestId":"f6d1c5fc-7b6d-4259-924b-ca5198f02ce9","method":"GET","result":200,"reason":"OK","latencyMs":407.08}
{"timestamp":1791632421135,"service":"control","requestId":"d159f85d-30cf-403b-8580-1b802d327fd4","method":"GET","result":200,"reason":"OK","latencyMs":526.5}
{"timestamp":1791632421169,"service":"control","requestId":"72281e34-e0ea-421c-ad10-22b9818f138a","method":"POST","result":200,"reason":"OK","latencyMs":495.24}
{"timestamp":1791632421212,"service":"control","requestId":"c7df768f-54a4-4124-a1ac-b3b1d0c67a08","method":"POST","result":200,"reason":"OK","latencyMs":463.49}
{"timestamp":1791632421219,"service":"control","requestId":"db96ad0a-99ca-417a-8a16-7e953130cbb8","method":"POST","result":200,"reason":"OK","latencyMs":416.31}
{"timestamp":1791632421334,"service":"control","requestId":"abe4dcc3-ff87-4b4a-8f79-66cbdbae4f71","method":"POST","result":200,"reason":"OK","latencyMs":488.2}
{"timestamp":1791632421451,"service":"control","requestId":"e81c97ca-499e-4731-affc-b0767e998bb7","method":"POST","result":200,"reason":"OK","latencyMs":509.68}
{"timestamp":1791632421501,"service":"control","requestId":"f028c29f-c1e9-4495-b52e-aa6996e8b8c9","method":"POST","result":200,"reason":"OK","latencyMs":504.33}
{"timestamp":1791632421512,"service":"control","requestId":"def3326b-f579-464b-b8ef-b50c3b70cf82","method":"POST","result":200,"reason":"OK","latencyMs":447.48}
{"timestamp":1791632421531,"service":"control","requestId":"c601a099-84a3-4b71-9b8b-a58c469d73f3","method":"POST","result":200,"reason":"OK","latencyMs":253.62}
{"timestamp":1791632421575,"service":"control","requestId":"f7ad80dc-fb1b-4c8f-854f-e327903caed0","method":"POST","result":200,"reason":"OK","latencyMs":427.67}
{"timestamp":1791632421587,"service":"control","requestId":"42782b38-6dfd-4abf-a767-ff34b9e57dc1","method":"POST","result":200,"reason":"OK","latencyMs":366.89}
{"timestamp":1791632421633,"service":"control","requestId":"ecdd321d-8a0e-412c-a193-a1f3e6fd5b5c","method":"POST","result":200,"reason":"OK","latencyMs":296.52}
{"timestamp":1791632421683,"service":"control","requestId":"2cdec5a6-07e4-4524-99a8-97e4c299a0a6","method":"POST","result":200,"reason":"OK","latencyMs":289.96}
{"timestamp":1791632421758,"service":"control","requestId":"e87c41b2-b44c-4fa7-82a1-5fbc1e13da71","method":"POST","result":200,"reason":"OK","latencyMs":301.74}
{"timestamp":1791632421812,"service":"control","requestId":"fff0e207-29f3-4c68-9e7a-abac07a21a7d","method":"POST","result":200,"reason":"OK","latencyMs":286.66}
{"timestamp":1791632421858,"service":"control","requestId":"2bc4264f-3850-4ab2-a618-32d0f6f909d9","method":"POST","result":200,"reason":"OK","latencyMs":267.38}
{"timestamp":1791632421905,"service":"control","requestId":"6616eb0a-3dca-46e3-9705-9eb984c64efa","method":"POST","result":200,"reason":"OK","latencyMs":267.83}
{"timestamp":1791632421957,"service":"control","requestId":"76abb263-0695-4b48-ad1d-c06298c1e768","method":"GET","result":200,"reason":"OK","latencyMs":268.5}
{"timestamp":1791632422021,"service":"control","requestId":"71b95a09-a2bf-4552-9d1d-a534880d5d8a","method":"GET","result":200,"reason":"OK","latencyMs":255}
{"timestamp":1791632422076,"service":"control","requestId":"68d03a8a-d320-49e4-a4ec-5e93003bdcf1","method":"GET","result":200,"reason":"OK","latencyMs":256.06}
{"timestamp":1791632422141,"service":"control","requestId":"db6d738f-3303-4eb3-b6fa-8d9ed626b45c","method":"GET","result":200,"reason":"OK","latencyMs":272.81}
{"timestamp":1791632422213,"service":"control","requestId":"71d892d5-f350-4f8d-be3c-0abac6012abf","method":"POST","result":200,"reason":"OK","latencyMs":302.74}
{"timestamp":1791632422275,"service":"control","requestId":"bd36b63a-47bd-4387-9730-06a5cca509ad","method":"POST","result":200,"reason":"OK","latencyMs":312.3}
{"timestamp":1791632422345,"service":"control","requestId":"17ec98b4-0899-4521-91d0-7f4d98225c72","method":"POST","result":200,"reason":"OK","latencyMs":319.19}
{"timestamp":1791632422446,"service":"control","requestId":"1bf724d8-6e9e-4165-b009-bafdaecda617","method":"POST","result":200,"reason":"OK","latencyMs":363.46}
{"timestamp":1791632422519,"service":"control","requestId":"a642c0ae-1ac8-4048-9a11-8c0460374b34","method":"POST","result":200,"reason":"OK","latencyMs":358.25}
{"timestamp":1791632422607,"service":"control","requestId":"33455fca-1d65-4069-b047-baef1a827ea7","method":"POST","result":200,"reason":"OK","latencyMs":382.1}
{"timestamp":1791632422688,"service":"control","requestId":"9bccebd8-24ca-4677-97e6-a3f7db611e8f","method":"POST","result":200,"reason":"OK","latencyMs":406.43}
{"timestamp":1791632422756,"service":"control","requestId":"721ac213-ed39-471a-a563-cf80c06c1d5e","method":"POST","result":200,"reason":"OK","latencyMs":404.07}
{"timestamp":1791632422821,"service":"control","requestId":"290479e8-2351-4fcf-934d-8f412d86ad73","method":"POST","result":200,"reason":"OK","latencyMs":369.07}
{"timestamp":1791632422883,"service":"control","requestId":"441371f8-6960-40d8-8aa8-55b7f2c9875b","method":"POST","result":200,"reason":"OK","latencyMs":350.98}
{"timestamp":1791632422942,"service":"control","requestId":"b2d0d10b-5ef1-4e6c-9266-ed455347ea30","method":"POST","result":200,"reason":"OK","latencyMs":326.74}
{"timestamp":1791632423000,"service":"control","requestId":"bf97395c-5433-4ea7-82cf-3caa5c104f76","method":"POST","result":200,"reason":"OK","latencyMs":304.59}
{"timestamp":1791632423093,"service":"control","requestId":"38a76056-5993-4c50-927a-9ca93efa4eb3","method":"POST","result":200,"reason":"OK","latencyMs":332.01}
{"timestamp":1791632423180,"service":"control","requestId":"197f5021-f3a4-4a31-b9b0-772db419cf31","method":"POST","result":200,"reason":"OK","latencyMs":352.35}
{"timestamp":1791632423278,"service":"control","requestId":"4a9768f7-dcb2-4b73-93a5-a74dfd938fd5","method":"POST","result":200,"reason":"OK","latencyMs":381.91}
{"timestamp":1791632423367,"service":"control","requestId":"86ff8891-6893-4f3b-8000-07a43c0b5aca","method":"POST","result":200,"reason":"OK","latencyMs":418.59}
{"timestamp":1791632423444,"service":"control","requestId":"d23ce528-e3b8-47af-820f-f7bdc51a5743","method":"GET","result":200,"reason":"OK","latencyMs":434.25}
{"timestamp":1791632423528,"service":"control","requestId":"a4066edf-dc35-4f6f-9523-801a9444ed2a","method":"GET","result":200,"reason":"OK","latencyMs":428.2}
{"timestamp":1791632423614,"service":"control","requestId":"53c76ace-13d9-4f08-8884-4f65f6653080","method":"GET","result":200,"reason":"OK","latencyMs":426.5}
{"timestamp":1791632423706,"service":"control","requestId":"7325b010-3238-4a47-bc71-d76a64797484","method":"GET","result":200,"reason":"OK","latencyMs":409.96}
{"timestamp":1791632423807,"service":"control","requestId":"3016b335-6efe-48cc-9c4e-c383a8065364","method":"POST","result":200,"reason":"OK","latencyMs":433.71}
{"timestamp":1791632423882,"service":"control","requestId":"21926a3d-1bc1-4ec8-95ac-8d40cd4a52d3","method":"POST","result":200,"reason":"OK","latencyMs":429.52}
{"timestamp":1791632423961,"service":"control","requestId":"f5856a03-1ed7-4ab6-82d5-3ff5484b5aa4","method":"POST","result":200,"reason":"OK","latencyMs":425.05}
{"timestamp":1791632424032,"service":"control","requestId":"8397eb45-7281-41ba-803e-e40e10d728b8","method":"POST","result":200,"reason":"OK","latencyMs":409.39}
{"timestamp":1791632424102,"service":"control","requestId":"0fd52b53-418b-417e-b506-c6ed8b5e975c","method":"POST","result":200,"reason":"OK","latencyMs":365.21}
{"timestamp":1791632424201,"service":"control","requestId":"ea4a002a-83c8-48a5-8103-497224d2dd1c","method":"POST","result":200,"reason":"OK","latencyMs":385.9}
{"timestamp":1791632424245,"service":"control","requestId":"ca667385-0040-4a48-8d7f-16765f11dd5a","method":"POST","result":200,"reason":"OK","latencyMs":355.4}
{"timestamp":1791632424355,"service":"control","requestId":"fec122e7-6262-416d-9adf-e2488f904ee7","method":"POST","result":200,"reason":"OK","latencyMs":385.32}
{"timestamp":1791632424437,"service":"control","requestId":"a8cc072c-1a0b-41ca-a818-01a37088434f","method":"POST","result":200,"reason":"OK","latencyMs":399.5}
{"timestamp":1791632424517,"service":"control","requestId":"ae7e445b-e681-464d-99db-43564cfbd9e2","method":"POST","result":200,"reason":"OK","latencyMs":402.21}
{"timestamp":1791632424602,"service":"control","requestId":"489a4ac1-19fd-4a22-b96a-277ea9404202","method":"POST","result":200,"reason":"OK","latencyMs":380.57}
{"timestamp":1791632424679,"service":"control","requestId":"0fe8cb98-73fe-4531-96f6-c9e1da43af77","method":"POST","result":200,"reason":"OK","latencyMs":393.78}
{"timestamp":1791632424769,"service":"control","requestId":"15a7939e-a48c-4d6c-a1b2-6798c173d566","method":"POST","result":200,"reason":"OK","latencyMs":407.94}
{"timestamp":1791632424860,"service":"control","requestId":"982000cd-5064-4c0e-b96c-c73f357f00b0","method":"POST","result":200,"reason":"OK","latencyMs":415.04}
{"timestamp":1791632424959,"service":"control","requestId":"4ce763a0-dad8-4478-baa2-e4842a40a21a","method":"POST","result":200,"reason":"OK","latencyMs":426.57}
{"timestamp":1791632425021,"service":"control","requestId":"447a2140-ecf2-4ee4-b5ef-12a7d69a5b57","method":"POST","result":200,"reason":"OK","latencyMs":411.69}
{"timestamp":1791632425074,"service":"control","requestId":"d0857d00-85e3-49af-be4c-d1d5a200918e","method":"GET","result":200,"reason":"OK","latencyMs":385.7}
{"timestamp":1791632425149,"service":"control","requestId":"4760eeb4-ea7e-46c4-bf30-e69ea031655e","method":"GET","result":200,"reason":"OK","latencyMs":371.32}
{"timestamp":1791632425218,"service":"control","requestId":"547e47d4-6658-4e6b-bac6-40999276ae68","method":"GET","result":200,"reason":"OK","latencyMs":350.31}
{"timestamp":1791632425290,"service":"control","requestId":"fda7304f-b1ca-4231-9ba2-737534383557","method":"GET","result":200,"reason":"OK","latencyMs":316.12}
{"timestamp":1791632425362,"service":"control","requestId":"e679d488-2127-4f3e-be38-73f7b34fc2e9","method":"POST","result":200,"reason":"OK","latencyMs":339.2}
{"timestamp":1791632425410,"service":"control","requestId":"2bd3a72a-6f31-46bd-a869-59523a8169e3","method":"POST","result":200,"reason":"OK","latencyMs":329.85}
{"timestamp":1791632425459,"service":"control","requestId":"a907bc84-6e33-4b2d-abfc-812e932de33d","method":"POST","result":200,"reason":"OK","latencyMs":303.58}
{"timestamp":1791632425486,"service":"control","requestId":"42cdb2a5-b8cf-4ea3-85fc-b5647a23d984","method":"POST","result":200,"reason":"OK","latencyMs":260.02}
{"timestamp":1791632425543,"service":"control","requestId":"a561d6cd-5bc7-46da-b7b1-c99c9443026b","method":"POST","result":200,"reason":"OK","latencyMs":238.45}
{"timestamp":1791632425627,"service":"control","requestId":"c5b9d035-cc87-422d-b9ea-5ebf7108b97d","method":"POST","result":200,"reason":"OK","latencyMs":258.72}
{"timestamp":1791632425684,"service":"control","requestId":"5365854d-1a17-4ca5-a4ee-08a36fd456e3","method":"POST","result":200,"reason":"OK","latencyMs":269.03}
{"timestamp":1791632425743,"service":"control","requestId":"49119720-05c8-4316-9bcb-f3ed1bbce072","method":"POST","result":200,"reason":"OK","latencyMs":279.88}
{"timestamp":1791632425788,"service":"control","requestId":"92a844aa-b61c-4a8a-b135-6130a5eb9ab6","method":"POST","result":200,"reason":"OK","latencyMs":273.8}
{"timestamp":1791632425832,"service":"control","requestId":"c5e79b96-38e1-4302-b9c9-678c904d33ac","method":"POST","result":200,"reason":"OK","latencyMs":255.66}
{"timestamp":1791632425903,"service":"control","requestId":"f5ac3217-4043-4402-a76b-d7a6cd42b10a","method":"POST","result":200,"reason":"OK","latencyMs":271.57}
{"timestamp":1791632425970,"service":"control","requestId":"8e228c34-801f-4fa3-8a3e-95ffe7df4aca","method":"POST","result":200,"reason":"OK","latencyMs":281.8}
{"timestamp":1791632426034,"service":"control","requestId":"077d0422-751d-4a50-9573-a83d3e946a64","method":"POST","result":200,"reason":"OK","latencyMs":286.62}
{"timestamp":1791632426136,"service":"control","requestId":"5d5e8ec5-6ed8-4e8e-83bb-a992f5c0abf7","method":"POST","result":200,"reason":"OK","latencyMs":341.77}
{"timestamp":1791632426199,"service":"control","requestId":"d71bea0a-32bc-4d73-91ce-09594fb2802f","method":"POST","result":200,"reason":"OK","latencyMs":357.66}
{"timestamp":1791632426256,"service":"control","requestId":"eec736bb-f8b2-4aaf-87f2-8359d533fc39","method":"POST","result":200,"reason":"OK","latencyMs":346.36}
{"timestamp":1791632426306,"service":"control","requestId":"2026bc80-cc8b-40da-800f-cbfdf0ee5d7c","method":"GET","result":200,"reason":"OK","latencyMs":286.6}
{"timestamp":1791632426374,"service":"control","requestId":"84cf5dac-26e8-4e58-afe0-8c2403c7dce0","method":"GET","result":200,"reason":"OK","latencyMs":285.98}
{"timestamp":1791632426432,"service":"control","requestId":"79cea507-d5b4-44e6-b177-c3c44bbdd0b6","method":"GET","result":200,"reason":"OK","latencyMs":290.93}
{"timestamp":1791632426490,"service":"control","requestId":"7074c771-39ac-4ae1-96bf-490870c9af47","method":"GET","result":200,"reason":"OK","latencyMs":286.35}
{"timestamp":1791632426536,"service":"control","requestId":"144ff19f-f032-4947-8c71-c032fd5c4dc1","method":"POST","result":200,"reason":"OK","latencyMs":273.9}
{"timestamp":1791632426600,"service":"control","requestId":"f94b0d86-df50-4d56-b0fe-922fd68b0836","method":"POST","result":200,"reason":"OK","latencyMs":281.21}
{"timestamp":1791632426672,"service":"control","requestId":"82cbbeb1-199f-4719-8780-d956b45a570d","method":"POST","result":200,"reason":"OK","latencyMs":291.95}
{"timestamp":1791632426708,"service":"control","requestId":"87087f5d-3e5a-4312-a95e-9cba45a085b0","method":"POST","result":200,"reason":"OK","latencyMs":267.24}
{"timestamp":1791632426822,"service":"control","requestId":"a3980140-75f5-4a8a-b747-0d31557da8b7","method":"POST","result":200,"reason":"OK","latencyMs":327.2}
{"timestamp":1791632426882,"service":"control","requestId":"3659746d-7596-43ef-a5e3-07fd11ad2932","method":"POST","result":200,"reason":"OK","latencyMs":341.87}
{"timestamp":1791632426944,"service":"control","requestId":"2693ecc4-587b-4e1b-825e-a6ae05c28fa2","method":"POST","result":200,"reason":"OK","latencyMs":330.18}
{"timestamp":1791632427008,"service":"control","requestId":"c35fb46b-77e5-40ff-a001-9996db762df9","method":"POST","result":200,"reason":"OK","latencyMs":328.58}
{"timestamp":1791632427058,"service":"control","requestId":"eed34a5a-fb24-4a5f-9904-0c6649297efc","method":"POST","result":200,"reason":"OK","latencyMs":303.69}
{"timestamp":1791632427125,"service":"control","requestId":"aa59e322-7080-462e-896f-445ebbcdcd1b","method":"POST","result":200,"reason":"OK","latencyMs":297.7}
{"timestamp":1791632427176,"service":"control","requestId":"a5653b5e-9047-4cd2-99fd-c782c87dc14e","method":"POST","result":200,"reason":"OK","latencyMs":289.62}
{"timestamp":1791632427230,"service":"control","requestId":"7e959fd2-12e8-48c7-b6bf-33aff46ee78b","method":"POST","result":200,"reason":"OK","latencyMs":271.87}
{"timestamp":1791632427303,"service":"control","requestId":"9e5cdf05-103d-4b31-9d45-22b32619c466","method":"POST","result":200,"reason":"OK","latencyMs":290.05}
{"timestamp":1791632427357,"service":"control","requestId":"596194c6-08b7-4970-952e-070a8a4a2354","method":"POST","result":200,"reason":"OK","latencyMs":293.13}
{"timestamp":1791632427422,"service":"control","requestId":"12c20125-6b49-4afa-9833-ce20e3f17997","method":"POST","result":200,"reason":"OK","latencyMs":292.74}
{"timestamp":1791632427469,"service":"control","requestId":"e3a5aeac-c05b-45e5-a195-73a9e1d5e1c1","method":"POST","result":200,"reason":"OK","latencyMs":287.22}
{"timestamp":1791632427515,"service":"control","requestId":"d1ffa925-5035-48d4-a588-ca3b553089f4","method":"GET","result":200,"reason":"OK","latencyMs":272.93}
{"timestamp":1791632427586,"service":"control","requestId":"081fb203-203d-4deb-b40b-2bdf76323860","method":"GET","result":200,"reason":"OK","latencyMs":277.1}
{"timestamp":1791632427639,"service":"control","requestId":"3cb29168-7378-409f-ae1c-71619df5834d","method":"GET","result":200,"reason":"OK","latencyMs":276.51}
{"timestamp":1791632427696,"service":"control","requestId":"d132989a-910d-4728-9b7c-0a43c7af2feb","method":"GET","result":200,"reason":"OK","latencyMs":269.07}
{"timestamp":1791632427748,"service":"control","requestId":"3098d23d-1244-4f38-bd89-185e8c937553","method":"POST","result":200,"reason":"OK","latencyMs":274.75}
{"timestamp":1791632427811,"service":"control","requestId":"b7e7942d-7b82-40c5-83a9-7dbfc4db0ea0","method":"POST","result":200,"reason":"OK","latencyMs":285.5}
{"timestamp":1791632427874,"service":"control","requestId":"9a95f99f-bc86-4fab-be7a-7ac51caf3e58","method":"POST","result":200,"reason":"OK","latencyMs":283.22}
{"timestamp":1791632427931,"service":"control","requestId":"038286e2-03f6-41b4-8708-e4bcd4a7d9f7","method":"POST","result":200,"reason":"OK","latencyMs":286.89}
{"timestamp":1791632427996,"service":"control","requestId":"1ba1b4ae-61ed-4cb1-8294-c1a036adaf70","method":"POST","result":200,"reason":"OK","latencyMs":294.77}
{"timestamp":1791632428055,"service":"control","requestId":"3e5483b7-6c25-45b4-91b4-85cd8e3fad8f","method":"POST","result":200,"reason":"OK","latencyMs":300.89}
{"timestamp":1791632428112,"service":"control","requestId":"2954ee48-16cb-4ea1-bbbc-0259279ba4f7","method":"POST","result":200,"reason":"OK","latencyMs":281.48}
{"timestamp":1791632428163,"service":"control","requestId":"d2b92165-23af-4210-a17d-06cd4c79515a","method":"POST","result":200,"reason":"OK","latencyMs":283.89}
{"timestamp":1791632428208,"service":"control","requestId":"e277ce2c-a350-43bb-a659-23210f8c9d7f","method":"POST","result":200,"reason":"OK","latencyMs":272.53}
{"timestamp":1791632428266,"service":"control","requestId":"e196a182-0e8d-4f16-ab86-a396b26ed3e9","method":"POST","result":200,"reason":"OK","latencyMs":263.45}
{"timestamp":1791632428316,"service":"control","requestId":"d7c4e178-4570-4d56-9165-de1605d735ea","method":"POST","result":200,"reason":"OK","latencyMs":256.8}
{"timestamp":1791632428368,"service":"control","requestId":"47b36240-a38c-48ef-a95d-fdcd2f005cae","method":"POST","result":200,"reason":"OK","latencyMs":243.45}
{"timestamp":1791632428429,"service":"control","requestId":"16fbe3b3-024e-4b27-9753-ae2278a0ce65","method":"POST","result":200,"reason":"OK","latencyMs":260.9}
{"timestamp":1791632428485,"service":"control","requestId":"1cee8ef2-ac2a-4fab-a55b-6c48eae71797","method":"POST","result":200,"reason":"OK","latencyMs":272.63}
{"timestamp":1791632428550,"service":"control","requestId":"a5d0f8e4-3f34-4885-bb2f-719ef58521a6","method":"POST","result":200,"reason":"OK","latencyMs":277.22}
{"timestamp":1791632428598,"service":"control","requestId":"fc3ec8c7-d283-4579-aafd-ce4a81a3b2af","method":"POST","result":200,"reason":"OK","latencyMs":277.53}
{"timestamp":1791632428652,"service":"control","requestId":"53ddc288-97de-41da-a03f-75a273fbb828","method":"GET","result":200,"reason":"OK","latencyMs":270.45}
{"timestamp":1791632428699,"service":"control","requestId":"fd39b98d-f68e-4ec7-9464-95c98213c075","method":"GET","result":200,"reason":"OK","latencyMs":265.49}
{"timestamp":1791632428750,"service":"control","requestId":"71dd5c5a-780c-4bdf-88b8-ca732a1e1dc8","method":"GET","result":200,"reason":"OK","latencyMs":259.59}
{"timestamp":1791632428804,"service":"control","requestId":"d957eae8-defa-4c4a-aa3a-f4abf6fc5ee9","method":"GET","result":200,"reason":"OK","latencyMs":248.61}
{"timestamp":1791632428849,"service":"control","requestId":"cb565799-13ad-43fb-bb6c-13f159eb0561","method":"POST","result":200,"reason":"OK","latencyMs":245.45}
{"timestamp":1791632428922,"service":"control","requestId":"49774a75-16b1-4392-95d8-6e643eaa82a1","method":"POST","result":200,"reason":"OK","latencyMs":265.01}
{"timestamp":1791632428985,"service":"control","requestId":"105e83f7-16a1-4c95-bd0a-46174f5b1531","method":"POST","result":200,"reason":"OK","latencyMs":280.62}
{"timestamp":1791632429018,"service":"control","requestId":"7c0e72d6-dffa-41ae-ae62-6d2668dc709c","method":"POST","result":200,"reason":"OK","latencyMs":256.32}
{"timestamp":1791632429111,"service":"control","requestId":"658e716a-0f33-4ac3-8e1c-f6baae99ed51","method":"POST","result":200,"reason":"OK","latencyMs":301.89}
{"timestamp":1791632429194,"service":"control","requestId":"93e5d752-dafd-40bf-b8bf-aa6ee0765db4","method":"POST","result":200,"reason":"OK","latencyMs":338.28}
{"timestamp":1791632429227,"service":"control","requestId":"18c0c153-2b1f-430c-8a77-4435de048bd2","method":"POST","result":200,"reason":"OK","latencyMs":298.72}
{"timestamp":1791632429319,"service":"control","requestId":"5826a1f9-24cc-40c8-8b83-535d94313f4b","method":"POST","result":200,"reason":"OK","latencyMs":328.57}
{"timestamp":1791632429376,"service":"control","requestId":"6a0e60af-32eb-4b18-be97-101c793ccc6a","method":"POST","result":200,"reason":"OK","latencyMs":317.16}
{"timestamp":1791632429420,"service":"control","requestId":"debf8487-b186-422c-bebc-e99b0e1febb0","method":"POST","result":200,"reason":"OK","latencyMs":303.51}
{"timestamp":1791632429472,"service":"control","requestId":"970a6385-8bb8-4819-a454-6ec4f3b7dc9c","method":"POST","result":200,"reason":"OK","latencyMs":273.39}
{"timestamp":1791632429523,"service":"control","requestId":"b90694fb-aede-49c0-8ec1-0d1e1dd73998","method":"POST","result":200,"reason":"OK","latencyMs":248.94}
{"timestamp":1791632429574,"service":"control","requestId":"08035437-d191-4354-8ec8-874a696b750e","method":"POST","result":200,"reason":"OK","latencyMs":250.1}
{"timestamp":1791632429629,"service":"control","requestId":"13abeb11-11f6-4a81-914c-dccb2707d468","method":"POST","result":200,"reason":"OK","latencyMs":248.49}
{"timestamp":1791632429678,"service":"control","requestId":"65b2a6db-1d86-4715-b6c1-7556d9aaf539","method":"POST","result":200,"reason":"OK","latencyMs":252.65}
{"timestamp":1791632429712,"service":"control","requestId":"44a2e6b5-684a-454d-b65d-f60c51c11741","method":"POST","result":200,"reason":"OK","latencyMs":233.68}
