{"service":"control","event":"listening","host":"127.0.0.1","port":8441}
{"timestamp":1791473508732,"service":"control","requestId":"d60b6190-e9a1-4e72-b941-e583d4b6f78d","method":"GET","result":200,"reason":"OK","latencyMs":30.56}
{"timestamp":1791473508833,"service":"control","requestId":"ed305b11-1ad9-457d-847d-f964fb408e13","method":"GET","result":200,"reason":"OK","latencyMs":10.71}
{"timestamp":1791473508948,"service":"control","requestId":"41a3fd3b-ebbe-4585-81a7-c1c8c6500302","method":"GET","result":200,"reason":"OK","latencyMs":13.32}
{"timestamp":1791473509155,"service":"control","requestId":"1db86ad2-5a78-4a99-9ceb-ae0e059931a2","method":"POST","result":200,"reason":"OK","latencyMs":91.45}
{"timestamp":1791473509199,"service":"control","requestId":"6ede15ed-f00e-4fc6-b8ae-adb724fb2fb4","method":"POST","result":200,"reason":"OK","latencyMs":34.19}
{"timestamp":1791473509241,"service":"control","requestId":"477d3763-19d3-4beb-a688-ff1585bc11a9","method":"POST","result":200,"reason":"OK","latencyMs":33.71}
{"timestamp":1791473509416,"service":"control","requestId":"c39425c5-136e-458a-81e3-01d3741ea763","method":"POST","result":200,"reason":"OK","latencyMs":72.35}
{"timestamp":1791473509453,"service":"control","requestId":"6a023229-95ca-4b0c-8173-edad9a8e0358","method":"POST","result":200,"reason":"OK","latencyMs":33.19}
{"timestamp":1791473509494,"service":"control","requestId":"e395737c-8045-4aae-a402-f8bde5110142","method":"POST","result":200,"reason":"OK","latencyMs":34.76}
{"timestamp":1791473509680,"service":"control","requestId":"1bea8051-c42d-4c13-8901-dcb54ac6f823","method":"POST","result":200,"reason":"OK","latencyMs":77.01}
{"timestamp":1791473509715,"service":"control","requestId":"6f3900af-4c48-4559-a3f3-5f378582a31b","method":"POST","result":200,"reason":"OK","latencyMs":31.14}
{"timestamp":1791473509756,"service":"control","requestId":"00222943-64be-47f8-b562-9ffacb553a7a","method":"POST","result":200,"reason":"OK","latencyMs":32.44}
{"timestamp":1791473509927,"service":"control","requestId":"9941f365-3268-49fa-a4eb-cb06bb8d12d8","method":"POST","result":200,"reason":"OK","latencyMs":70.31}
{"timestamp":1791473509963,"service":"control","requestId":"b2a69c51-d5f2-43bf-9f65-c3264fcfcf6a","method":"POST","result":200,"reason":"OK","latencyMs":31.98}
{"timestamp":1791473509998,"service":"control","requestId":"d3e6d3ed-ebb7-4463-939e-5d8ec7ef556c","method":"POST","result":200,"reason":"OK","latencyMs":32.6}
{"timestamp":1791473510185,"service":"control","requestId":"0775a3f3-4ff4-432a-8755-0b2bf65310a4","method":"POST","result":200,"reason":"OK","latencyMs":69.08}
{"timestamp":1791473510221,"service":"control","requestId":"2dea48e2-033d-4278-aa58-b842bdbf865a","method":"POST","result":200,"reason":"OK","latencyMs":30.7}
{"timestamp":1791473510260,"service":"control","requestId":"34064dd5-365a-4858-bb61-2deebaccee5b","method":"POST","result":200,"reason":"OK","latencyMs":32.3}
{"timestamp":1791473510393,"service":"control","requestId":"3dee3bf1-643e-4baf-927d-826965942af4","method":"POST","result":200,"reason":"OK","latencyMs":33.77}
{"timestamp":1791473510474,"service":"control","requestId":"68152f99-86b9-47af-be16-bf0f48fee0c9","method":"POST","result":200,"reason":"OK","latencyMs":76.5}
{"timestamp":1791473510552,"service":"control","requestId":"c96cb7f1-7849-4818-8612-0b3528fdbddf","method":"POST","result":200,"reason":"OK","latencyMs":75.78}
{"timestamp":1791473510582,"service":"control","requestId":"f2b646c7-7487-4d65-aad8-350890fc8873","method":"POST","result":200,"reason":"OK","latencyMs":34}
{"timestamp":1791473510622,"service":"control","requestId":"fd7930e0-2af6-416d-8e8b-7d6b194ad007","method":"POST","result":200,"reason":"OK","latencyMs":36.48}
{"timestamp":1791473510650,"service":"control","requestId":"ab05e0ff-1125-4e0c-896c-668c66b03ef2","method":"POST","result":200,"reason":"OK","latencyMs":31.37}
{"timestamp":1791473510688,"service":"control","requestId":"022ec172-cd97-48b9-9694-c8d215366dd2","method":"POST","result":200,"reason":"OK","latencyMs":36.73}
{"timestamp":1791473510716,"service":"control","requestId":"b81c5a69-e67f-4d75-9d32-ae1a940e414c","method":"POST","result":200,"reason":"OK","latencyMs":31.56}
{"timestamp":1791473510762,"service":"control","requestId":"400fb7fd-3e4c-4888-9c9d-26c70c6b720a","method":"POST","result":200,"reason":"OK","latencyMs":42.7}
{"timestamp":1791473510791,"service":"control","requestId":"4705f6ae-fa88-4e90-8345-dda35b4e52fd","method":"POST","result":200,"reason":"OK","latencyMs":31.9}
{"timestamp":1791473510879,"service":"control","requestId":"61cf391e-0969-44b2-8f23-94b7d7a02a38","method":"POST","result":200,"reason":"OK","latencyMs":85.61}
{"timestamp":1791473510972,"service":"control","requestId":"023929f6-2ed9-4dcb-9124-79153c3f73bf","method":"POST","result":200,"reason":"OK","latencyMs":96.49}
{"timestamp":1791473511006,"service":"control","requestId":"91d735ec-8e6d-4831-b86a-5b98b3fe3b28","method":"POST","result":200,"reason":"OK","latencyMs":37.88}
{"timestamp":1791473511047,"service":"control","requestId":"127ae654-febe-417f-a4e8-bee5faf2beaa","method":"POST","result":200,"reason":"OK","latencyMs":39.93}
{"timestamp":1791473511081,"service":"control","requestId":"1af76695-9a70-4ca6-a836-fe32e9e4fb5d","method":"POST","result":200,"reason":"OK","latencyMs":37.89}
{"timestamp":1791473511126,"service":"control","requestId":"31359f54-94db-4d5c-a1d7-1cec401e5761","method":"POST","result":200,"reason":"OK","latencyMs":41.4}
{"timestamp":1791473511161,"service":"control","requestId":"b916d470-3a53-4f38-92cd-8412aade431a","method":"POST","result":200,"reason":"OK","latencyMs":37.56}
{"timestamp":1791473511203,"service":"control","requestId":"fd150301-57f1-4596-9dd1-936f055db25d","method":"POST","result":200,"reason":"OK","latencyMs":40.8}
{"timestamp":1791473511240,"service":"control","requestId":"c63ce109-e59f-4dc1-a41d-e477b264c9a5","method":"POST","result":200,"reason":"OK","latencyMs":40.38}
{"timestamp":1791473511322,"service":"control","requestId":"8e497f98-3080-4aeb-9735-489a56c184bb","method":"POST","result":200,"reason":"OK","latencyMs":85.97}
{"timestamp":1791473511407,"service":"control","requestId":"70999134-c245-4267-bfe0-f2321c63ab4b","method":"POST","result":200,"reason":"OK","latencyMs":90.76}
{"timestamp":1791473511452,"service":"control","requestId":"fa608552-d0c1-441b-8b02-ad304a65dfcc","method":"POST","result":200,"reason":"OK","latencyMs":43.41}
{"timestamp":1791473511490,"service":"control","requestId":"f578247a-cc32-460d-a7df-e364dc26d757","method":"POST","result":200,"reason":"OK","latencyMs":41.12}
{"timestamp":1791473511529,"service":"control","requestId":"bd5ca443-d671-4142-b6b5-7aa1d633e26d","method":"POST","result":200,"reason":"OK","latencyMs":42.38}
{"timestamp":1791473511566,"service":"control","requestId":"f4ad1c28-8b76-4c13-9a7e-b9bfaf92025f","method":"POST","result":200,"reason":"OK","latencyMs":40.68}
{"timestamp":1791473511604,"service":"control","requestId":"9afa2c83-befa-407e-9b36-1a82e1ba4f8b","method":"POST","result":200,"reason":"OK","latencyMs":41.55}
{"timestamp":1791473511643,"service":"control","requestId":"d11e95c9-85e1-4d90-8c04-02779cc4255c","method":"POST","result":200,"reason":"OK","latencyMs":42.33}
{"timestamp":1791473511682,"service":"control","requestId":"9fa833a3-5785-4b53-9c48-cf288ab59ddb","method":"POST","result":200,"reason":"OK","latencyMs":41.97}
{"timestamp":1791473511767,"service":"control","requestId":"882074ac-daa0-4676-af5e-1b96f75ccdb7","method":"POST","result":200,"reason":"OK","latencyMs":88.2}
{"timestamp":1791473511847,"service":"control","requestId":"ee87afba-89d4-413b-a848-0dfff4ad5f09","method":"POST","result":200,"reason":"OK","latencyMs":83.93}
{"timestamp":1791473511886,"service":"control","requestId":"ddc1fc5b-c3ae-40c2-bebd-c17403f12c24","method":"POST","result":200,"reason":"OK","latencyMs":42.36}
{"timestamp":1791473511925,"service":"control","requestId":"27c7f1b1-0ae5-4c08-8c37-ca5d92cb2c99","method":"POST","result":200,"reason":"OK","latencyMs":42.14}
{"timestamp":1791473511963,"service":"control","requestId":"dfa758e2-a5ea-4b9d-a301-30b212a1dc27","method":"POST","result":200,"reason":"OK","latencyMs":41.22}
{"timestamp":1791473512007,"service":"control","requestId":"2b631a92-b7e0-4627-905d-5599390a2edd","method":"POST","result":200,"reason":"OK","latencyMs":47.27}
{"timestamp":1791473512046,"service":"control","requestId":"ad4d3f53-720e-45cd-84ef-aef5cec5fdc7","method":"POST","result":200,"reason":"OK","latencyMs":43.16}
{"timestamp":1791473512091,"service":"control","requestId":"59558683-c1fd-4fec-9a01-c86918104c15","method":"POST","result":200,"reason":"OK","latencyMs":48.26}
{"timestamp":1791473512133,"service":"control","requestId":"7681dda9-6d76-457e-b4f7-2d7c3cfe906d","method":"POST","result":200,"reason":"OK","latencyMs":40.8}
{"timestamp":1791473512225,"service":"control","requestId":"20526896-88cc-474d-b64f-ee0f6c1f1ba4","method":"POST","result":200,"reason":"OK","latencyMs":91.08}
{"timestamp":1791473512304,"service":"control","requestId":"aa594018-05f7-48b2-b50e-e75c2a769da7","method":"POST","result":200,"reason":"OK","latencyMs":82.54}
{"timestamp":1791473512349,"service":"control","requestId":"aafbfadb-8262-453e-8e26-8f0ba4901943","method":"POST","result":200,"reason":"OK","latencyMs":43.85}
{"timestamp":1791473512398,"service":"control","requestId":"48464142-73da-4fb8-a50d-79ab20ff4e68","method":"POST","result":200,"reason":"OK","latencyMs":52.82}
{"timestamp":1791473512440,"service":"control","requestId":"87f1e669-fe8b-42a2-a800-536a68360908","method":"POST","result":200,"reason":"OK","latencyMs":45.6}
{"timestamp":1791473512499,"service":"control","requestId":"9d57fb5c-d651-48b5-9afa-1b9e1264be6c","method":"POST","result":200,"reason":"OK","latencyMs":57.64}
{"timestamp":1791473512538,"service":"control","requestId":"7a3234fd-a91b-4b90-b3cf-b46e69ce5976","method":"POST","result":200,"reason":"OK","latencyMs":43.38}
{"timestamp":1791473512594,"service":"control","requestId":"2e709216-2e92-4276-9967-965e0600d1b0","method":"POST","result":200,"reason":"OK","latencyMs":54.71}
{"timestamp":1791473512642,"service":"control","requestId":"d71712c7-9408-4ee3-b689-95cd32c3218f","method":"POST","result":200,"reason":"OK","latencyMs":52.83}
{"timestamp":1791473512742,"service":"control","requestId":"2ef7a60e-c9e9-459f-ba0e-e2e04c1644b9","method":"POST","result":200,"reason":"OK","latencyMs":104.64}
{"timestamp":1791473512831,"service":"control","requestId":"1e6a6755-eee1-42d5-9c0e-19551af4afd8","method":"POST","result":200,"reason":"OK","latencyMs":92.65}
{"timestamp":1791473512879,"service":"control","requestId":"b19ec942-412e-4759-9f32-7fc7e6b8a667","method":"POST","result":200,"reason":"OK","latencyMs":52.06}
{"timestamp":1791473512923,"service":"control","requestId":"b833feb2-5094-4b21-8137-26f4e2216b3e","method":"POST","result":200,"reason":"OK","latencyMs":48.86}
{"timestamp":1791473512967,"service":"control","requestId":"20790667-1e7d-4bbf-b1ca-53d9a1dafbb6","method":"POST","result":200,"reason":"OK","latencyMs":47.55}
{"timestamp":1791473513014,"service":"control","requestId":"45cd732a-746e-4c4d-9220-2dfd52ef48b7","method":"POST","result":200,"reason":"OK","latencyMs":50.88}
{"timestamp":1791473513058,"service":"control","requestId":"38168a39-d22c-4566-a09c-71c5bbd29870","method":"POST","result":200,"reason":"OK","latencyMs":47.06}
{"timestamp":1791473513102,"service":"control","requestId":"1e1d9390-896f-42c3-9a8f-1857644ca8ac","method":"POST","result":200,"reason":"OK","latencyMs":48.77}
{"timestamp":1791473513144,"service":"control","requestId":"10d65193-6c61-4dd8-ab3a-c398b98f3142","method":"POST","result":200,"reason":"OK","latencyMs":45.48}
{"timestamp":1791473513232,"service":"control","requestId":"a0645e1e-df57-472a-99bb-f3a94305c684","method":"POST","result":200,"reason":"OK","latencyMs":87.16}
{"timestamp":1791473513317,"service":"control","requestId":"e78f58dc-885b-4594-bbae-42a50cb0b5ed","method":"POST","result":200,"reason":"OK","latencyMs":88.83}
{"timestamp":1791473513361,"service":"control","requestId":"3da47f7f-f8bd-404e-a3f1-233030ba6535","method":"POST","result":200,"reason":"OK","latencyMs":47.86}
{"timestamp":1791473513408,"service":"control","requestId":"88588f10-8f46-4a69-8ca4-dd926cf8d9e7","method":"POST","result":200,"reason":"OK","latencyMs":44.93}
{"timestamp":1791473513458,"service":"control","requestId":"42a6394c-2d39-466c-a730-0b188142db76","method":"POST","result":200,"reason":"OK","latencyMs":49.77}
{"timestamp":1791473513506,"service":"control","requestId":"5ba106f9-ef98-4ee9-9568-2cbd4024e83d","method":"POST","result":200,"reason":"OK","latencyMs":52.52}
{"timestamp":1791473513556,"service":"control","requestId":"9bb82b35-9b9c-49d6-b0ca-346e740faebb","method":"POST","result":200,"reason":"OK","latencyMs":53.32}
{"timestamp":1791473513606,"service":"control","requestId":"ab7c6bfe-9498-4345-9e49-2d781d3f8e26","method":"POST","result":200,"reason":"OK","latencyMs":53.96}
{"timestamp":1791473513652,"service":"control","requestId":"c008279d-0854-4beb-8628-1b8817704f8a","method":"POST","result":200,"reason":"OK","latencyMs":49.58}
{"timestamp":1791473513745,"service":"control","requestId":"e5d4e4db-8218-47c8-b1cf-1fae2f9bb750","method":"POST","result":200,"reason":"OK","latencyMs":97.7}
{"timestamp":1791473513840,"service":"control","requestId":"3a872722-d0c6-4573-9beb-c832edc6fd0c","method":"POST","result":200,"reason":"OK","latencyMs":100.45}
{"timestamp":1791473513892,"service":"control","requestId":"dabd734b-cdbb-4895-a24b-72e4513119ea","method":"POST","result":200,"reason":"OK","latencyMs":56.9}
{"timestamp":1791473513958,"service":"control","requestId":"f682651f-aa81-4ede-a584-505d1336c36e","method":"POST","result":200,"reason":"OK","latencyMs":72.11}
{"timestamp":1791473514019,"service":"control","requestId":"094d11f7-502a-4599-8332-3fc517c0de4d","method":"POST","result":200,"reason":"OK","latencyMs":64.68}
{"timestamp":1791473514070,"service":"control","requestId":"6aa6452a-0ac4-4371-a05f-801aefcc5403","method":"POST","result":200,"reason":"OK","latencyMs":55.87}
{"timestamp":1791473514122,"service":"control","requestId":"8c1f56be-d71c-45f3-bb01-49cccc60f4a8","method":"POST","result":200,"reason":"OK","latencyMs":56.91}
{"timestamp":1791473514170,"service":"control","requestId":"c3497a7d-07a5-4204-9d13-bb343785f896","method":"POST","result":200,"reason":"OK","latencyMs":51.23}
{"timestamp":1791473514220,"service":"control","requestId":"db710a9f-3932-4a38-89f6-bc9f01d6c18f","method":"POST","result":200,"reason":"OK","latencyMs":53.83}
{"timestamp":1791473514307,"service":"control","requestId":"a3f07dbe-18d2-44a5-9c7c-d89f1b381c6d","method":"POST","result":200,"reason":"OK","latencyMs":92.52}
{"timestamp":1791473514404,"service":"control","requestId":"9ca65ba0-c8b2-4946-8919-b096ff02fe2d","method":"POST","result":200,"reason":"OK","latencyMs":99.97}
{"timestamp":1791473514468,"service":"control","requestId":"f539114f-22c3-40f6-a4e8-e69215b5724d","method":"POST","result":200,"reason":"OK","latencyMs":68.32}
{"timestamp":1791473514522,"service":"control","requestId":"b8132ea5-5bf4-4852-b607-f91a8fc60f3d","method":"POST","result":200,"reason":"OK","latencyMs":58.11}
{"timestamp":1791473514573,"service":"control","requestId":"6c3a24f1-9eba-4264-9048-6086cef6deec","method":"POST","result":200,"reason":"OK","latencyMs":55.93}
{"timestamp":1791473514629,"service":"control","requestId":"ad4a4aa9-7e01-4a67-be4b-80da6def9df3","method":"POST","result":200,"reason":"OK","latencyMs":59.89}
{"timestamp":1791473514681,"service":"control","requestId":"51bda6c4-206d-465b-a641-0ad4de541b64","method":"POST","result":200,"reason":"OK","latencyMs":56.58}
{"timestamp":1791473514731,"service":"control","requestId":"2990b5cf-fd53-4401-93c4-cef1073e738c","method":"POST","result":200,"reason":"OK","latencyMs":52.89}
{"timestamp":1791473514782,"service":"control","requestId":"b1ead7cd-3c01-4d59-bb4c-40f05cb1d65f","method":"POST","result":200,"reason":"OK","latencyMs":54.58}
{"timestamp":1791473514880,"service":"control","requestId":"b2cd8757-8e0a-4ba1-841b-fe6c22eb3518","method":"POST","result":200,"reason":"OK","latencyMs":102.13}
{"timestamp":1791473515105,"service":"control","requestId":"c991408b-c8f3-432e-9c4b-47d9fd09a321","method":"POST","result":200,"reason":"OK","latencyMs":228.49}
{"timestamp":1791473515174,"service":"control","requestId":"d48f191e-ec07-41aa-9a01-f543a47e05a4","method":"POST","result":200,"reason":"OK","latencyMs":75.29}
{"timestamp":1791473515238,"service":"control","requestId":"83eefe7c-be4f-49dd-b5ce-54e522d758f0","method":"POST","result":200,"reason":"OK","latencyMs":70.78}
{"timestamp":1791473515290,"service":"control","requestId":"43dec7b5-429c-4c8a-a4f7-fbe436c3a72b","method":"POST","result":200,"reason":"OK","latencyMs":56.6}
{"timestamp":1791473515359,"service":"control","requestId":"faded0aa-6c19-41ec-8dc3-bac41f78c4ff","method":"POST","result":200,"reason":"OK","latencyMs":73.09}
{"timestamp":1791473515415,"service":"control","requestId":"7259781c-9fb8-445d-8362-203c4a215505","method":"POST","result":200,"reason":"OK","latencyMs":60.84}
{"timestamp":1791473515475,"service":"control","requestId":"75a89e9b-98ac-4027-8530-f2897529ffd8","method":"POST","result":200,"reason":"OK","latencyMs":64.68}
{"timestamp":1791473515532,"service":"control","requestId":"c791c145-a1b2-421d-89b7-584a5f942d8e","method":"POST","result":200,"reason":"OK","latencyMs":63.5}
{"timestamp":1791473515633,"service":"control","requestId":"53315c5e-1740-4e1e-ab9a-2c97fdfc2faf","method":"POST","result":200,"reason":"OK","latencyMs":106.76}
{"timestamp":1791473515743,"service":"control","requestId":"73ceb1f4-a32e-43b3-8291-29014b2bdd16","method":"POST","result":200,"reason":"OK","latencyMs":114.48}
{"timestamp":1791473515806,"service":"control","requestId":"7548f1e5-2c31-49c0-b123-d1b994bcf860","method":"POST","result":200,"reason":"OK","latencyMs":69.47}
{"timestamp":1791473515860,"service":"control","requestId":"bd72d368-ef5a-454a-b4b5-738dd1719486","method":"POST","result":200,"reason":"OK","latencyMs":57.6}
{"timestamp":1791473515909,"service":"control","requestId":"a4932cbd-2ec7-4af1-9534-099531c56dde","method":"POST","result":200,"reason":"OK","latencyMs":53.99}
{"timestamp":1791473515974,"service":"control","requestId":"5f634cac-5c66-4927-b3f5-0d18210b71b9","method":"POST","result":200,"reason":"OK","latencyMs":68.39}
{"timestamp":1791473516029,"service":"control","requestId":"c07e35b5-36de-4bec-a1ca-a22768096e88","method":"POST","result":200,"reason":"OK","latencyMs":61.23}
{"timestamp":1791473516078,"service":"control","requestId":"cbc35232-8d03-4663-abc8-e36b22eea423","method":"POST","result":200,"reason":"OK","latencyMs":54.05}
{"timestamp":1791473516250,"service":"control","requestId":"8379069a-97e6-4afe-9e60-11491c3a0cb9","method":"POST","result":200,"reason":"OK","latencyMs":59.34}
{"timestamp":1791473516333,"service":"control","requestId":"e93f5dcc-c8aa-416a-b1e5-d143c95e8342","method":"PUT","result":200,"reason":"OK","latencyMs":79.86}
{"timestamp":1791473516547,"service":"control","requestId":"a837a989-2886-4a10-9738-3e05899d9ec0","method":"POST","result":401,"reason":"LOGIN_DENIED","latencyMs":108.66}
{"timestamp":1791473516852,"service":"control","requestId":"c3c610ab-ca8c-44cd-a685-474306ad6660","method":"POST","result":200,"reason":"OK","latencyMs":60.54}
{"timestamp":1791473516923,"service":"control","requestId":"edc67a64-9784-4b36-b0a7-d1459ba35195","method":"POST","result":200,"reason":"OK","latencyMs":62.53}
{"timestamp":1791473517015,"service":"control","requestId":"39ccb564-fd36-49b1-8229-f5e4177e049d","method":"POST","result":200,"reason":"OK","latencyMs":59.67}
{"timestamp":1791473517110,"service":"control","requestId":"36af714b-0228-4dd1-abda-dcf372e54d40","method":"POST","result":200,"reason":"OK","latencyMs":92}
{"timestamp":1791473517281,"service":"control","requestId":"87e70ffd-dcd1-435a-aa38-df7606452b5a","method":"GET","result":200,"reason":"OK","latencyMs":60.59}
{"timestamp":1791473517347,"service":"control","requestId":"7bfe4ff1-23ba-4067-8c32-fb4b59e1a005","method":"POST","result":200,"reason":"OK","latencyMs":58.3}
{"timestamp":1791473517427,"service":"control","requestId":"70bf2266-ff51-4477-bfd8-bdc35ff83939","method":"POST","result":200,"reason":"OK","latencyMs":79.1}
{"timestamp":1791473517544,"service":"control","requestId":"f1a57f1c-fe7d-4dbb-a070-54b35d69fff4","method":"POST","result":200,"reason":"OK","latencyMs":68.94}
{"timestamp":1791473517613,"service":"control","requestId":"b7911f5f-f16f-41ef-9149-316c1f5d8d50","method":"POST","result":200,"reason":"OK","latencyMs":73.63}
{"timestamp":1791473517891,"service":"control","requestId":"66dbc591-b173-4e18-8900-6d4d11eb76e0","method":"POST","result":200,"reason":"OK","latencyMs":63.09}
{"timestamp":1791473517953,"service":"control","requestId":"01890623-198e-45db-9361-c8b69061a52e","method":"POST","result":200,"reason":"OK","latencyMs":53.96}
{"timestamp":1791473518126,"service":"control","requestId":"5d2d61ed-7820-4430-824b-d3619b619228","method":"POST","result":200,"reason":"OK","latencyMs":59.43}
{"timestamp":1791473518227,"service":"control","requestId":"f95ddbbf-c654-448b-932e-2c86307348d8","method":"POST","result":200,"reason":"OK","latencyMs":92.02}
{"timestamp":1791473518393,"service":"control","requestId":"7b96fb9b-ed06-4b99-b678-6dc7abcfc316","method":"GET","result":200,"reason":"OK","latencyMs":56.16}
{"timestamp":1791473518456,"service":"control","requestId":"b4b7f88f-b724-4239-be3d-79a5a5b6ab80","method":"POST","result":200,"reason":"OK","latencyMs":59.68}
{"timestamp":1791473518522,"service":"control","requestId":"48f980c3-d037-4733-bdb7-c0b6f4051c2b","method":"POST","result":200,"reason":"OK","latencyMs":70.57}
{"timestamp":1791473518870,"service":"control","requestId":"da745a06-0e03-478b-a883-1376b99427a3","method":"POST","result":200,"reason":"OK","latencyMs":64.83}
{"timestamp":1791473518944,"service":"control","requestId":"8fee9c5a-b8d5-4c35-af02-a8cbe09abe34","method":"POST","result":200,"reason":"OK","latencyMs":80.73}
{"timestamp":1791473519125,"service":"control","requestId":"c4f320ea-8235-44bc-8f0d-fce1297eb8c2","method":"POST","result":200,"reason":"OK","latencyMs":60.5}
{"timestamp":1791473519194,"service":"control","requestId":"efd416dc-2791-41bf-90c3-c236b9804179","method":"POST","result":200,"reason":"OK","latencyMs":61.04}
{"timestamp":1791473519262,"service":"control","requestId":"9b31c717-ebbf-4612-bfdf-76284ed70808","method":"POST","result":200,"reason":"OK","latencyMs":56.09}
{"timestamp":1791473519348,"service":"control","requestId":"50fdaf64-7e6e-4d54-acbd-212f21b2211e","method":"POST","result":200,"reason":"OK","latencyMs":81.88}
{"timestamp":1791473519516,"service":"control","requestId":"dbbcc20e-2667-4225-85af-2b5c32e516b3","method":"GET","result":200,"reason":"OK","latencyMs":64.1}
{"timestamp":1791473519590,"service":"control","requestId":"b4c117fa-87b7-466a-9f95-9bd4a5bccbf6","method":"POST","result":200,"reason":"OK","latencyMs":70.12}
{"timestamp":1791473519645,"service":"control","requestId":"282065c4-286d-4239-8695-4198839c79e9","method":"POST","result":404,"reason":"OBJECT_NOT_FOUND","latencyMs":58.59}
{"timestamp":1791473520052,"service":"control","requestId":"20ceee4a-9d74-49a5-b258-b2de71403c3e","method":"POST","result":200,"reason":"OK","latencyMs":59.56}
{"timestamp":1791473520120,"service":"control","requestId":"1eb0c253-3787-47c6-b04b-3afd21dc08fa","method":"POST","result":200,"reason":"OK","latencyMs":58.1}
{"timestamp":1791473520205,"service":"control","requestId":"e6540365-ab2c-472f-924c-22c74fe5fa2b","method":"POST","result":200,"reason":"OK","latencyMs":70.86}
{"timestamp":1791473520276,"service":"control","requestId":"6cec4995-f6b2-469d-819a-51697004e37d","method":"POST","result":200,"reason":"OK","latencyMs":66.78}
{"timestamp":1791473520439,"service":"control","requestId":"10049be5-3e92-4f34-9ccf-0dece6000178","method":"POST","result":200,"reason":"OK","latencyMs":63.27}
{"timestamp":1791473520503,"service":"control","requestId":"608b1207-890d-4103-b9d5-a1dae561e358","method":"PUT","result":200,"reason":"OK","latencyMs":61.28}
{"timestamp":1791473520665,"service":"control","requestId":"80319ce5-4f64-4120-8dc8-cfba39bada4b","method":"GET","result":200,"reason":"OK","latencyMs":63.06}
{"timestamp":1791473520730,"service":"control","requestId":"83b77ed4-2e9f-46d4-a112-1dee41dcb7d1","method":"POST","result":200,"reason":"OK","latencyMs":58.85}
{"timestamp":1791473520790,"service":"control","requestId":"9a3b2bff-ee07-4c68-ad7c-95bccddc310f","method":"POST","result":409,"reason":"POLICY_DENIED","latencyMs":64.44}
{"timestamp":1791473520951,"service":"control","requestId":"968b40b1-3187-465b-8bf2-c72f0037629f","method":"POST","result":200,"reason":"OK","latencyMs":71.51}
{"timestamp":1791473521012,"service":"control","requestId":"085bec7a-fcd8-4f54-9fac-34a62dc6edae","method":"PUT","result":200,"reason":"OK","latencyMs":68.23}
{"timestamp":1791473521168,"service":"control","requestId":"6cbb6b4c-a9ba-45bf-aebe-b9e4fd74603a","method":"GET","result":200,"reason":"OK","latencyMs":64.43}
{"timestamp":1791473521341,"service":"control","requestId":"0421e870-305b-4b97-921d-7229ee4e3d29","method":"POST","result":200,"reason":"OK","latencyMs":65.52}
{"timestamp":1791473521418,"service":"control","requestId":"a59f8ac5-6671-4841-8b58-370bf872058a","method":"POST","result":200,"reason":"OK","latencyMs":66.81}
{"timestamp":1791473521929,"service":"control","requestId":"6b430e98-a0d1-4d52-b00b-8e3068e91ef2","method":"POST","result":200,"reason":"OK","latencyMs":56.38}
{"timestamp":1791473522013,"service":"control","requestId":"e999d906-7f4b-48fd-b3ce-de10a5e16921","method":"PATCH","result":200,"reason":"OK","latencyMs":78.27}
{"timestamp":1791473522186,"service":"control","requestId":"a0dfd570-6a72-4ae5-9c48-78fc7ffe917c","method":"POST","result":200,"reason":"OK","latencyMs":61.08}
{"timestamp":1791473522280,"service":"control","requestId":"4cdff838-3f75-4387-bcc0-acff848cacb9","method":"POST","result":200,"reason":"OK","latencyMs":80.65}
{"timestamp":1791473522457,"service":"control","requestId":"a426f0d8-40fc-424e-be05-ba796b786683","method":"POST","result":200,"reason":"OK","latencyMs":59.93}
{"timestamp":1791473522540,"service":"control","requestId":"007c3a6f-22ea-4e7d-8d8e-30c0708b1e00","method":"POST","result":200,"reason":"OK","latencyMs":71.85}
{"timestamp":1791473522698,"service":"control","requestId":"3c3353d4-0e4c-4f8a-a1d1-eb599e952eac","method":"GET","result":401,"reason":"USER_REVOKED","latencyMs":62.55}
{"timestamp":1791473522853,"service":"control","requestId":"fa2d9d82-bb13-4248-a589-893d4203b860","method":"GET","result":200,"reason":"OK","latencyMs":60.6}
{"timestamp":1791473522919,"service":"control","requestId":"f3c0ef77-c65d-4e24-b277-eeaa4da9d00e","method":"POST","result":200,"reason":"OK","latencyMs":59.23}
{"timestamp":1791473522989,"service":"control","requestId":"786e5601-841a-4047-b44f-68599a8836a1","method":"POST","result":200,"reason":"OK","latencyMs":69.96}
{"timestamp":1791473523091,"service":"control","requestId":"01415e81-7091-4922-9cb6-452c2989d1bc","method":"POST","result":200,"reason":"OK","latencyMs":72.06}
{"timestamp":1791473523157,"service":"control","requestId":"ce0702fb-fca1-4806-bf84-240a68c1e401","method":"POST","result":200,"reason":"OK","latencyMs":70.67}
{"timestamp":1791473523317,"service":"control","requestId":"c68b0447-c4c6-4032-a7dc-43268ccec806","method":"GET","result":200,"reason":"OK","latencyMs":57.92}
{"timestamp":1791473523482,"service":"control","requestId":"2e8a4584-0671-4537-9c43-da57455d673c","method":"GET","result":200,"reason":"OK","latencyMs":65.4}
{"timestamp":1791473523659,"service":"control","requestId":"ad251b4e-510b-4b65-9a1a-84f83d339155","method":"POST","result":200,"reason":"OK","latencyMs":65.28}
{"timestamp":1791473523738,"service":"control","requestId":"c6579eaf-1cd5-4574-ab2f-577676c31785","method":"POST","result":200,"reason":"OK","latencyMs":68.9}
{"timestamp":1791473523814,"service":"control","requestId":"45eefc3a-c5be-43bd-ab4b-0257683e4f7d","method":"POST","result":200,"reason":"OK","latencyMs":65.18}
{"timestamp":1791473523900,"service":"control","requestId":"cc69cd50-7f6e-4d18-a224-913176d66f49","method":"POST","result":200,"reason":"OK","latencyMs":82.84}
{"timestamp":1791473524081,"service":"control","requestId":"beeaed63-ad1e-4c19-b14f-be2ea0a27cab","method":"GET","result":200,"reason":"OK","latencyMs":80.18}
{"timestamp":1791473524140,"service":"control","requestId":"b530276c-007b-4745-a44c-feee6ba863f6","method":"POST","result":200,"reason":"OK","latencyMs":129.63}
{"timestamp":1791473524192,"service":"control","requestId":"dbd3c0b7-0f53-4309-ab6c-240b720175bc","method":"POST","result":200,"reason":"OK","latencyMs":107.32}
{"timestamp":1791473524249,"service":"control","requestId":"1df7de81-f025-440b-9c99-f79454021aaf","method":"PUT","result":200,"reason":"OK","latencyMs":110.18}
{"timestamp":1791473524320,"service":"control","requestId":"f5a9056d-406d-47ae-9532-bf8f7a163827","method":"POST","result":409,"reason":"POLICY_DENIED","latencyMs":129.27}
{"timestamp":1791473524491,"service":"control","requestId":"5ce15e20-80ec-4ec4-9c96-e7c046b11d6d","method":"POST","result":200,"reason":"OK","latencyMs":88.05}
{"timestamp":1791473524555,"service":"control","requestId":"457df1b2-0988-4ff0-9097-95dfe5fd946d","method":"PUT","result":200,"reason":"OK","latencyMs":69.18}
{"timestamp":1791473524727,"service":"control","requestId":"a1610a00-22d9-4176-82b5-524fae23f7e7","method":"POST","result":200,"reason":"OK","latencyMs":66.32}
{"timestamp":1791473524800,"service":"control","requestId":"a18592a8-06d9-48a3-ad57-6549d693b28e","method":"POST","result":200,"reason":"OK","latencyMs":67.84}
{"timestamp":1791473524875,"service":"control","requestId":"45fb72ed-dc96-4175-9248-e0759ad9dc7a","method":"POST","result":200,"reason":"OK","latencyMs":64.16}
{"timestamp":1791473524953,"service":"control","requestId":"e37c4078-1e58-450f-bfff-9d15e21add25","method":"POST","result":200,"reason":"OK","latencyMs":75.2}
{"timestamp":1791473525141,"service":"control","requestId":"0240ee26-d116-4588-a316-05467060270b","method":"GET","result":200,"reason":"OK","latencyMs":84.03}
{"timestamp":1791473525213,"service":"control","requestId":"7e9aea8b-6161-4821-b369-f90fa947b757","method":"POST","result":200,"reason":"OK","latencyMs":99.97}
{"timestamp":1791473525272,"service":"control","requestId":"08fd08cb-becb-4cf8-adf9-65765a1f8c08","method":"POST","result":200,"reason":"OK","latencyMs":122.91}
{"timestamp":1791473525337,"service":"control","requestId":"d22bdb56-64ba-466e-953f-9eeaa3fc2962","method":"PUT","result":200,"reason":"OK","latencyMs":125.36}
{"timestamp":1791473525393,"service":"control","requestId":"4d79adfc-5e05-45bc-a460-9a642baf3111","method":"POST","result":409,"reason":"POLICY_DENIED","latencyMs":123.16}
{"timestamp":1791473525562,"service":"control","requestId":"3a9ee763-e9f4-4594-9101-278cf076a90d","method":"POST","result":200,"reason":"OK","latencyMs":65.76}
{"timestamp":1791473525639,"service":"control","requestId":"3bbd9931-949e-4565-97dc-0a25dafb1647","method":"PUT","result":200,"reason":"OK","latencyMs":75.98}
{"timestamp":1791473525823,"service":"control","requestId":"534a6661-30ce-470a-9aed-1233295f9d03","method":"POST","result":200,"reason":"OK","latencyMs":74.16}
{"timestamp":1791473525902,"service":"control","requestId":"87d8f277-6b67-47d7-a4a3-7663e8ee1110","method":"POST","result":200,"reason":"OK","latencyMs":74.63}
{"timestamp":1791473525984,"service":"control","requestId":"bed825b8-855d-4ddc-a3f6-f9f7dc2b5187","method":"POST","result":200,"reason":"OK","latencyMs":69.9}
{"timestamp":1791473526074,"service":"control","requestId":"d23a76d8-9849-480b-97b0-52900667231a","method":"POST","result":200,"reason":"OK","latencyMs":86.49}
{"timestamp":1791473526239,"service":"control","requestId":"6f7e6fd0-80be-45bf-97e0-56979cbfc76e","method":"GET","result":200,"reason":"OK","latencyMs":67.53}
{"timestamp":1791473526327,"service":"control","requestId":"745e1417-5cab-4ebb-b4cc-14bc0810a63c","method":"POST","result":200,"reason":"OK","latencyMs":76.82}
{"timestamp":1791473526387,"service":"control","requestId":"6ba7be03-228b-4141-a4f2-f1c8fb111dfe","method":"POST","result":200,"reason":"OK","latencyMs":98.07}
{"timestamp":1791473526458,"service":"control","requestId":"edeca735-1dad-4fb1-a68a-edb2570f4c13","method":"POST","result":200,"reason":"OK","latencyMs":132.45}
{"timestamp":1791473526515,"service":"control","requestId":"a5c278fa-a83c-48d0-9d93-ba309be312ad","method":"PUT","result":200,"reason":"OK","latencyMs":130.71}
{"timestamp":1791473526571,"service":"control","requestId":"c200226a-5a7b-4b12-86fa-abe32c7c71e5","method":"POST","result":200,"reason":"OK","latencyMs":112.05}
{"timestamp":1791473526636,"service":"control","requestId":"4e3648cf-cbca-479b-a059-38142b1ac883","method":"POST","result":200,"reason":"OK","latencyMs":71.13}
{"timestamp":1791473526806,"service":"control","requestId":"7172d9ec-f6d4-45a3-a564-dfef4207c340","method":"POST","result":200,"reason":"OK","latencyMs":68.81}
{"timestamp":1791473526870,"service":"control","requestId":"6a550836-e4a0-450d-9484-11ae104e3dd4","method":"PUT","result":200,"reason":"OK","latencyMs":62.58}
{"timestamp":1791473527040,"service":"control","requestId":"555ec2f2-57bf-403d-ad4f-847d64e50d4f","method":"POST","result":200,"reason":"OK","latencyMs":65.94}
{"timestamp":1791473527118,"service":"control","requestId":"2f496097-d558-4039-b067-98a116efe97b","method":"POST","result":200,"reason":"OK","latencyMs":69.54}
{"timestamp":1791473527192,"service":"control","requestId":"6f603fe4-3f45-4cce-a880-e1dd203eacc8","method":"POST","result":200,"reason":"OK","latencyMs":65.34}
{"timestamp":1791473527272,"service":"control","requestId":"ba16dc7d-b042-4f89-a778-5a4883806576","method":"POST","result":200,"reason":"OK","latencyMs":73.81}
{"timestamp":1791473527441,"service":"control","requestId":"80e08749-0e57-4fbc-853a-a841ce7560f2","method":"GET","result":200,"reason":"OK","latencyMs":75.08}
{"timestamp":1791473527519,"service":"control","requestId":"7f0101e5-9a6b-44ee-a7a1-fc72892a122e","method":"POST","result":200,"reason":"OK","latencyMs":75.06}
{"timestamp":1791473527595,"service":"control","requestId":"954cc910-d0e3-4443-b396-8c4a7cd84520","method":"POST","result":200,"reason":"OK","latencyMs":81}
{"timestamp":1791473527651,"service":"control","requestId":"3c5f44f4-db40-489f-854c-2d6911815953","method":"POST","result":200,"reason":"OK","latencyMs":123.4}
{"timestamp":1791473527726,"service":"control","requestId":"b09e5876-ed14-4503-a018-d9ab1a137047","method":"POST","result":200,"reason":"OK","latencyMs":125.55}
{"timestamp":1791473527791,"service":"control","requestId":"b3d74642-27e6-4cfa-9ee6-c9a3527f282c","method":"PUT","result":200,"reason":"OK","latencyMs":141.72}
{"timestamp":1791473527850,"service":"control","requestId":"86a7d2ee-9d4f-4a8e-b4d7-00629c7cc741","method":"POST","result":200,"reason":"OK","latencyMs":129.28}
{"timestamp":1791473528018,"service":"control","requestId":"0cf418c7-0798-4c3f-9a03-cdbf436e4d7a","method":"POST","result":200,"reason":"OK","latencyMs":64.62}
{"timestamp":1791473528091,"service":"control","requestId":"6d556496-520e-4639-9d6a-c544e574aa0b","method":"PUT","result":200,"reason":"OK","latencyMs":69.93}
{"timestamp":1791473528278,"service":"control","requestId":"494295f1-9b6c-40f9-b64f-b9eaa9614ec7","method":"POST","result":200,"reason":"OK","latencyMs":80.43}
{"timestamp":1791473528359,"service":"control","requestId":"87da7595-293a-4ec6-b10d-dcb0d5138ba1","method":"POST","result":200,"reason":"OK","latencyMs":71.92}
{"timestamp":1791473528444,"service":"control","requestId":"0d3b4254-ec16-4086-87a8-9f59ea0880db","method":"POST","result":200,"reason":"OK","latencyMs":72.62}
{"timestamp":1791473528530,"service":"control","requestId":"fad7631d-2b30-4775-a436-40d39c1ecc0f","method":"POST","result":200,"reason":"OK","latencyMs":82.28}
{"timestamp":1791473528707,"service":"control","requestId":"88fa2f6f-0e64-4b5e-b4c7-13f40a79c7ab","method":"GET","result":200,"reason":"OK","latencyMs":72.68}
{"timestamp":1791473528794,"service":"control","requestId":"25b61743-fa80-42e4-b4da-5cd9e1f55c65","method":"POST","result":200,"reason":"OK","latencyMs":79.96}
{"timestamp":1791473528879,"service":"control","requestId":"b07429b6-d800-4e70-8c17-79bde17d74df","method":"POST","result":200,"reason":"OK","latencyMs":89.88}
{"timestamp":1791473528944,"service":"control","requestId":"ec6c8dda-6d69-49ad-bf4a-54ad35765128","method":"POST","result":200,"reason":"OK","latencyMs":116.93}
{"timestamp":1791473529012,"service":"control","requestId":"a57e9000-27bd-45d3-b40d-30b87860c9de","method":"POST","result":200,"reason":"OK","latencyMs":127.33}
{"timestamp":1791473529085,"service":"control","requestId":"2b5aa839-bbc3-474e-bed0-133bec129a0c","method":"PUT","result":200,"reason":"OK","latencyMs":144.38}
{"timestamp":1791473529147,"service":"control","requestId":"c4353b1a-4795-4df6-9430-c57fbd717f3d","method":"POST","result":200,"reason":"OK","latencyMs":137.45}
{"timestamp":1791473529341,"service":"control","requestId":"08ec2d83-5245-4973-a6f1-206f3ad38e98","method":"POST","result":200,"reason":"OK","latencyMs":80.35}
{"timestamp":1791473529417,"service":"control","requestId":"8b09f7c6-dc66-4f71-b8f9-6b9fde2c2829","method":"PUT","result":200,"reason":"OK","latencyMs":74.96}
{"timestamp":1791473529651,"service":"control","requestId":"f74bacf0-08af-4695-983a-8312a11332af","method":"POST","result":200,"reason":"OK","latencyMs":80.57}
{"timestamp":1791473529742,"service":"control","requestId":"7d930097-f263-4d19-8888-050580d61439","method":"POST","result":200,"reason":"OK","latencyMs":86.74}
{"timestamp":1791473529845,"service":"control","requestId":"320c1365-a062-4f19-b223-68c5bea3c722","method":"POST","result":200,"reason":"OK","latencyMs":90.04}
{"timestamp":1791473529940,"service":"control","requestId":"1f9f0fc3-cdf6-48e0-93f5-2648f786519a","method":"POST","result":200,"reason":"OK","latencyMs":91.24}
{"timestamp":1791473530134,"service":"control","requestId":"ec2ed318-4d12-4ebd-8efb-cd3b6b79c684","method":"POST","result":200,"reason":"OK","latencyMs":84.88}
{"timestamp":1791473530220,"service":"control","requestId":"0f9342ee-5eae-4eda-95e4-60fc7af2fa12","method":"GET","result":200,"reason":"OK","latencyMs":161.92}
{"timestamp":1791473530278,"service":"control","requestId":"bb81adff-cccf-4bcb-99ca-9a3ce4fdbcdb","method":"PUT","result":200,"reason":"OK","latencyMs":145.7}
{"timestamp":1791473530337,"service":"control","requestId":"ef838e3b-9428-4bb7-851f-32c43ed921be","method":"POST","result":200,"reason":"OK","latencyMs":118.62}
{"timestamp":1791473530412,"service":"control","requestId":"0c6e1ace-a17a-4ad1-81f1-b387124f5023","method":"POST","result":409,"reason":"POLICY_DENIED","latencyMs":81.31}
{"timestamp":1791473530588,"service":"control","requestId":"ab290090-9fbe-4117-8d33-6eab26d1fafd","method":"POST","result":200,"reason":"OK","latencyMs":86.73}
{"timestamp":1791473530665,"service":"control","requestId":"82d32395-78d9-444d-ab20-c5cd189cb684","method":"PUT","result":200,"reason":"OK","latencyMs":83.51}
{"timestamp":1791473530861,"service":"control","requestId":"8138289c-376c-4237-8e44-0f2c7e738678","method":"POST","result":200,"reason":"OK","latencyMs":84.11}
{"timestamp":1791473530952,"service":"control","requestId":"8da64cee-8435-4ba6-84ce-e01a03cdee14","method":"POST","result":200,"reason":"OK","latencyMs":85.99}
{"timestamp":1791473531042,"service":"control","requestId":"0a5b2ef1-2f88-40b1-8761-cadc573d8c9e","method":"POST","result":200,"reason":"OK","latencyMs":79.52}
{"timestamp":1791473531137,"service":"control","requestId":"429a048a-5f6a-435b-96fb-e0b3334be434","method":"POST","result":200,"reason":"OK","latencyMs":93.58}
{"timestamp":1791473531353,"service":"control","requestId":"0c0f83b2-45fd-489d-a7df-f783d3394ab0","method":"GET","result":200,"reason":"OK","latencyMs":105.3}
{"timestamp":1791473531422,"service":"control","requestId":"0055b674-0cdd-47d7-842d-d5d1c9fb3909","method":"POST","result":200,"reason":"OK","latencyMs":122.97}
{"timestamp":1791473531492,"service":"control","requestId":"215ad234-cfaa-4ed9-889a-abeccc7074e4","method":"POST","result":200,"reason":"OK","latencyMs":142.58}
{"timestamp":1791473531558,"service":"control","requestId":"7ee3e721-a017-489d-9a63-be0b4f301a5e","method":"PUT","result":200,"reason":"OK","latencyMs":132.72}
{"timestamp":1791473531622,"service":"control","requestId":"8b92a916-0d75-4491-8ef8-a783cca53fb8","method":"POST","result":409,"reason":"POLICY_DENIED","latencyMs":134.82}
{"timestamp":1791473531801,"service":"control","requestId":"afb1af3a-be78-43db-a6af-1953050b5b55","method":"POST","result":200,"reason":"OK","latencyMs":73.96}
{"timestamp":1791473531887,"service":"control","requestId":"58a9ffc1-4e7f-4d2a-aab9-ea61448a3a04","method":"PUT","result":200,"reason":"OK","latencyMs":77.69}
{"timestamp":1791473532070,"service":"control","requestId":"bdb59a5d-1560-41ad-8b25-0e14570080af","method":"POST","result":200,"reason":"OK","latencyMs":79.89}
{"timestamp":1791473532149,"service":"control","requestId":"1b4618cf-73e0-4e7f-a8b6-83abb3b21a07","method":"POST","result":200,"reason":"OK","latencyMs":75.66}
{"timestamp":1791473532226,"service":"control","requestId":"f758be5c-8f7e-4cc9-a82b-5731f7f6a008","method":"POST","result":200,"reason":"OK","latencyMs":67.2}
{"timestamp":1791473532317,"service":"control","requestId":"cc793cc9-abac-4d80-b9f5-5ea5769f3e29","method":"POST","result":200,"reason":"OK","latencyMs":88.05}
{"timestamp":1791473532467,"service":"control","requestId":"c8cec793-2b94-46de-b004-d7ef6801c286","method":"GET","result":200,"reason":"OK","latencyMs":76.53}
{"timestamp":1791473532557,"service":"control","requestId":"261322d7-6dfe-4293-bffd-17bb4b5f5770","method":"POST","result":200,"reason":"OK","latencyMs":84.44}
{"timestamp":1791473532631,"service":"control","requestId":"dcc0aad1-5e1e-4ed1-b5fb-6f0dcfec5714","method":"POST","result":200,"reason":"OK","latencyMs":132.85}
{"timestamp":1791473532715,"service":"control","requestId":"aeab6e80-fc70-42b7-8b37-6e8478990188","method":"POST","result":200,"reason":"OK","latencyMs":163.02}
{"timestamp":1791473532812,"service":"control","requestId":"13df14a9-3177-4bb1-b64b-b6127251a6dd","method":"PUT","result":200,"reason":"OK","latencyMs":187.28}
{"timestamp":1791473532881,"service":"control","requestId":"478433ec-0253-4bb7-91bc-14667880138f","method":"POST","result":200,"reason":"OK","latencyMs":159.25}
{"timestamp":1791473532955,"service":"control","requestId":"c1efdb27-51b7-4a68-9ccf-4fcf257b38cf","method":"POST","result":200,"reason":"OK","latencyMs":81.82}
{"timestamp":1791473533132,"service":"control","requestId":"783b640c-e9f1-4c03-ad37-41b55e8f0d9b","method":"POST","result":200,"reason":"OK","latencyMs":75.56}
{"timestamp":1791473533209,"service":"control","requestId":"31669ff4-27de-40c1-a063-2d66783988b5","method":"PUT","result":200,"reason":"OK","latencyMs":76.1}
{"timestamp":1791473533397,"service":"control","requestId":"c84770e5-70bb-42c7-bb3c-d9ae3f7a858a","method":"POST","result":200,"reason":"OK","latencyMs":84.04}
{"timestamp":1791473533485,"service":"control","requestId":"6a7c4e8f-65d0-4b97-be46-69801b556c30","method":"POST","result":200,"reason":"OK","latencyMs":80.88}
{"timestamp":1791473533574,"service":"control","requestId":"1bdec9da-23f6-4877-b477-856c7c6ad393","method":"POST","result":200,"reason":"OK","latencyMs":79.26}
{"timestamp":1791473533659,"service":"control","requestId":"d7008246-7768-4802-83ca-20cf2d301a65","method":"POST","result":200,"reason":"OK","latencyMs":83.59}
{"timestamp":1791473533862,"service":"control","requestId":"9520cae2-ba5e-4b27-a66c-17cad2e3edc8","method":"GET","result":200,"reason":"OK","latencyMs":92.63}
{"timestamp":1791473533940,"service":"control","requestId":"31b744ea-9fc8-4bf1-9666-952d55952c14","method":"POST","result":200,"reason":"OK","latencyMs":89.17}
{"timestamp":1791473534015,"service":"control","requestId":"e95afc33-7061-4a7d-a4bd-0da4a67a10d8","method":"POST","result":200,"reason":"OK","latencyMs":83.03}
{"timestamp":1791473534090,"service":"control","requestId":"d56ff4bf-2a7b-4c0f-be84-fb490be01228","method":"POST","result":200,"reason":"OK","latencyMs":148.53}
{"timestamp":1791473534159,"service":"control","requestId":"07ed19cd-5a0e-4e78-81fd-c6f8074f90f9","method":"PUT","result":200,"reason":"OK","latencyMs":145.81}
{"timestamp":1791473534222,"service":"control","requestId":"0c402384-6a0e-442c-8ed2-3037a10ed841","method":"POST","result":200,"reason":"OK","latencyMs":131.42}
{"timestamp":1791473534304,"service":"control","requestId":"bcd400c8-0633-40ab-9768-da052227c879","method":"POST","result":200,"reason":"OK","latencyMs":87.43}
{"timestamp":1791473534485,"service":"control","requestId":"b67eeb76-ebc5-4485-9f03-ea479412f8ef","method":"POST","result":200,"reason":"OK","latencyMs":80.85}
{"timestamp":1791473534568,"service":"control","requestId":"0977c829-39a6-4c9b-b036-78aa41ba806b","method":"PUT","result":200,"reason":"OK","latencyMs":88.61}
{"timestamp":1791473534763,"service":"control","requestId":"c0b1f3d0-df91-4560-a441-758604688949","method":"POST","result":200,"reason":"OK","latencyMs":102.07}
{"timestamp":1791473534845,"service":"control","requestId":"608a177b-cd9d-413f-8a43-d03d236a50f3","method":"POST","result":200,"reason":"OK","latencyMs":78.18}
{"timestamp":1791473534942,"service":"control","requestId":"d3daca9a-d3c6-4723-829d-a5dc2394c984","method":"POST","result":200,"reason":"OK","latencyMs":86.14}
{"timestamp":1791473535034,"service":"control","requestId":"2b2c505d-e973-46fd-ae40-e5fa13711bf6","method":"POST","result":200,"reason":"OK","latencyMs":90.41}
{"timestamp":1791473535227,"service":"control","requestId":"8360ca53-2658-4635-abfd-e80319576f41","method":"GET","result":200,"reason":"OK","latencyMs":85.19}
{"timestamp":1791473535316,"service":"control","requestId":"8de986c1-ff12-4a8e-9c50-63e7417e8728","method":"POST","result":200,"reason":"OK","latencyMs":95.42}
{"timestamp":1791473535415,"service":"control","requestId":"3ffa33a2-6426-44e9-b748-f9a137a61a70","method":"POST","result":200,"reason":"OK","latencyMs":105.97}
{"timestamp":1791473535496,"service":"control","requestId":"ecf9160f-46d2-4fa3-ab30-57a9c6eaa923","method":"POST","result":200,"reason":"OK","latencyMs":145.32}
{"timestamp":1791473535567,"service":"control","requestId":"00beed1d-4d08-488f-9cd2-43dab9e47ff7","method":"POST","result":200,"reason":"OK","latencyMs":145.89}
{"timestamp":1791473535658,"service":"control","requestId":"fbbf67a2-8df5-4c29-8300-e408ddfeb3c9","method":"PUT","result":200,"reason":"OK","latencyMs":169.76}
{"timestamp":1791473535725,"service":"control","requestId":"3ddaf1f9-2ba7-4e2c-8760-1f35c0a2e513","method":"POST","result":200,"reason":"OK","latencyMs":164.61}
{"timestamp":1791473535903,"service":"control","requestId":"1b3ed460-811a-459a-90dc-7834ce009c5e","method":"POST","result":200,"reason":"OK","latencyMs":90.09}
{"timestamp":1791473536008,"service":"control","requestId":"80133f0b-2325-4101-98f0-2f5c42947213","method":"PUT","result":200,"reason":"OK","latencyMs":104.12}
{"timestamp":1791473536198,"service":"control","requestId":"860ab57c-904e-4df0-83a2-6ad0daee7193","method":"POST","result":200,"reason":"OK","latencyMs":90.1}
{"timestamp":1791473536282,"service":"control","requestId":"6fe3cb54-ea05-4a35-b7d8-c2cc9916bd09","method":"POST","result":200,"reason":"OK","latencyMs":77.84}
{"timestamp":1791473536374,"service":"control","requestId":"802fc6f1-57ac-4414-b982-3f4e607637d7","method":"POST","result":200,"reason":"OK","latencyMs":82.19}
{"timestamp":1791473536463,"service":"control","requestId":"ab940d50-31fd-460d-90af-31c2f8675170","method":"POST","result":200,"reason":"OK","latencyMs":87.92}
{"timestamp":1791473536671,"service":"control","requestId":"21b6d259-2f19-4c28-ac9e-4495ac542201","method":"POST","result":200,"reason":"OK","latencyMs":108.9}
{"timestamp":1791473536743,"service":"control","requestId":"4f75e705-d439-4fc2-924b-37e5369c5508","method":"GET","result":200,"reason":"OK","latencyMs":173}
{"timestamp":1791473536831,"service":"control","requestId":"90072764-c5c4-4789-be9c-5d5674193916","method":"PUT","result":200,"reason":"OK","latencyMs":169.45}
{"timestamp":1791473536901,"service":"control","requestId":"efe117f1-b090-48a6-a375-9157c80fc4ba","method":"POST","result":200,"reason":"OK","latencyMs":157.37}
{"timestamp":1791473536984,"service":"control","requestId":"9639a403-bfe4-4f9c-a932-89da1f2156bb","method":"POST","result":409,"reason":"POLICY_DENIED","latencyMs":88.95}
{"timestamp":1791473537169,"service":"control","requestId":"db35be97-215f-41d4-bd03-0381b8ae87b1","method":"POST","result":200,"reason":"OK","latencyMs":87.28}
{"timestamp":1791473537255,"service":"control","requestId":"a5e018ec-1c51-4df7-b197-ed128b52cd56","method":"PUT","result":200,"reason":"OK","latencyMs":92}
{"timestamp":1791473537450,"service":"control","requestId":"636aff4d-6905-49cc-9ddb-f827d1c91783","method":"POST","result":200,"reason":"OK","latencyMs":91.72}
{"timestamp":1791473537546,"service":"control","requestId":"3b1421b7-3638-4089-858f-65d269503861","method":"POST","result":200,"reason":"OK","latencyMs":91.17}
{"timestamp":1791473537641,"service":"control","requestId":"b212c7d3-8b72-4f7f-b670-fd7d39da9965","method":"POST","result":200,"reason":"OK","latencyMs":90.2}
{"timestamp":1791473537738,"service":"control","requestId":"375bf928-03a9-4119-b4f0-38332d4ad379","method":"POST","result":200,"reason":"OK","latencyMs":95.46}
{"timestamp":1791473537930,"service":"control","requestId":"d821b45a-d859-46b5-8184-5472548626b1","method":"GET","result":200,"reason":"OK","latencyMs":98.32}
{"timestamp":1791473538006,"service":"control","requestId":"e3e55a02-c0ab-451a-aacc-3874ab8d27d8","method":"POST","result":200,"reason":"OK","latencyMs":115.54}
{"timestamp":1791473538092,"service":"control","requestId":"1259125e-4212-4aca-a4ea-46780952e7df","method":"POST","result":200,"reason":"OK","latencyMs":163.02}
{"timestamp":1791473538174,"service":"control","requestId":"5cf3efa7-f829-468d-919e-135061ad68e6","method":"PUT","result":200,"reason":"OK","latencyMs":163.17}
{"timestamp":1791473538237,"service":"control","requestId":"8905aad4-cc16-4c61-b507-96648a11701c","method":"POST","result":409,"reason":"POLICY_DENIED","latencyMs":147.22}
{"timestamp":1791473538413,"service":"control","requestId":"5522e014-02bd-4066-9a03-0372ecfc893c","method":"POST","result":200,"reason":"OK","latencyMs":86.58}
{"timestamp":1791473538499,"service":"control","requestId":"60f546f1-4ac6-4694-a7fa-fc33d6d12a40","method":"PUT","result":200,"reason":"OK","latencyMs":92.24}
{"timestamp":1791473538688,"service":"control","requestId":"671679bc-2b0b-45fd-ad9b-33a5ff43af2f","method":"POST","result":200,"reason":"OK","latencyMs":84.09}
{"timestamp":1791473538780,"service":"control","requestId":"4f199cbd-7292-4549-8e83-acf5438ec4ac","method":"POST","result":200,"reason":"OK","latencyMs":87.02}
{"timestamp":1791473538880,"service":"control","requestId":"b9fd2a2c-1e98-42a3-8cca-8cdb3901a3b1","method":"POST","result":200,"reason":"OK","latencyMs":89.06}
{"timestamp":1791473538969,"service":"control","requestId":"c074f365-1418-4f5c-8225-33bb17d02a84","method":"POST","result":200,"reason":"OK","latencyMs":95.47}
{"timestamp":1791473539171,"service":"control","requestId":"c79716e1-c303-4ef6-968b-042955cabdb7","method":"GET","result":200,"reason":"OK","latencyMs":88.2}
{"timestamp":1791473539261,"service":"control","requestId":"bdc62648-ff15-42bd-979e-d52ea2a6ba8b","method":"POST","result":200,"reason":"OK","latencyMs":89.65}
{"timestamp":1791473539333,"service":"control","requestId":"702822a7-47df-4367-b209-780db8cae3a0","method":"POST","result":200,"reason":"OK","latencyMs":153.36}
{"timestamp":1791473539427,"service":"control","requestId":"0c764273-5cee-4dde-8fec-8ae183db1d05","method":"POST","result":200,"reason":"OK","latencyMs":170.27}
{"timestamp":1791473539511,"service":"control","requestId":"d564ec20-48fd-4ae4-ae85-626899a9ddc0","method":"PUT","result":200,"reason":"OK","latencyMs":177.75}
{"timestamp":1791473539583,"service":"control","requestId":"87d2b4fe-1367-4259-b807-734681a74b9c","method":"POST","result":200,"reason":"OK","latencyMs":151.7}
{"timestamp":1791473539671,"service":"control","requestId":"8161d3e3-c9f5-4e45-a949-5407f0d854ff","method":"POST","result":200,"reason":"OK","latencyMs":94.11}
{"timestamp":1791473539864,"service":"control","requestId":"f50edb96-292f-456c-a2ab-1555411fac46","method":"POST","result":200,"reason":"OK","latencyMs":89.52}
{"timestamp":1791473539949,"service":"control","requestId":"86f70133-ee00-496f-8a71-01b877dc01f6","method":"PUT","result":200,"reason":"OK","latencyMs":83.86}
{"timestamp":1791473540139,"service":"control","requestId":"52ceee5d-92aa-4019-81cb-0b133c83c223","method":"POST","result":200,"reason":"OK","latencyMs":91.82}
{"timestamp":1791473540236,"service":"control","requestId":"6c67c78e-8912-4d31-9f31-fe6c8e0a258d","method":"POST","result":200,"reason":"OK","latencyMs":91.36}
{"timestamp":1791473540369,"service":"control","requestId":"0a7464a0-1f39-4dd5-8f1a-8d297cd87485","method":"POST","result":200,"reason":"OK","latencyMs":121.22}
{"timestamp":1791473540478,"service":"control","requestId":"2fbfe5d4-9df0-43dd-bc56-59a957b016ea","method":"POST","result":200,"reason":"OK","latencyMs":107.64}
{"timestamp":1791473540680,"service":"control","requestId":"1b0d68fa-07bc-4e6c-bc7e-b75793c893a4","method":"GET","result":200,"reason":"OK","latencyMs":93.85}
{"timestamp":1791473540778,"service":"control","requestId":"c3d1b021-2f46-45cc-a083-2da479bb3c38","method":"POST","result":200,"reason":"OK","latencyMs":94.14}
{"timestamp":1791473540858,"service":"control","requestId":"06598abd-b944-42cb-981b-ee30df6fe69b","method":"POST","result":200,"reason":"OK","latencyMs":129.08}
{"timestamp":1791473540958,"service":"control","requestId":"7438d913-ecff-4cdb-be21-b09aa5444469","method":"POST","result":200,"reason":"OK","latencyMs":185.24}
{"timestamp":1791473541046,"service":"control","requestId":"1345de19-9152-4595-ad0d-2a33a301c897","method":"PUT","result":200,"reason":"OK","latencyMs":191.23}
{"timestamp":1791473541140,"service":"control","requestId":"04dfe38e-2484-40c1-b4c1-2f4bac7f8ed7","method":"POST","result":200,"reason":"OK","latencyMs":176.32}
{"timestamp":1791473541226,"service":"control","requestId":"034b1b72-9886-4404-8550-15351794e070","method":"POST","result":200,"reason":"OK","latencyMs":93.63}
{"timestamp":1791473541410,"service":"control","requestId":"e93fe701-6d93-441b-b1f8-7df96972a86b","method":"POST","result":200,"reason":"OK","latencyMs":87.93}
{"timestamp":1791473541501,"service":"control","requestId":"e1d487e6-eb75-4491-8353-64d751627a41","method":"PUT","result":200,"reason":"OK","latencyMs":96.13}
{"timestamp":1791473541701,"service":"control","requestId":"56e0e10c-a9b5-4522-aab6-14564b2ba196","method":"POST","result":200,"reason":"OK","latencyMs":94.9}
{"timestamp":1791473541797,"service":"control","requestId":"171cffec-af7a-4bb0-94a7-4fc38a4b0bbb","method":"POST","result":200,"reason":"OK","latencyMs":88.46}
{"timestamp":1791473541890,"service":"control","requestId":"66469af7-e0da-421d-ad05-3c342cf700b6","method":"POST","result":200,"reason":"OK","latencyMs":84.82}
{"timestamp":1791473541981,"service":"control","requestId":"5b1d46b3-38d7-40a6-94d6-590b082891e4","method":"POST","result":200,"reason":"OK","latencyMs":87.99}
{"timestamp":1791473542175,"service":"control","requestId":"b5edc78d-56b2-4cb4-8923-ec624584ffb7","method":"GET","result":200,"reason":"OK","latencyMs":97.98}
{"timestamp":1791473542286,"service":"control","requestId":"fbadc52b-5cbb-4afb-a126-bd6c104afe74","method":"POST","result":200,"reason":"OK","latencyMs":107.15}
{"timestamp":1791473542395,"service":"control","requestId":"d7a40d5f-d4e6-44e6-bb3a-2d215bc9e20c","method":"POST","result":200,"reason":"OK","latencyMs":116.81}
{"timestamp":1791473542482,"service":"control","requestId":"3097af15-43a3-4ab9-815c-68f47a3e401f","method":"POST","result":200,"reason":"OK","latencyMs":197.83}
{"timestamp":1791473542573,"service":"control","requestId":"53a0e2f4-5644-462c-8a3a-40ad8676a5b8","method":"POST","result":200,"reason":"OK","latencyMs":179.86}
{"timestamp":1791473542661,"service":"control","requestId":"8ddf3513-17a0-4e87-b783-9dc424541f54","method":"PUT","result":200,"reason":"OK","latencyMs":187.76}
{"timestamp":1791473542744,"service":"control","requestId":"08d29481-1818-469f-81ef-38cdd164c534","method":"POST","result":200,"reason":"OK","latencyMs":179.99}
{"timestamp":1791473542952,"service":"control","requestId":"c4fe35d9-3efa-4294-b110-71797598336e","method":"POST","result":200,"reason":"OK","latencyMs":110.13}
{"timestamp":1791473543048,"service":"control","requestId":"388c4061-6def-40ef-acb8-1f7ca236a2e0","method":"PUT","result":200,"reason":"OK","latencyMs":104.51}
{"timestamp":1791473543223,"service":"control","requestId":"15644a71-5309-4a78-9401-4e57dd483c73","method":"POST","result":200,"reason":"OK","latencyMs":94.58}
{"timestamp":1791473543316,"service":"control","requestId":"48d3ea80-b902-4fbb-8600-5400ce9ebb0e","method":"POST","result":200,"reason":"OK","latencyMs":86.95}
{"timestamp":1791473543431,"service":"control","requestId":"8103d7e9-c769-4899-b5f7-1e5a7c323120","method":"POST","result":200,"reason":"OK","latencyMs":107.03}
{"timestamp":1791473543542,"service":"control","requestId":"bf4725a1-e6b9-438a-9c1a-ef5d10a48095","method":"POST","result":200,"reason":"OK","latencyMs":109.4}
{"timestamp":1791473543759,"service":"control","requestId":"137cc977-3d8f-4c2c-88da-89624013abd0","method":"GET","result":200,"reason":"OK","latencyMs":115.86}
{"timestamp":1791473543849,"service":"control","requestId":"450b4684-aaff-45c8-ab03-10e526bceff5","method":"POST","result":200,"reason":"OK","latencyMs":195.75}
{"timestamp":1791473543938,"service":"control","requestId":"fb713428-d3a0-41c0-acce-c5fff7319e04","method":"POST","result":200,"reason":"OK","latencyMs":180.26}
{"timestamp":1791473544030,"service":"control","requestId":"3f85d976-ccfb-41b7-9d5e-a38a6ff844a2","method":"PUT","result":200,"reason":"OK","latencyMs":189.03}
{"timestamp":1791473544129,"service":"control","requestId":"c1a8aabb-6559-490a-aaeb-fe715875c7f3","method":"POST","result":409,"reason":"POLICY_DENIED","latencyMs":198.46}
{"timestamp":1791473544347,"service":"control","requestId":"9e6f755c-eb4e-4efa-984b-58f89cb0a41f","method":"POST","result":200,"reason":"OK","latencyMs":127.12}
{"timestamp":1791473544456,"service":"control","requestId":"852969e8-a226-4a3d-8c63-9e3327fb3342","method":"PUT","result":200,"reason":"OK","latencyMs":117.44}
{"timestamp":1791473544661,"service":"control","requestId":"6cc54754-9eca-460b-b300-94c04d801fb2","method":"POST","result":200,"reason":"OK","latencyMs":99.03}
{"timestamp":1791473544756,"service":"control","requestId":"c5e55c02-fb8d-42c7-94dd-a29be62def08","method":"POST","result":200,"reason":"OK","latencyMs":90.61}
{"timestamp":1791473544858,"service":"control","requestId":"b30e0cf6-0cf7-49b1-9aed-e64629b22f33","method":"POST","result":200,"reason":"OK","latencyMs":95.07}
{"timestamp":1791473544962,"service":"control","requestId":"c8b6fba3-11bc-4b87-808a-075dedd54819","method":"POST","result":200,"reason":"OK","latencyMs":103.22}
{"timestamp":1791473545164,"service":"control","requestId":"7dd2394c-ad0d-47d9-a515-a34164e8dcde","method":"GET","result":200,"reason":"OK","latencyMs":106.54}
{"timestamp":1791473545260,"service":"control","requestId":"7e22c0fc-8ad2-477f-9abb-890c5f5872ef","method":"POST","result":200,"reason":"OK","latencyMs":150.52}
{"timestamp":1791473545343,"service":"control","requestId":"c857de15-bfa9-4c4f-9246-becdf698ef05","method":"POST","result":200,"reason":"OK","latencyMs":182.12}
{"timestamp":1791473545435,"service":"control","requestId":"5ca045ea-0dff-4974-b79b-8ef5fe6f9f9a","method":"PUT","result":200,"reason":"OK","latencyMs":178.73}
{"timestamp":1791473545536,"service":"control","requestId":"4ce5428f-2673-4592-9318-02464c60b056","method":"POST","result":409,"reason":"POLICY_DENIED","latencyMs":198.93}
{"timestamp":1791473545747,"service":"control","requestId":"10963aee-57b4-4bc9-9802-ffa4d5ff5a20","method":"POST","result":200,"reason":"OK","latencyMs":109.54}
{"timestamp":1791473545842,"service":"control","requestId":"5c14b9c0-ddd5-463c-9531-3b22a19ec50e","method":"PUT","result":200,"reason":"OK","latencyMs":102.81}
{"timestamp":1791473546043,"service":"control","requestId":"c5169eae-e5c9-41d7-99ac-6a6c1b9f53d2","method":"POST","result":200,"reason":"OK","latencyMs":107.22}
{"timestamp":1791473546162,"service":"control","requestId":"9e13a730-d537-4592-8492-3cb50b8ea941","method":"POST","result":200,"reason":"OK","latencyMs":116.58}
{"timestamp":1791473546268,"service":"control","requestId":"2013ffb4-7601-4644-809c-ae8fe5950f4d","method":"POST","result":200,"reason":"OK","latencyMs":97.7}
{"timestamp":1791473546379,"service":"control","requestId":"3d8b194f-e6f0-4e4f-9cf1-416efbfef523","method":"POST","result":200,"reason":"OK","latencyMs":109.94}
{"timestamp":1791473546624,"service":"control","requestId":"33a1b46d-acd8-41ef-bffc-4221dc69605e","method":"GET","result":200,"reason":"OK","latencyMs":135.41}
{"timestamp":1791473546769,"service":"control","requestId":"cefd53a5-8300-4df8-8e69-c131e953ac7c","method":"POST","result":200,"reason":"OK","latencyMs":175.4}
{"timestamp":1791473546835,"service":"control","requestId":"e8c1ca4a-0c42-41a1-a997-32262f237534","method":"POST","result":200,"reason":"OK","latencyMs":213.62}
{"timestamp":1791473546933,"service":"control","requestId":"86217695-e33f-4fee-bb2c-7f0805b8bd6a","method":"PUT","result":200,"reason":"OK","latencyMs":161.29}
{"timestamp":1791473547018,"service":"control","requestId":"24b6028d-d917-403d-9627-373f17c9d0ba","method":"POST","result":409,"reason":"POLICY_DENIED","latencyMs":188.76}
{"timestamp":1791473547301,"service":"control","requestId":"47ea100d-17e4-45d5-8363-724593015ea0","method":"POST","result":200,"reason":"OK","latencyMs":114.24}
{"timestamp":1791473547394,"service":"control","requestId":"f36bc0c8-9b1c-48bd-abcb-5b347f918dc6","method":"PUT","result":200,"reason":"OK","latencyMs":99.94}
{"timestamp":1791473547613,"service":"control","requestId":"ddb6b945-fcb2-4394-aa54-d5505f77b705","method":"POST","result":200,"reason":"OK","latencyMs":107}
{"timestamp":1791473547722,"service":"control","requestId":"910d3d3d-a842-48de-abb0-da502b8191f0","method":"POST","result":200,"reason":"OK","latencyMs":104.89}
{"timestamp":1791473547833,"service":"control","requestId":"49d35c13-785c-4a28-9f4f-5af5ad1eaf9f","method":"POST","result":200,"reason":"OK","latencyMs":106.86}
{"timestamp":1791473547942,"service":"control","requestId":"c4c217f6-ea56-486e-9cc5-1194e81d3beb","method":"POST","result":200,"reason":"OK","latencyMs":115.68}
{"timestamp":1791473548136,"service":"control","requestId":"de65f7ce-ce81-4b45-a35e-ff2f25a4993e","method":"GET","result":200,"reason":"OK","latencyMs":103.56}
{"timestamp":1791473548253,"service":"control","requestId":"c37b3cb5-21a4-40e7-a0e9-74ebbadad85c","method":"POST","result":200,"reason":"OK","latencyMs":112.16}
{"timestamp":1791473548348,"service":"control","requestId":"a5c1d0cb-90b3-4d5b-91eb-02bb0a986c38","method":"POST","result":200,"reason":"OK","latencyMs":150.53}
{"timestamp":1791473548448,"service":"control","requestId":"68710c54-615c-40e3-a4db-70baefd7554c","method":"POST","result":200,"reason":"OK","latencyMs":200.95}
{"timestamp":1791473548548,"service":"control","requestId":"07c2045c-e308-4433-b648-f754ca43f232","method":"PUT","result":200,"reason":"OK","latencyMs":211.4}
{"timestamp":1791473548628,"service":"control","requestId":"d855f3bb-6d26-4045-a208-05403695673c","method":"POST","result":200,"reason":"OK","latencyMs":176.44}
{"timestamp":1791473548732,"service":"control","requestId":"262113fe-5e07-48bd-be04-c6f622c0540c","method":"POST","result":200,"reason":"OK","latencyMs":110.68}
{"timestamp":1791473548952,"service":"control","requestId":"404c578b-1f78-4c1a-9ebd-a9f3eb2271a6","method":"POST","result":200,"reason":"OK","latencyMs":113.41}
{"timestamp":1791473549058,"service":"control","requestId":"8b71fb44-550d-4c90-817c-ac68eade4823","method":"PUT","result":200,"reason":"OK","latencyMs":103.7}
{"timestamp":1791473549270,"service":"control","requestId":"d8a1d7d9-431a-4195-b749-d20cb60907d8","method":"POST","result":200,"reason":"OK","latencyMs":108.68}
{"timestamp":1791473549370,"service":"control","requestId":"8740b7b1-0d2d-488e-a2b4-731cc2598343","method":"POST","result":200,"reason":"OK","latencyMs":99.39}
{"timestamp":1791473549467,"service":"control","requestId":"cb9b0260-6735-422f-abc0-5050a6dd21fb","method":"POST","result":200,"reason":"OK","latencyMs":92.65}
{"timestamp":1791473549578,"service":"control","requestId":"affd1e49-8f02-4661-ae86-1add3533068d","method":"POST","result":200,"reason":"OK","latencyMs":108.07}
{"timestamp":1791473549764,"service":"control","requestId":"06b12d81-70bd-4ca0-86cb-b809c4490c53","method":"GET","result":200,"reason":"OK","latencyMs":102.08}
{"timestamp":1791473549872,"service":"control","requestId":"34b0d2d8-f7e7-4879-9091-a2500009c53c","method":"POST","result":200,"reason":"OK","latencyMs":106.67}
{"timestamp":1791473549995,"service":"control","requestId":"a9852c05-f7c3-48a3-bdc9-1999ed493292","method":"POST","result":200,"reason":"OK","latencyMs":132.88}
{"timestamp":1791473550082,"service":"control","requestId":"49196102-c245-472e-8c01-b971917357f9","method":"POST","result":200,"reason":"OK","latencyMs":204.93}
{"timestamp":1791473550175,"service":"control","requestId":"7a5f64de-a94a-4641-822b-0c8bc91e89aa","method":"POST","result":200,"reason":"OK","latencyMs":186.54}
{"timestamp":1791473550270,"service":"control","requestId":"e154a1e7-a0e0-4578-840b-98a054e61fcf","method":"PUT","result":200,"reason":"OK","latencyMs":191.24}
{"timestamp":1791473550357,"service":"control","requestId":"f063d0ec-3f4e-4bf5-b009-78dbc02ce6d0","method":"POST","result":200,"reason":"OK","latencyMs":187.42}
{"timestamp":1791473550552,"service":"control","requestId":"6aa81f31-1481-4dcb-84d6-040403fd9b44","method":"POST","result":200,"reason":"OK","latencyMs":105.38}
{"timestamp":1791473550650,"service":"control","requestId":"463f8a75-b273-4022-aa4d-29150102dedc","method":"PUT","result":200,"reason":"OK","latencyMs":105.47}
{"timestamp":1791473550841,"service":"control","requestId":"ce4cfa51-a61d-4c56-95b9-f939d06c6291","method":"GET","result":200,"reason":"OK","latencyMs":112}
{"timestamp":1791473551061,"service":"control","requestId":"96ceae34-5ef1-49c3-a7f1-2013d17fca6a","method":"GET","result":200,"reason":"OK","latencyMs":104.32}
{"timestamp":1791473551278,"service":"control","requestId":"7a3e19a0-6de1-47ed-8a62-f6eee37a2c4b","method":"POST","result":200,"reason":"OK","latencyMs":107.93}
{"timestamp":1791473551393,"service":"control","requestId":"e872c284-3757-484f-8e60-621f04e123d0","method":"POST","result":200,"reason":"OK","latencyMs":113.3}
{"timestamp":1791473551506,"service":"control","requestId":"4d188268-b92a-4903-8b37-c2d2855292b0","method":"POST","result":200,"reason":"OK","latencyMs":109.09}
{"timestamp":1791473551623,"service":"control","requestId":"1d341096-4b1b-48e0-b6f3-3d7fdb546ae0","method":"POST","result":200,"reason":"OK","latencyMs":124.7}
{"timestamp":1791473551843,"service":"control","requestId":"e2fa4803-1f4e-4861-92b4-e1ead3d2f9ec","method":"POST","result":200,"reason":"OK","latencyMs":114.35}
{"timestamp":1791473551948,"service":"control","requestId":"15e361a1-1659-4b88-9059-37beba2c190f","method":"PUT","result":200,"reason":"OK","latencyMs":111.97}
{"timestamp":1791473552156,"service":"control","requestId":"a9505a54-be98-4c16-94a5-166a68b55e95","method":"POST","result":200,"reason":"OK","latencyMs":111.69}
{"timestamp":1791473552271,"service":"control","requestId":"4abca6c8-5dbf-475c-93b2-ffe39dbf30bd","method":"POST","result":409,"reason":"EPOCH_MISMATCH","latencyMs":123.44}
{"timestamp":1791473552470,"service":"control","requestId":"676cfdee-e1df-4c60-9241-b0828d847355","method":"GET","result":200,"reason":"OK","latencyMs":107.38}
{"timestamp":1791473552575,"service":"control","requestId":"a40092b6-b00d-48ec-9463-c15ec8e77148","method":"POST","result":200,"reason":"OK","latencyMs":112.43}
{"timestamp":1791473552678,"service":"control","requestId":"ffd93f7c-9e3c-4302-919f-429e6013a1cb","method":"POST","result":200,"reason":"OK","latencyMs":113.53}
{"timestamp":1791473552789,"service":"control","requestId":"447adfcd-ebad-4dc1-8a0f-34764021e133","method":"POST","result":200,"reason":"OK","latencyMs":109.77}
{"timestamp":1791473552887,"service":"control","requestId":"dbba9d32-2a4f-42be-8dc5-7313df67c65b","method":"POST","result":200,"reason":"OK","latencyMs":105.92}
{"timestamp":1791473553094,"service":"control","requestId":"121af539-7ed4-40fe-bb9c-f191f89587fa","method":"POST","result":200,"reason":"OK","latencyMs":114.02}
{"timestamp":1791473553209,"service":"control","requestId":"3f0200de-7de4-4a12-91f6-6e76dd931aef","method":"POST","result":200,"reason":"OK","latencyMs":113.87}
{"timestamp":1791473553551,"service":"control","requestId":"aef33412-69a3-4fb3-8058-18d1a2395cbd","method":"POST","result":200,"reason":"OK","latencyMs":120.62}
{"timestamp":1791473553673,"service":"control","requestId":"9a52c954-8cc1-402f-8e12-056d017c79ec","method":"POST","result":200,"reason":"OK","latencyMs":130.36}
{"timestamp":1791473553890,"service":"control","requestId":"86383196-87ce-408c-be47-66cfb164e7be","method":"POST","result":200,"reason":"OK","latencyMs":118.83}
{"timestamp":1791473554009,"service":"control","requestId":"38974946-535e-43b5-8a61-ed4c7f9beb97","method":"POST","result":200,"reason":"OK","latencyMs":117.72}
{"timestamp":1791473554197,"service":"control","requestId":"2d095fec-7202-414e-a2d4-5c469db3a3e1","method":"GET","result":200,"reason":"OK","latencyMs":108.14}
{"timestamp":1791473554435,"service":"control","requestId":"1a7b17bb-7fb2-4427-a2fa-bab825352218","method":"GET","result":200,"reason":"OK","latencyMs":109.72}
{"timestamp":1791473554639,"service":"control","requestId":"97d07c9f-fe4b-4530-b47e-422a13e70fc8","method":"GET","result":200,"reason":"OK","latencyMs":103.65}
{"timestamp":1791473554849,"service":"control","requestId":"264182f1-0bf8-46a7-abd0-8586ed1b291f","method":"GET","result":200,"reason":"OK","latencyMs":114.8}
{"timestamp":1791473555068,"service":"control","requestId":"70e2a6f8-64d3-42e0-8e6c-6ef708eb928b","method":"POST","result":200,"reason":"OK","latencyMs":107.17}
{"timestamp":1791473555184,"service":"control","requestId":"26c79cd7-e05a-41ec-bc80-18fe344cc30b","method":"POST","result":200,"reason":"OK","latencyMs":108.6}
{"timestamp":1791473555317,"service":"control","requestId":"8393e573-9011-4df0-bb0e-dd8ebf73c75a","method":"POST","result":200,"reason":"OK","latencyMs":113.58}
{"timestamp":1791473555432,"service":"control","requestId":"8ac48403-16fb-4d77-a50d-a98db748ab15","method":"POST","result":200,"reason":"OK","latencyMs":122.85}
{"timestamp":1791473555638,"service":"control","requestId":"a355f94e-1f63-4ca2-9295-6702679377b2","method":"GET","result":200,"reason":"OK","latencyMs":117.45}
{"timestamp":1791473555755,"service":"control","requestId":"127eb3c4-bc04-42cc-be2d-b41c98526ed7","method":"POST","result":200,"reason":"OK","latencyMs":125.35}
{"timestamp":1791473555874,"service":"control","requestId":"82bd3181-1d63-4958-8c3e-9c7907e0e0c8","method":"POST","result":200,"reason":"OK","latencyMs":132.21}
{"timestamp":1791473556038,"service":"control","requestId":"8755a57a-f066-4667-a37b-801cd87d3182","method":"POST","result":200,"reason":"OK","latencyMs":120.91}
{"timestamp":1791473556144,"service":"control","requestId":"d9b2083d-fb3d-4e8d-88f5-1a7f3eae39a4","method":"POST","result":200,"reason":"OK","latencyMs":115.6}
{"timestamp":1791473556395,"service":"control","requestId":"94cec34a-20fc-44d8-993a-ed1039c4edbf","method":"POST","result":200,"reason":"OK","latencyMs":128.47}
{"timestamp":1791473556496,"service":"control","requestId":"39108611-58d6-4f66-ba58-7129af49a63c","method":"POST","result":200,"reason":"OK","latencyMs":109.22}
{"timestamp":1791473556634,"service":"control","requestId":"f2950f46-6604-4e87-b886-72a92d65c433","method":"POST","result":200,"reason":"OK","latencyMs":117.47}
{"timestamp":1791473556753,"service":"control","requestId":"61b6e74a-51ae-4d96-a4a4-9c9db443c8e5","method":"POST","result":200,"reason":"OK","latencyMs":126.21}
{"timestamp":1791473556975,"service":"control","requestId":"2d2dbf8d-01b1-4179-a434-060f5062f1ac","method":"GET","result":200,"reason":"OK","latencyMs":123.29}
{"timestamp":1791473557091,"service":"control","requestId":"1e636dd6-92fb-44f7-8fd6-bf81d9606bb4","method":"POST","result":200,"reason":"OK","latencyMs":125.22}
{"timestamp":1791473557215,"service":"control","requestId":"0df1cd96-09da-4f57-a69c-b64756ea5380","method":"POST","result":200,"reason":"OK","latencyMs":135.1}
{"timestamp":1791473557368,"service":"control","requestId":"c9e69efd-349a-490b-85bc-1cb3a4f74e82","method":"POST","result":200,"reason":"OK","latencyMs":115.14}
{"timestamp":1791473557479,"service":"control","requestId":"2e6ecdce-44ff-44e9-9427-86a5cae5ba94","method":"POST","result":200,"reason":"OK","latencyMs":119.9}
{"timestamp":1791473557703,"service":"control","requestId":"a58f5929-e0fc-4b63-80cd-53b13597ea19","method":"POST","result":200,"reason":"OK","latencyMs":112.75}
{"timestamp":1791473557810,"service":"control","requestId":"70119cbb-0061-4cd8-84f2-e14e0f3808d6","method":"POST","result":200,"reason":"OK","latencyMs":113.99}
{"timestamp":1791473557942,"service":"control","requestId":"fcc8474d-bef4-435a-af66-3fca07989d64","method":"POST","result":200,"reason":"OK","latencyMs":112.35}
{"timestamp":1791473558063,"service":"control","requestId":"f882a7a9-6fcc-496e-9cef-eaf9da55989b","method":"POST","result":200,"reason":"OK","latencyMs":129.94}
{"timestamp":1791473558271,"service":"control","requestId":"c4c8b1b8-7b37-451f-bf1e-2f7bf4108c16","method":"GET","result":200,"reason":"OK","latencyMs":112.34}
{"timestamp":1791473558377,"service":"control","requestId":"557bfda5-d50f-4330-8940-dfb60b6c0976","method":"POST","result":200,"reason":"OK","latencyMs":114.71}
{"timestamp":1791473558498,"service":"control","requestId":"2d4edf63-4bdc-4342-a945-3bf8df5e0c16","method":"POST","result":200,"reason":"OK","latencyMs":132.48}
{"timestamp":1791473558663,"service":"control","requestId":"6cdc8488-9819-4c89-a437-9dc106d7049a","method":"POST","result":200,"reason":"OK","latencyMs":120.61}
{"timestamp":1791473558769,"service":"control","requestId":"6174193e-524c-4bd8-9bb8-1202f43e9f68","method":"POST","result":200,"reason":"OK","latencyMs":116.77}
{"timestamp":1791473559004,"service":"control","requestId":"0248d503-cdc2-4831-9a15-0d978ee06b53","method":"POST","result":200,"reason":"OK","latencyMs":119.76}
{"timestamp":1791473559125,"service":"control","requestId":"1d26271e-a999-4ae1-a8fd-5b057b57692b","method":"POST","result":200,"reason":"OK","latencyMs":129.75}
{"timestamp":1791473559270,"service":"control","requestId":"8128e639-6f5c-4b73-9b6b-5b8c87adc335","method":"POST","result":200,"reason":"OK","latencyMs":112.95}
{"timestamp":1791473559393,"service":"control","requestId":"2702c97b-59fe-4b0d-8678-78b7cd935924","method":"POST","result":200,"reason":"OK","latencyMs":130.01}
{"timestamp":1791473559599,"service":"control","requestId":"63900dfa-dbf2-4ca3-aa1e-812de5135dbd","method":"GET","result":200,"reason":"OK","latencyMs":120.12}
{"timestamp":1791473559707,"service":"control","requestId":"7b371b72-801d-4b77-a456-14c37cc26a4d","method":"POST","result":200,"reason":"OK","latencyMs":115.87}
{"timestamp":1791473559826,"service":"control","requestId":"060b47cd-b516-473e-83da-493841bc09b4","method":"POST","result":200,"reason":"OK","latencyMs":129.07}
{"timestamp":1791473559985,"service":"control","requestId":"0cb2f801-e317-4550-b8d2-bbd580c5e766","method":"POST","result":200,"reason":"OK","latencyMs":118.24}
{"timestamp":1791473560076,"service":"control","requestId":"d99caa74-f3e1-4beb-9ea6-440c643b8f80","method":"POST","result":200,"reason":"OK","latencyMs":101.13}
{"timestamp":1791473560304,"service":"control","requestId":"a27cb31f-10ba-4fe2-bf14-733525128dd3","method":"POST","result":200,"reason":"OK","latencyMs":112.3}
{"timestamp":1791473560424,"service":"control","requestId":"9be8a884-2e43-4112-8dc3-12e4b45af4dd","method":"POST","result":200,"reason":"OK","latencyMs":118.41}
{"timestamp":1791473560552,"service":"control","requestId":"320ad596-83f7-4371-8008-526b4852b8e9","method":"POST","result":200,"reason":"OK","latencyMs":120.74}
{"timestamp":1791473560674,"service":"control","requestId":"be1856a9-330b-4330-a84a-5d01d63b6d6d","method":"POST","result":200,"reason":"OK","latencyMs":131.47}
{"timestamp":1791473560906,"service":"control","requestId":"a03cb3b5-c9ca-4d61-b177-82d0bc14b5b8","method":"GET","result":200,"reason":"OK","latencyMs":134.92}
{"timestamp":1791473561030,"service":"control","requestId":"f0665fd8-d385-4a9c-8c17-3e05105b802d","method":"POST","result":200,"reason":"OK","latencyMs":141.57}
{"timestamp":1791473561142,"service":"control","requestId":"988eb346-1cf0-4e61-8cd7-9c50b3a7f057","method":"POST","result":200,"reason":"OK","latencyMs":121.65}
{"timestamp":1791473561300,"service":"control","requestId":"c7f41d86-61f5-463b-864c-c860229fe0d0","method":"POST","result":200,"reason":"OK","latencyMs":121.33}
{"timestamp":1791473561416,"service":"control","requestId":"ba477df5-7477-4f30-b7ca-ad0911ec9385","method":"POST","result":200,"reason":"OK","latencyMs":125.57}
{"timestamp":1791473561918,"service":"control","requestId":"54ac5b2c-779e-4110-bb69-cc65e7cfacf2","method":"GET","result":200,"reason":"OK","latencyMs":118.32}
{"timestamp":1791473562538,"service":"control","requestId":"e60db6bf-2bf0-4d93-9bc8-e08382f63f4c","method":"GET","result":200,"reason":"OK","latencyMs":108.45}
{"timestamp":1791473563147,"service":"control","requestId":"0b11ed76-14c3-4748-97b2-ba7f07f18c5d","method":"GET","result":200,"reason":"OK","latencyMs":107.7}
{"timestamp":1791473563788,"service":"control","requestId":"fc0d6e9d-a798-40b6-9872-b8da4cfb68f6","method":"POST","result":200,"reason":"OK","latencyMs":122.01}
{"timestamp":1791473564283,"service":"control","requestId":"47f013bb-2f5d-4bb0-8f53-d14509b340d2","method":"POST","result":200,"reason":"OK","latencyMs":108.81}
{"timestamp":1791473564807,"service":"control","requestId":"9368b373-dbd1-4a07-9c25-b26ea55c76da","method":"POST","result":200,"reason":"OK","latencyMs":132.37}
{"timestamp":1791473565313,"service":"control","requestId":"17233be1-163c-4293-8cb1-5e49615ea013","method":"POST","result":200,"reason":"OK","latencyMs":136.09}
{"timestamp":1791473565698,"service":"control","requestId":"abc923fb-a887-4aba-a360-b7a2bae7a8c5","method":"GET","result":200,"reason":"OK","latencyMs":130.89}
{"timestamp":1791473565814,"service":"control","requestId":"1bec07b6-e2a3-4cfc-8059-fdb326128d23","method":"POST","result":200,"reason":"OK","latencyMs":127.35}
{"timestamp":1791473565959,"service":"control","requestId":"8d6df9e5-a9bc-4f09-b595-02250e57fa6c","method":"POST","result":200,"reason":"OK","latencyMs":156.4}
{"timestamp":1791473566124,"service":"control","requestId":"a041fd9a-e78e-4e40-bf49-6bcee9e47b39","method":"POST","result":200,"reason":"OK","latencyMs":123.05}
{"timestamp":1791473566230,"service":"control","requestId":"8c35ba4b-5b95-41b7-b08b-030bd7b04249","method":"POST","result":200,"reason":"OK","latencyMs":119.9}
{"timestamp":1791473566777,"service":"control","requestId":"c563e638-84ba-4d90-abf4-ad446d93f9d5","method":"POST","result":200,"reason":"OK","latencyMs":123.23}
{"timestamp":1791473567294,"service":"control","requestId":"4e35aed1-1593-4671-add2-050edfaf29d1","method":"POST","result":200,"reason":"OK","latencyMs":110.98}
{"timestamp":1791473567814,"service":"control","requestId":"52740603-7ae4-4f44-9f0e-6465d48418cf","method":"POST","result":200,"reason":"OK","latencyMs":116.68}
{"timestamp":1791473568339,"service":"control","requestId":"127c258c-711c-4100-88a5-6e7e8083a4ae","method":"POST","result":200,"reason":"OK","latencyMs":137.08}
{"timestamp":1791473568654,"service":"control","requestId":"8d72abb0-6c28-4d1e-937d-7b6a3c7f830f","method":"GET","result":200,"reason":"OK","latencyMs":114.01}
{"timestamp":1791473568776,"service":"control","requestId":"6e55e860-06b9-4c9c-a810-16ffb4c8e00d","method":"POST","result":200,"reason":"OK","latencyMs":118.82}
{"timestamp":1791473568900,"service":"control","requestId":"c3372ad6-0ba3-4622-b39a-c9800876191e","method":"POST","result":200,"reason":"OK","latencyMs":131.51}
{"timestamp":1791473569044,"service":"control","requestId":"c9c1e2cd-751c-4a07-a087-06ad406ea136","method":"POST","result":200,"reason":"OK","latencyMs":108.83}
{"timestamp":1791473569165,"service":"control","requestId":"53be796f-309d-487c-a8c3-027bb0ff1ee0","method":"POST","result":200,"reason":"OK","latencyMs":129.97}
{"timestamp":1791473569713,"service":"control","requestId":"2661bda8-5901-48c8-9977-471cf9b69553","method":"POST","result":200,"reason":"OK","latencyMs":117.26}
{"timestamp":1791473570260,"service":"control","requestId":"67b46f4c-e746-4bd6-aa53-fd971d48cc9a","method":"POST","result":200,"reason":"OK","latencyMs":122.89}
{"timestamp":1791473570762,"service":"control","requestId":"f4268aa0-1f3a-4135-9747-3937c1aee353","method":"POST","result":200,"reason":"OK","latencyMs":114.33}
{"timestamp":1791473571299,"service":"control","requestId":"eb43099b-8af1-4de9-aa12-0e10bee3b647","method":"POST","result":200,"reason":"OK","latencyMs":151.48}
{"timestamp":1791473571625,"service":"control","requestId":"df13224f-df52-4a68-bc74-c6a32d0c09cf","method":"GET","result":200,"reason":"OK","latencyMs":117.91}
{"timestamp":1791473571752,"service":"control","requestId":"70c532a3-6631-4c3c-83c4-6c1f8f5d457f","method":"POST","result":200,"reason":"OK","latencyMs":124.37}
{"timestamp":1791473571883,"service":"control","requestId":"e0934453-0466-46a7-bf60-6b5c444f0e6e","method":"POST","result":200,"reason":"OK","latencyMs":139.17}
{"timestamp":1791473572048,"service":"control","requestId":"22a814f4-18ad-4d54-ac9c-77bc819bc74b","method":"POST","result":200,"reason":"OK","latencyMs":129.59}
{"timestamp":1791473572171,"service":"control","requestId":"090c80cd-0694-4b6b-b06d-756afe664574","method":"POST","result":200,"reason":"OK","latencyMs":134.57}
{"timestamp":1791473572713,"service":"control","requestId":"ab940859-6e7c-4c30-a4cb-c42c4e284e5e","method":"POST","result":200,"reason":"OK","latencyMs":119.53}
{"timestamp":1791473573254,"service":"control","requestId":"15b7aa6c-001e-46e9-91bd-079a35cf18b5","method":"POST","result":200,"reason":"OK","latencyMs":125.24}
{"timestamp":1791473573849,"service":"control","requestId":"18d9ec1e-a972-4d7e-a92a-6866b2b44655","method":"POST","result":200,"reason":"OK","latencyMs":132.07}
{"timestamp":1791473574433,"service":"control","requestId":"570beec5-735d-4211-8e3f-cf743800be3b","method":"POST","result":200,"reason":"OK","latencyMs":159.64}
{"timestamp":1791473574754,"service":"control","requestId":"abd2f720-657a-4071-a868-e3cffd3f8cc0","method":"GET","result":200,"reason":"OK","latencyMs":133.82}
{"timestamp":1791473574870,"service":"control","requestId":"5d256e6c-9c54-4689-9023-744348b87093","method":"POST","result":200,"reason":"OK","latencyMs":125.88}
{"timestamp":1791473574986,"service":"control","requestId":"fa702018-a318-46e7-a599-056cd0782839","method":"POST","result":200,"reason":"OK","latencyMs":124.26}
{"timestamp":1791473575142,"service":"control","requestId":"444c0cb5-426d-4071-9660-2006eb5749e8","method":"POST","result":200,"reason":"OK","latencyMs":115.85}
{"timestamp":1791473575255,"service":"control","requestId":"03149e17-f74f-482d-b749-edfecdb10fcf","method":"POST","result":200,"reason":"OK","latencyMs":122.07}
{"timestamp":1791473575774,"service":"control","requestId":"443345c7-8074-457a-b2d7-876d5dfe7e98","method":"POST","result":200,"reason":"OK","latencyMs":123.25}
{"timestamp":1791473576315,"service":"control","requestId":"ed76463c-5833-4b8c-94a1-1da659aa6e5e","method":"POST","result":200,"reason":"OK","latencyMs":128.72}
{"timestamp":1791473576860,"service":"control","requestId":"e9883124-15d8-4164-922c-5a44403089d6","method":"POST","result":200,"reason":"OK","latencyMs":131.46}
{"timestamp":1791473577417,"service":"control","requestId":"dde870dc-8ec8-49aa-90ec-dec94bbe649a","method":"POST","result":200,"reason":"OK","latencyMs":152.63}
{"timestamp":1791473577756,"service":"control","requestId":"fd845f12-d8e3-4b4d-a1b6-72f11db182d7","method":"GET","result":200,"reason":"OK","latencyMs":133.83}
{"timestamp":1791473577866,"service":"control","requestId":"cc2a2421-af82-4946-97b0-065f5ccef526","method":"POST","result":200,"reason":"OK","latencyMs":118.91}
{"timestamp":1791473578000,"service":"control","requestId":"bcdbc7da-205b-40c6-96be-641b2e19fcef","method":"POST","result":200,"reason":"OK","latencyMs":143.66}
{"timestamp":1791473578157,"service":"control","requestId":"67384ec7-f04b-4be3-b311-e6bd0c39da00","method":"POST","result":200,"reason":"OK","latencyMs":116.02}
{"timestamp":1791473578257,"service":"control","requestId":"7cc838f4-c7bc-425e-b317-cf65c7043c2f","method":"POST","result":200,"reason":"OK","latencyMs":108.28}
{"timestamp":1791473579341,"service":"control","requestId":"6d930980-a133-4be1-b039-2c8ad271f1dc","method":"GET","result":200,"reason":"OK","latencyMs":124.17}
{"timestamp":1791473580802,"service":"control","requestId":"d3e2abab-34ef-47e6-9e45-4e2ed4713a2a","method":"GET","result":200,"reason":"OK","latencyMs":119.83}
{"timestamp":1791473582200,"service":"control","requestId":"b3c5787a-c1ef-4fbc-8c54-ccb69d33c3e3","method":"GET","result":200,"reason":"OK","latencyMs":130.42}
{"timestamp":1791473583674,"service":"control","requestId":"979d407b-ef5a-4a94-adb8-701e1b147086","method":"POST","result":200,"reason":"OK","latencyMs":149.01}
{"timestamp":1791473585136,"service":"control","requestId":"61e71c1c-5db3-4b56-9f9e-392217edfe31","method":"POST","result":200,"reason":"OK","latencyMs":142.56}
{"timestamp":1791473586395,"service":"control","requestId":"ee51e2a4-d2a1-4066-b4a3-0896adff872e","method":"POST","result":200,"reason":"OK","latencyMs":116.92}
{"timestamp":1791473587874,"service":"control","requestId":"3b318400-ba04-497b-a523-8edb4ee1556b","method":"POST","result":200,"reason":"OK","latencyMs":150.05}
{"timestamp":1791473588376,"service":"control","requestId":"28a7603f-6ebf-4950-b31a-f71eb6f71a90","method":"GET","result":200,"reason":"OK","latencyMs":125.46}
{"timestamp":1791473588494,"service":"control","requestId":"f1cd2e1a-f5f9-486c-9d42-711cca9646ea","method":"POST","result":200,"reason":"OK","latencyMs":125.28}
{"timestamp":1791473588633,"service":"control","requestId":"1a2024f3-db3f-4236-be5b-1a91d1fa020a","method":"POST","result":200,"reason":"OK","latencyMs":148.97}
{"timestamp":1791473588806,"service":"control","requestId":"5b6eae6f-3ec7-461b-9dce-bbff8bc6fb1f","method":"POST","result":200,"reason":"OK","latencyMs":128.09}
{"timestamp":1791473588920,"service":"control","requestId":"b6b362ea-e113-484e-9bfc-1e2112e6d7f9","method":"POST","result":200,"reason":"OK","latencyMs":122.44}
{"timestamp":1791473590015,"service":"control","requestId":"8b36d4e0-218f-4eb6-a047-b39e4ab19a2e","method":"POST","result":200,"reason":"OK","latencyMs":127.86}
{"timestamp":1791473591455,"service":"control","requestId":"4367e909-c63b-49d2-ab72-d72e8a43e58c","method":"POST","result":200,"reason":"OK","latencyMs":134.17}
{"timestamp":1791473592679,"service":"control","requestId":"b8c7df27-a94c-491f-8803-a922a57e23f6","method":"POST","result":200,"reason":"OK","latencyMs":120.76}
{"timestamp":1791473594078,"service":"control","requestId":"d113b5d5-e963-4ceb-8ba7-429f78c23a5f","method":"POST","result":200,"reason":"OK","latencyMs":151.36}
{"timestamp":1791473594724,"service":"control","requestId":"eab48f4c-17d2-4f5b-8fbf-aebc835f04eb","method":"GET","result":200,"reason":"OK","latencyMs":137.63}
{"timestamp":1791473594846,"service":"control","requestId":"dc5c0481-e6b8-4bab-b5d9-d50606c75da0","method":"POST","result":200,"reason":"OK","latencyMs":133.34}
{"timestamp":1791473594994,"service":"control","requestId":"73667c3c-5989-4b31-a9c9-af51dd72f6a4","method":"POST","result":200,"reason":"OK","latencyMs":157.91}
{"timestamp":1791473595185,"service":"control","requestId":"5acdaa11-677a-45e9-85c4-b5258bb06d36","method":"POST","result":200,"reason":"OK","latencyMs":150.06}
{"timestamp":1791473595299,"service":"control","requestId":"089765fa-7490-4033-a594-628ec87838f7","method":"POST","result":200,"reason":"OK","latencyMs":137.7}
{"timestamp":1791473596475,"service":"control","requestId":"673ed038-aa8f-4151-9beb-21d9eeb730d3","method":"POST","result":200,"reason":"OK","latencyMs":156.4}
{"timestamp":1791473597925,"service":"control","requestId":"b605554b-fa44-4e98-84d5-25f56b1c57e9","method":"POST","result":200,"reason":"OK","latencyMs":124.02}
{"timestamp":1791473599236,"service":"control","requestId":"a4f54fcc-8ced-4469-9398-471f0229c9d6","method":"POST","result":200,"reason":"OK","latencyMs":127.27}
{"timestamp":1791473600881,"service":"control","requestId":"88166f19-70b2-42b3-bd88-01c4f32a6545","method":"POST","result":200,"reason":"OK","latencyMs":160.04}
{"timestamp":1791473601475,"service":"control","requestId":"013e5601-9982-4e2c-8799-e32dbd17b41c","method":"GET","result":200,"reason":"OK","latencyMs":132.61}
{"timestamp":1791473601628,"service":"control","requestId":"81c9cb8c-0c26-4e7f-a39e-fb1f2dc734ba","method":"POST","result":200,"reason":"OK","latencyMs":162.32}
{"timestamp":1791473601776,"service":"control","requestId":"72e908d9-57d3-4149-89d7-85e6fa521338","method":"POST","result":200,"reason":"OK","latencyMs":156.68}
{"timestamp":1791473601958,"service":"control","requestId":"a688b867-1393-4ea8-bcd9-b0d4e9f1bf7c","method":"POST","result":200,"reason":"OK","latencyMs":131.69}
{"timestamp":1791473602092,"service":"control","requestId":"39986234-339c-41f5-b63f-2900534e3d98","method":"POST","result":200,"reason":"OK","latencyMs":144.06}
{"timestamp":1791473603277,"service":"control","requestId":"5a1bc960-1991-4a28-8afd-09167e0d2185","method":"POST","result":200,"reason":"OK","latencyMs":138.13}
{"timestamp":1791473604670,"service":"control","requestId":"bc8c54c9-078e-4c8f-9e44-4948349371e9","method":"POST","result":200,"reason":"OK","latencyMs":134.88}
{"timestamp":1791473606073,"service":"control","requestId":"2c39ab8a-8763-4688-83a2-344ccf63b1f5","method":"POST","result":200,"reason":"OK","latencyMs":145.37}
{"timestamp":1791473607553,"service":"control","requestId":"e4a12678-a9c5-4fe9-87a1-fa0e39c6fd34","method":"POST","result":200,"reason":"OK","latencyMs":199.81}
{"timestamp":1791473608117,"service":"control","requestId":"a535795f-ee76-490e-b63a-ed3014db5cb2","method":"GET","result":200,"reason":"OK","latencyMs":171.52}
{"timestamp":1791473608246,"service":"control","requestId":"20bc9fda-8dc7-4f9b-818b-05f91f707235","method":"POST","result":200,"reason":"OK","latencyMs":138.88}
{"timestamp":1791473608393,"service":"control","requestId":"07717eb8-37f8-4841-8566-f102efa61ba9","method":"POST","result":200,"reason":"OK","latencyMs":160.5}
{"timestamp":1791473608557,"service":"control","requestId":"0e4dbc9f-c1c0-4e21-9781-ac3edbd4b4d8","method":"POST","result":200,"reason":"OK","latencyMs":125.24}
{"timestamp":1791473608678,"service":"control","requestId":"5c1ac117-951e-4d27-8b87-819a5f232bc9","method":"POST","result":200,"reason":"OK","latencyMs":132.46}
{"timestamp":1791473609773,"service":"control","requestId":"6a1183ff-14a0-40d5-8eac-08ace682d539","method":"POST","result":200,"reason":"OK","latencyMs":130.88}
{"timestamp":1791473611215,"service":"control","requestId":"9701c710-a3f9-4650-b045-9d2448efa125","method":"POST","result":200,"reason":"OK","latencyMs":125.08}
{"timestamp":1791473612678,"service":"control","requestId":"56e496ce-5333-47e0-8a28-3b8d9be246d0","method":"POST","result":200,"reason":"OK","latencyMs":128.84}
{"timestamp":1791473614144,"service":"control","requestId":"132d7bda-aa99-4c50-b0b6-5e34c331637a","method":"POST","result":200,"reason":"OK","latencyMs":159.63}
{"timestamp":1791473614606,"service":"control","requestId":"2bc1e587-9d3f-4d6b-a005-775c69b2a707","method":"GET","result":200,"reason":"OK","latencyMs":134.82}
{"timestamp":1791473614734,"service":"control","requestId":"6525d6ad-cd18-4367-a3a4-2c13f45e1279","method":"POST","result":200,"reason":"OK","latencyMs":137.21}
{"timestamp":1791473614874,"service":"control","requestId":"53ed55b2-2605-4bd1-99f0-44432d1fce04","method":"POST","result":200,"reason":"OK","latencyMs":152.7}
{"timestamp":1791473615045,"service":"control","requestId":"bcfb2aa5-1663-4086-95d2-a1e1e0516571","method":"POST","result":200,"reason":"OK","latencyMs":130.35}
{"timestamp":1791473615175,"service":"control","requestId":"e4525bf0-5a41-4976-888b-d6b03f9c0a38","method":"POST","result":200,"reason":"OK","latencyMs":141.63}
{"timestamp":1791473615421,"service":"control","requestId":"a8cfcced-0d7d-477a-9ff0-11cbd4b14a97","method":"GET","result":200,"reason":"OK","latencyMs":123.99}
{"timestamp":1791473615670,"service":"control","requestId":"85f7c813-24ab-4685-bb12-e18a23121011","method":"GET","result":200,"reason":"OK","latencyMs":154.21}
{"timestamp":1791473615883,"service":"control","requestId":"7b698efd-7918-4a2d-b413-ae3489683f59","method":"GET","result":200,"reason":"OK","latencyMs":132.21}
{"timestamp":1791473616145,"service":"control","requestId":"6bfc8a7a-2071-4ae6-8592-f7055e1d1496","method":"POST","result":200,"reason":"OK","latencyMs":137.69}
{"timestamp":1791473616273,"service":"control","requestId":"133791bc-c1e6-4b23-b344-c5d06e15da29","method":"POST","result":200,"reason":"OK","latencyMs":137.81}
{"timestamp":1791473616412,"service":"control","requestId":"f0ac37e4-0ed1-47b5-b9ba-c2ddb9614eeb","method":"POST","result":200,"reason":"OK","latencyMs":124.99}
{"timestamp":1791473617577,"service":"control","requestId":"ce89e864-fedd-4118-8c6b-72287eb55da8","method":"POST","result":200,"reason":"OK","latencyMs":195.78}
{"timestamp":1791473617828,"service":"control","requestId":"dcbb9b2c-0c0d-4d8a-9e74-89354069a2cc","method":"GET","result":200,"reason":"OK","latencyMs":152.74}
{"timestamp":1791473617950,"service":"control","requestId":"80bc9bd4-0281-4e8f-beb6-6504f2c534eb","method":"POST","result":200,"reason":"OK","latencyMs":131.5}
{"timestamp":1791473618094,"service":"control","requestId":"5e9fafba-a9e9-4d69-ad34-570ccdcccfe0","method":"POST","result":200,"reason":"OK","latencyMs":152.22}
{"timestamp":1791473618310,"service":"control","requestId":"ce8fa249-c8f5-4a85-b233-ab25d50f50ba","method":"POST","result":200,"reason":"OK","latencyMs":152.17}
{"timestamp":1791473618437,"service":"control","requestId":"8aa357b2-7e72-4ca0-b162-fb5366793c57","method":"POST","result":200,"reason":"OK","latencyMs":137.64}
{"timestamp":1791473618704,"service":"control","requestId":"cada55c6-04c4-49d1-bfc8-9d1a94e9ca2c","method":"POST","result":200,"reason":"OK","latencyMs":146.98}
{"timestamp":1791473618853,"service":"control","requestId":"e6168351-1f82-40c3-a5a9-2158cd253f3e","method":"POST","result":200,"reason":"OK","latencyMs":158.54}
{"timestamp":1791473619034,"service":"control","requestId":"f725f12b-b276-4eb2-827d-680b1b179384","method":"POST","result":200,"reason":"OK","latencyMs":164.15}
{"timestamp":1791473620155,"service":"control","requestId":"b5b1b1d3-b556-4329-9605-c9b06c27346f","method":"POST","result":200,"reason":"OK","latencyMs":153.09}
{"timestamp":1791473620394,"service":"control","requestId":"0c45aa60-a6ca-402f-b3ad-bd4b8ffe72cc","method":"GET","result":200,"reason":"OK","latencyMs":159.51}
{"timestamp":1791473620528,"service":"control","requestId":"6d261ff3-5ad0-423e-9327-348dde4ee860","method":"POST","result":200,"reason":"OK","latencyMs":144.07}
{"timestamp":1791473620673,"service":"control","requestId":"df847821-7d95-43a0-b155-290c02fa4322","method":"POST","result":200,"reason":"OK","latencyMs":155.52}
{"timestamp":1791473620850,"service":"control","requestId":"3d506384-4917-47f0-a44b-c386b57c489b","method":"POST","result":200,"reason":"OK","latencyMs":142.61}
{"timestamp":1791473620980,"service":"control","requestId":"578855e2-417a-442c-a25d-3a6c791a1615","method":"POST","result":200,"reason":"OK","latencyMs":142.15}
{"timestamp":1791473621238,"service":"control","requestId":"7446c49e-a6b0-48f1-b060-bb74ae1d4606","method":"POST","result":200,"reason":"OK","latencyMs":141}
{"timestamp":1791473621406,"service":"control","requestId":"41f2ae9a-87fa-4e74-997e-bc7ba9b0fd2c","method":"POST","result":200,"reason":"OK","latencyMs":166.51}
{"timestamp":1791473621570,"service":"control","requestId":"7e03ce07-1aa3-465e-87a9-feff4dd34a66","method":"POST","result":200,"reason":"OK","latencyMs":143.93}
{"timestamp":1791473622694,"service":"control","requestId":"20ce0305-d0b0-4c6b-9a02-888711154fbf","method":"POST","result":200,"reason":"OK","latencyMs":154.92}
{"timestamp":1791473622989,"service":"control","requestId":"4170d215-8de8-4df4-8a07-21bbf318d9ae","method":"GET","result":200,"reason":"OK","latencyMs":156.97}
{"timestamp":1791473623123,"service":"control","requestId":"1df27ba1-9f28-4b95-84f1-27622e046915","method":"POST","result":200,"reason":"OK","latencyMs":141.51}
{"timestamp":1791473623263,"service":"control","requestId":"98aaa29f-2a03-4959-a257-fdef1711a5b9","method":"POST","result":200,"reason":"OK","latencyMs":157.54}
{"timestamp":1791473623501,"service":"control","requestId":"b534597c-fdf9-463e-aa46-0dfdf5dc80a8","method":"POST","result":200,"reason":"OK","latencyMs":190.49}
{"timestamp":1791473623655,"service":"control","requestId":"edb09c5d-66ca-4a69-a669-8479cb49d542","method":"POST","result":200,"reason":"OK","latencyMs":170.56}
{"timestamp":1791473623939,"service":"control","requestId":"fcc823ba-8a75-4a1f-8021-b804e0158e7a","method":"POST","result":200,"reason":"OK","latencyMs":159.81}
{"timestamp":1791473624081,"service":"control","requestId":"9593609d-f14b-4e33-93af-26f2ebb73d53","method":"POST","result":200,"reason":"OK","latencyMs":154.68}
{"timestamp":1791473624242,"service":"control","requestId":"98386894-c99d-43e9-9cc0-b160565278a5","method":"POST","result":200,"reason":"OK","latencyMs":144.01}
{"timestamp":1791473625358,"service":"control","requestId":"b676ba69-d9c6-49ba-ad6f-16b635f389bc","method":"POST","result":200,"reason":"OK","latencyMs":149.39}
{"timestamp":1791473625602,"service":"control","requestId":"5d2d9f05-b2fd-4c1f-9fda-47499f72a5f7","method":"GET","result":200,"reason":"OK","latencyMs":154.46}
{"timestamp":1791473625734,"service":"control","requestId":"ae80e3ee-2155-4f26-adf6-cb06d62e7a44","method":"POST","result":200,"reason":"OK","latencyMs":139.46}
{"timestamp":1791473625911,"service":"control","requestId":"dfc8d946-5341-4e95-8c64-402a606b70d0","method":"POST","result":200,"reason":"OK","latencyMs":186.8}
{"timestamp":1791473626079,"service":"control","requestId":"525b083b-916c-41e0-9c84-24747991aa7c","method":"POST","result":200,"reason":"OK","latencyMs":131.25}
{"timestamp":1791473626203,"service":"control","requestId":"1b5cb25d-c2bb-4ed8-a841-1502789ca7d7","method":"POST","result":200,"reason":"OK","latencyMs":133.48}
{"timestamp":1791473626465,"service":"control","requestId":"1560484a-87dd-4583-94ba-1f5194d1423e","method":"POST","result":200,"reason":"OK","latencyMs":146.17}
{"timestamp":1791473626598,"service":"control","requestId":"9075119b-3148-487c-aa4b-505864ee26d8","method":"POST","result":200,"reason":"OK","latencyMs":143.37}
{"timestamp":1791473626750,"service":"control","requestId":"8605f6e0-a29b-4aa2-b449-15201d7e985e","method":"POST","result":200,"reason":"OK","latencyMs":133.76}
{"timestamp":1791473627877,"service":"control","requestId":"e6886b8a-f991-49f4-a487-30c490baf86e","method":"POST","result":200,"reason":"OK","latencyMs":156.7}
{"timestamp":1791473628121,"service":"control","requestId":"06a4f539-9146-4e31-b5d0-0ada76c7ecfe","method":"GET","result":200,"reason":"OK","latencyMs":142.59}
{"timestamp":1791473628255,"service":"control","requestId":"b79892d7-35bf-44b1-9adc-68f6cca03b0e","method":"POST","result":200,"reason":"OK","latencyMs":144.02}
{"timestamp":1791473628394,"service":"control","requestId":"d5ee1dfa-200f-480e-9b55-1da4febbb5d5","method":"POST","result":200,"reason":"OK","latencyMs":148.04}
{"timestamp":1791473628572,"service":"control","requestId":"b396fe12-687f-4989-a543-6f7129b1b5fd","method":"POST","result":200,"reason":"OK","latencyMs":140.42}
{"timestamp":1791473628707,"service":"control","requestId":"f100f12e-3c66-45eb-bef7-7411514d6b7f","method":"POST","result":200,"reason":"OK","latencyMs":144.84}
{"timestamp":1791473629573,"service":"control","requestId":"6469924a-184c-4b79-89d1-552142e38ee9","method":"GET","result":200,"reason":"OK","latencyMs":131.58}
{"timestamp":1791473630495,"service":"control","requestId":"276f4f1e-3fa7-4ef7-9215-127d479f65cd","method":"GET","result":200,"reason":"OK","latencyMs":134.44}
{"timestamp":1791473631549,"service":"control","requestId":"43fe54aa-84e2-45bd-b533-a2871fd50b01","method":"GET","result":200,"reason":"OK","latencyMs":134.64}
{"timestamp":1791473632627,"service":"control","requestId":"6dea590b-af69-4f8b-918d-98d5d5334d02","method":"POST","result":200,"reason":"OK","latencyMs":143.54}
{"timestamp":1791473633579,"service":"control","requestId":"b7d2e25e-08bf-43f5-924c-3f405a57912d","method":"POST","result":200,"reason":"OK","latencyMs":152.12}
{"timestamp":1791473634531,"service":"control","requestId":"90affac7-cbfe-49bc-8367-3103e975e88e","method":"POST","result":200,"reason":"OK","latencyMs":162.95}
{"timestamp":1791473635990,"service":"control","requestId":"ced52977-51db-4af8-8efe-6c7983ab32c6","method":"POST","result":200,"reason":"OK","latencyMs":157.94}
{"timestamp":1791473636411,"service":"control","requestId":"559ce72b-7244-4d4f-bb76-ba685a187f32","method":"GET","result":200,"reason":"OK","latencyMs":157.68}
{"timestamp":1791473636548,"service":"control","requestId":"e384c96c-5d4c-445d-8d99-497ba8e37e3d","method":"POST","result":200,"reason":"OK","latencyMs":147.09}
{"timestamp":1791473636694,"service":"control","requestId":"20e7a2ec-0a81-4f55-a13d-463f722cbd46","method":"POST","result":200,"reason":"OK","latencyMs":157.28}
{"timestamp":1791473636876,"service":"control","requestId":"2cc55593-29dc-4ed0-9953-f67201c9ffbd","method":"POST","result":200,"reason":"OK","latencyMs":134.72}
{"timestamp":1791473637014,"service":"control","requestId":"21acd4f5-6069-43b4-8403-4650969380fd","method":"POST","result":200,"reason":"OK","latencyMs":148.23}
{"timestamp":1791473637858,"service":"control","requestId":"283640b7-cb15-42bd-89c0-6e4e7a71dbfa","method":"POST","result":200,"reason":"OK","latencyMs":131.88}
{"timestamp":1791473638867,"service":"control","requestId":"d7c27e6c-7f16-4dc7-95ac-7cb33a22811d","method":"POST","result":200,"reason":"OK","latencyMs":136.95}
{"timestamp":1791473639764,"service":"control","requestId":"561fc351-e1ff-4e6d-b7da-ac24fbf275bc","method":"POST","result":200,"reason":"OK","latencyMs":137.85}
{"timestamp":1791473641286,"service":"control","requestId":"ce1cba56-9112-4f0b-bd38-5a99f37e97f1","method":"POST","result":200,"reason":"OK","latencyMs":169.12}
{"timestamp":1791473641712,"service":"control","requestId":"a0aedfda-5210-4c50-95f8-28116254d7dd","method":"GET","result":200,"reason":"OK","latencyMs":141.16}
{"timestamp":1791473641852,"service":"control","requestId":"7f0e6374-1c44-4830-acbd-dc56686ff430","method":"POST","result":200,"reason":"OK","latencyMs":151.58}
{"timestamp":1791473642024,"service":"control","requestId":"e39532d0-0e4f-4f73-a2bf-376a1f252ebe","method":"POST","result":200,"reason":"OK","latencyMs":182.14}
{"timestamp":1791473642214,"service":"control","requestId":"6e8695e0-193d-4b26-b769-d42b15434348","method":"POST","result":200,"reason":"OK","latencyMs":162.1}
{"timestamp":1791473642357,"service":"control","requestId":"a1455267-f817-47fe-9353-89f16ec53dba","method":"POST","result":200,"reason":"OK","latencyMs":152.86}
{"timestamp":1791473643193,"service":"control","requestId":"b79ade33-d8a8-4c2e-b6d6-376c88854c6b","method":"POST","result":200,"reason":"OK","latencyMs":146.21}
{"timestamp":1791473644166,"service":"control","requestId":"d6e2a93e-1b91-404d-bb4b-4f4d83681a40","method":"POST","result":200,"reason":"OK","latencyMs":145.4}
{"timestamp":1791473645124,"service":"control","requestId":"dba7a1c5-784b-49e7-a992-6b0e20ae64f2","method":"POST","result":200,"reason":"OK","latencyMs":176.94}
{"timestamp":1791473646638,"service":"control","requestId":"b3b74ca1-45ab-4fb4-a615-befd7b01ff4b","method":"POST","result":200,"reason":"OK","latencyMs":162.11}
{"timestamp":1791473647064,"service":"control","requestId":"c6107b2d-7979-4e0b-b265-57e85e4423be","method":"GET","result":200,"reason":"OK","latencyMs":140.1}
{"timestamp":1791473647198,"service":"control","requestId":"5d92a4fb-1260-478b-b6d6-54870a3fb1dd","method":"POST","result":200,"reason":"OK","latencyMs":146.25}
{"timestamp":1791473647340,"service":"control","requestId":"cf1d655a-e874-4ac4-bc69-379dc1470d13","method":"POST","result":200,"reason":"OK","latencyMs":153.01}
{"timestamp":1791473647523,"service":"control","requestId":"ac43eced-50c2-40ee-bf6e-38f0043e43ed","method":"POST","result":200,"reason":"OK","latencyMs":142.65}
{"timestamp":1791473647659,"service":"control","requestId":"6d433cdf-3fb7-4cd1-baf4-8fae24bc9a99","method":"POST","result":200,"reason":"OK","latencyMs":147.3}
{"timestamp":1791473648573,"service":"control","requestId":"b5d808be-9a82-4555-b14e-abb39c290e6d","method":"POST","result":200,"reason":"OK","latencyMs":177.37}
{"timestamp":1791473649546,"service":"control","requestId":"18061974-5c38-4a04-9091-11a3de948cf9","method":"POST","result":200,"reason":"OK","latencyMs":151.74}
{"timestamp":1791473650466,"service":"control","requestId":"5cf066b5-446a-44b0-85d4-ec129f50f791","method":"POST","result":200,"reason":"OK","latencyMs":141.1}
{"timestamp":1791473651856,"service":"control","requestId":"ec7fc763-6d58-4f39-9d95-66fc18bc16c6","method":"POST","result":200,"reason":"OK","latencyMs":165.75}
{"timestamp":1791473652241,"service":"control","requestId":"3aaa8bc9-5663-47e5-883f-3cbc75fb4011","method":"GET","result":200,"reason":"OK","latencyMs":142.97}
{"timestamp":1791473652365,"service":"control","requestId":"536a4eed-a1e9-4d8a-8200-8d77393d77e9","method":"POST","result":200,"reason":"OK","latencyMs":136.12}
{"timestamp":1791473652508,"service":"control","requestId":"b02c1c8c-b86c-4559-b040-e21674a9ec0b","method":"POST","result":200,"reason":"OK","latencyMs":153.34}
{"timestamp":1791473652683,"service":"control","requestId":"60800520-56a3-4f30-a34f-6208d3052685","method":"POST","result":200,"reason":"OK","latencyMs":146.55}
{"timestamp":1791473652823,"service":"control","requestId":"627c3b02-477b-4a2a-a3b6-8008ec9b8150","method":"POST","result":200,"reason":"OK","latencyMs":151.06}
{"timestamp":1791473653682,"service":"control","requestId":"570d8a3f-3039-4847-b9fd-3e1c26eff15a","method":"POST","result":200,"reason":"OK","latencyMs":147.28}
{"timestamp":1791473654578,"service":"control","requestId":"470acfb9-79d1-4abd-97e4-55fae6383334","method":"POST","result":200,"reason":"OK","latencyMs":143.4}
{"timestamp":1791473655505,"service":"control","requestId":"5a1f4469-dd5d-483b-a832-db7561140d70","method":"POST","result":200,"reason":"OK","latencyMs":142.9}
{"timestamp":1791473657005,"service":"control","requestId":"b6ea6a48-b0eb-42e1-a008-9676fc13a370","method":"POST","result":200,"reason":"OK","latencyMs":163.95}
{"timestamp":1791473657454,"service":"control","requestId":"00eb1825-eea4-451e-8797-16dbfcf89240","method":"GET","result":200,"reason":"OK","latencyMs":152.79}
{"timestamp":1791473657599,"service":"control","requestId":"c08bad66-79d9-4488-ad69-35d7bc371f0c","method":"POST","result":200,"reason":"OK","latencyMs":154.64}
{"timestamp":1791473657751,"service":"control","requestId":"024e1ce0-82c8-4f06-aff8-a1e8b9be3bd3","method":"POST","result":200,"reason":"OK","latencyMs":165.72}
{"timestamp":1791473657940,"service":"control","requestId":"bc21b3b0-a357-49f1-9668-8b286f469ce3","method":"POST","result":200,"reason":"OK","latencyMs":155.3}
{"timestamp":1791473658083,"service":"control","requestId":"61735202-11de-419e-b28f-5d79105627f2","method":"POST","result":200,"reason":"OK","latencyMs":154.55}
{"timestamp":1791473658346,"service":"control","requestId":"ea73bfdb-665d-41bd-a452-c51905d04cb8","method":"POST","result":200,"reason":"OK","latencyMs":146.28}
{"timestamp":1791473658488,"service":"control","requestId":"6a4bca81-18f1-4b3f-a37f-f34d186385a6","method":"POST","result":200,"reason":"OK","latencyMs":138.84}
{"timestamp":1791473678779,"service":"control","requestId":"28014b0f-68ae-469a-bd0d-6f81365ce564","method":"GET","result":200,"reason":"OK","latencyMs":170.11}
{"timestamp":1791473679026,"service":"control","requestId":"9e6fc272-f210-44b5-a6c9-9dc93a3fdeaf","method":"POST","result":200,"reason":"OK","latencyMs":155.48}
{"timestamp":1791473679187,"service":"control","requestId":"8c87cc7b-5460-4b71-8700-71309654ef15","method":"POST","result":200,"reason":"OK","latencyMs":172.13}
{"timestamp":1791473679452,"service":"control","requestId":"b464bd0b-7ae1-42c9-aee0-b0b1e38de6bd","method":"GET","result":200,"reason":"OK","latencyMs":182}
{"timestamp":1791473679625,"service":"control","requestId":"23ef38ef-d228-4018-8907-33be40ffe350","method":"POST","result":200,"reason":"OK","latencyMs":184.18}
{"timestamp":1791473679783,"service":"control","requestId":"335780cc-ff0b-4b11-a294-ee5019c0185d","method":"POST","result":200,"reason":"OK","latencyMs":173}
{"timestamp":1791473680000,"service":"control","requestId":"caabac36-6bc4-4c21-8fc8-fafc804a8071","method":"POST","result":200,"reason":"OK","latencyMs":175.31}
{"timestamp":1791473680172,"service":"control","requestId":"c1bc5004-d0a4-4d30-8543-d2bcc6d5d5fb","method":"POST","result":200,"reason":"OK","latencyMs":187.73}
{"timestamp":1791473701290,"service":"control","requestId":"f83bda8d-79e1-4991-9993-08d9af32af92","method":"POST","result":200,"reason":"OK","latencyMs":196.65}
{"timestamp":1791473701440,"service":"control","requestId":"ac57e8d0-0e2b-426b-be23-d9f053db91c1","method":"POST","result":200,"reason":"OK","latencyMs":164.42}
{"timestamp":1791473701586,"service":"control","requestId":"fd967c36-4859-4f22-897a-32dd681a10c5","method":"POST","result":200,"reason":"OK","latencyMs":168.39}
{"timestamp":1791473701936,"service":"control","requestId":"312e7dba-abfa-4eb3-84ce-bddd0518bfd0","method":"POST","result":200,"reason":"OK","latencyMs":148.77}
{"timestamp":1791473702082,"service":"control","requestId":"4f0fc24e-a495-46e3-b44a-f2f079c4c89e","method":"POST","result":200,"reason":"OK","latencyMs":161.36}
{"timestamp":1791473702219,"service":"control","requestId":"4d7cdfc7-79a5-42a5-9516-2fb364178240","method":"POST","result":200,"reason":"OK","latencyMs":147.46}
{"timestamp":1791473702374,"service":"control","requestId":"b82a0aba-6ad8-4e0a-ba53-69dd87fef667","method":"POST","result":200,"reason":"OK","latencyMs":166.54}
{"timestamp":1791473702624,"service":"control","requestId":"af00b9c0-5bd3-4d40-982a-eed4465b76d5","method":"GET","result":200,"reason":"OK","latencyMs":159.05}
{"timestamp":1791473702765,"service":"control","requestId":"0c0c5480-4677-463b-bb0c-3aa9f9f73b66","method":"GET","result":200,"reason":"OK","latencyMs":153.85}
{"timestamp":1791473702902,"service":"control","requestId":"cb92ddce-488b-4665-9ef7-ac957496a58d","method":"POST","result":200,"reason":"OK","latencyMs":149.89}
{"timestamp":1791473703061,"service":"control","requestId":"2e319ff9-f1f0-49d6-b639-b9acdbad2ba0","method":"POST","result":200,"reason":"OK","latencyMs":168.8}
{"timestamp":1791473703196,"service":"control","requestId":"cb74cd1e-f7b3-4cca-8786-b895efff5f22","method":"POST","result":200,"reason":"OK","latencyMs":144.27}
{"timestamp":1791473703347,"service":"control","requestId":"cba2a59f-75cc-4aaa-8787-bcd9e1a272b1","method":"POST","result":200,"reason":"OK","latencyMs":160.68}
{"timestamp":1791473703597,"service":"control","requestId":"7e592d7e-9fc1-4063-aba0-0e40bfa2be71","method":"GET","result":200,"reason":"OK","latencyMs":152.65}
{"timestamp":1791473703964,"service":"control","requestId":"461da3d0-6596-4d97-a020-9dd16d44b432","method":"GET","result":200,"reason":"OK","latencyMs":193.06}
{"timestamp":1791473731291,"service":"control","requestId":"fa537f67-7172-48c0-a962-a5d9f209a47d","method":"POST","result":200,"reason":"OK","latencyMs":197.08}
{"timestamp":1791473731456,"service":"control","requestId":"639104c4-26a3-4420-a3dc-a034d150b247","method":"POST","result":200,"reason":"OK","latencyMs":182.87}
{"timestamp":1791473731606,"service":"control","requestId":"027d3641-a9b3-471b-9280-ede628c7e650","method":"POST","result":200,"reason":"OK","latencyMs":167.93}
{"timestamp":1791473732061,"service":"control","requestId":"26334039-5e5e-4bf7-aced-b43676550ad6","method":"POST","result":200,"reason":"OK","latencyMs":211.79}
{"timestamp":1791473732229,"service":"control","requestId":"8d4839e7-5131-461e-8649-dc2b4608acdb","method":"POST","result":200,"reason":"OK","latencyMs":182.37}
{"timestamp":1791473732368,"service":"control","requestId":"6168354f-7f14-467f-9af0-389238caaa41","method":"POST","result":200,"reason":"OK","latencyMs":151.48}
{"timestamp":1791473732514,"service":"control","requestId":"d7c25f68-5774-418c-825f-44a14b389d76","method":"POST","result":200,"reason":"OK","latencyMs":161.41}
{"timestamp":1791473732785,"service":"control","requestId":"ca450bf9-65e9-4efe-bf90-9612107945a5","method":"GET","result":200,"reason":"OK","latencyMs":171.29}
{"timestamp":1791473732972,"service":"control","requestId":"827314f2-8605-45f3-b9ab-09ff9b9f24ab","method":"GET","result":200,"reason":"OK","latencyMs":198.53}
{"timestamp":1791473733113,"service":"control","requestId":"bab304b5-ae3f-435a-bdca-c90c07cf5ebc","method":"POST","result":200,"reason":"OK","latencyMs":152.09}
{"timestamp":1791473733296,"service":"control","requestId":"18fb5d71-57f2-4165-8ff3-9726faedb406","method":"POST","result":200,"reason":"OK","latencyMs":198.02}
{"timestamp":1791473733458,"service":"control","requestId":"d558041c-4c20-4ce5-b4ab-07285a0c3051","method":"POST","result":200,"reason":"OK","latencyMs":160.59}
{"timestamp":1791473733617,"service":"control","requestId":"a8108d7c-b73a-4417-ac52-9d3b784c2f04","method":"POST","result":200,"reason":"OK","latencyMs":170.32}
{"timestamp":1791473733858,"service":"control","requestId":"67177b3f-a96f-4061-98f3-14339ec4f5af","method":"GET","result":200,"reason":"OK","latencyMs":160.68}
{"timestamp":1791473734106,"service":"control","requestId":"31322568-7b82-4428-b3f3-acf1e7e30858","method":"GET","result":403,"reason":"FORBIDDEN","latencyMs":167.41}
{"timestamp":1791473734353,"service":"control","requestId":"895e9a65-a12f-4d6f-b6e8-307039f6f37d","method":"GET","result":200,"reason":"OK","latencyMs":161.84}
{"timestamp":1791473735078,"service":"control","requestId":"c104666d-3202-4dd3-ab4d-b7dcbbd283e4","method":"GET","result":200,"reason":"OK","latencyMs":160.94}
{"timestamp":1791473735379,"service":"control","requestId":"206a7181-ba52-4eee-987b-a3c836446600","method":"POST","result":200,"reason":"OK","latencyMs":165.39}
{"timestamp":1791473735534,"service":"control","requestId":"997a92b1-ae62-4fae-a300-813187b5d5eb","method":"POST","result":200,"reason":"OK","latencyMs":167.24}
{"timestamp":1791473735689,"service":"control","requestId":"c276e8fb-181e-4acb-8099-921e38083755","method":"POST","result":200,"reason":"OK","latencyMs":164.43}
{"timestamp":1791473735850,"service":"control","requestId":"c12aab6b-ff72-4488-95eb-7af7ee443f51","method":"POST","result":503,"reason":"RELAY_UNAVAILABLE","latencyMs":173.41}
{"timestamp":1791473736142,"service":"control","requestId":"29a8fcca-b9c1-4ab6-83fa-922d43f0cb9d","method":"GET","result":200,"reason":"OK","latencyMs":186.16}
{"timestamp":1791473736605,"service":"control","requestId":"c1235e6f-3855-483d-a9ca-64a34bab10c1","method":"POST","result":200,"reason":"OK","latencyMs":161.86}
{"timestamp":1791473736766,"service":"control","requestId":"7af7cdea-6986-4f5c-90ca-51302f4c2afb","method":"POST","result":200,"reason":"OK","latencyMs":160.31}
{"timestamp":1791473736912,"service":"control","requestId":"4de0ffd7-4d7a-45c1-848e-9f15ac0ed923","method":"POST","result":200,"reason":"OK","latencyMs":154.93}
{"timestamp":1791473737069,"service":"control","requestId":"8e069332-b1b4-476d-bf7a-d94560d99f95","method":"POST","result":200,"reason":"OK","latencyMs":165.98}
{"timestamp":1791473737322,"service":"control","requestId":"c694094a-b930-49dd-84ff-b1abc92b8600","method":"GET","result":200,"reason":"OK","latencyMs":159.56}
{"service":"control","event":"listening","host":"127.0.0.1","port":8441}
{"timestamp":1791473737844,"service":"control","requestId":"1d568bd9-24dd-4211-b601-5133abdc1abb","method":"GET","result":200,"reason":"OK","latencyMs":55.39}
{"timestamp":1791473738066,"service":"control","requestId":"b5e7c489-2a73-4572-beee-ddf1037e9655","method":"POST","result":200,"reason":"OK","latencyMs":156.88}
{"service":"control","event":"listening","host":"127.0.0.1","port":8441}
{"timestamp":1791473738420,"service":"control","requestId":"e4908c03-483d-4595-96af-8ca12f696460","method":"GET","result":200,"reason":"OK","latencyMs":47.15}
{"timestamp":1791473738588,"service":"control","requestId":"a5647e83-7d33-44e8-a087-1fe6838168f1","method":"POST","result":503,"reason":"RECOVERY_QUARANTINED","latencyMs":93.03}
{"service":"control","event":"listening","host":"127.0.0.1","port":8441}
{"timestamp":1791473738976,"service":"control","requestId":"9e5335cc-5957-427f-867f-8408e1f0d04f","method":"GET","result":200,"reason":"OK","latencyMs":47.08}
{"timestamp":1791473739213,"service":"control","requestId":"2870d9d8-88fe-467c-ad85-3427e1c600b5","method":"POST","result":200,"reason":"OK","latencyMs":162.45}
{"timestamp":1791473739375,"service":"control","requestId":"96439bba-ce4c-4de1-a1f6-84c83f07286e","method":"POST","result":200,"reason":"OK","latencyMs":176.17}
{"timestamp":1791473739515,"service":"control","requestId":"6cc2db25-64d9-4824-b542-b30d3968466f","method":"POST","result":200,"reason":"OK","latencyMs":153.13}
{"timestamp":1791473739678,"service":"control","requestId":"b7b2de58-22ea-4b53-accb-0c3ef3070622","method":"POST","result":200,"reason":"OK","latencyMs":174.8}
{"timestamp":1791473739931,"service":"control","requestId":"cbf7dcfa-60e9-4b70-a368-12912923624f","method":"GET","result":401,"reason":"USER_REVOKED","latencyMs":167.99}
{"timestamp":1791473743591,"service":"control","requestId":"f4a7c38c-df57-48a8-a608-148b3c7f2e86","method":"POST","result":200,"reason":"OK","latencyMs":191.87}
{"timestamp":1791473743748,"service":"control","requestId":"f3f2e26e-4f4b-4865-9c78-cefec81b4642","method":"POST","result":200,"reason":"OK","latencyMs":336.18}
{"timestamp":1791473743886,"service":"control","requestId":"971d07da-ad50-40ae-8d68-914f9a68a5e0","method":"POST","result":200,"reason":"OK","latencyMs":471.79}
{"timestamp":1791473744016,"service":"control","requestId":"08b891c9-3e45-4f92-9584-9d7faf05c427","method":"POST","result":200,"reason":"OK","latencyMs":600.67}
{"timestamp":1791473744185,"service":"control","requestId":"afedaf3a-f895-4e1f-8b48-f6c43a5eedd7","method":"POST","result":200,"reason":"OK","latencyMs":765.92}
{"timestamp":1791473744329,"service":"control","requestId":"114c2b42-115c-4790-ba02-5cef20b79a1f","method":"POST","result":200,"reason":"OK","latencyMs":909.14}
{"timestamp":1791473744471,"service":"control","requestId":"5426e632-15ce-4b6b-9a96-c699aa6bda46","method":"POST","result":200,"reason":"OK","latencyMs":1049.18}
{"timestamp":1791473744618,"service":"control","requestId":"494b145d-f2e2-492f-9391-0398b5895979","method":"POST","result":200,"reason":"OK","latencyMs":1194.53}
{"timestamp":1791473744757,"service":"control","requestId":"a1d13e38-2e02-4753-b647-1af05a273b36","method":"POST","result":200,"reason":"OK","latencyMs":1164.57}
{"timestamp":1791473744893,"service":"control","requestId":"b0c6c59e-4090-4812-b54e-6864321b75b4","method":"POST","result":200,"reason":"OK","latencyMs":1158.93}
{"timestamp":1791473745056,"service":"control","requestId":"ae6509b0-347f-4d9c-8a60-a0067e3e3587","method":"POST","result":200,"reason":"OK","latencyMs":1183.63}
{"timestamp":1791473745211,"service":"control","requestId":"55e1ea61-9de2-4451-b1e0-28ea11c99064","method":"POST","result":200,"reason":"OK","latencyMs":1207.03}
{"timestamp":1791473745352,"service":"control","requestId":"fb21e8a1-8b9f-4a79-9947-0ef060a3ece6","method":"POST","result":200,"reason":"OK","latencyMs":1176.22}
{"timestamp":1791473745511,"service":"control","requestId":"b3d12897-6a99-40bf-bb5c-25fffdecacb7","method":"POST","result":200,"reason":"OK","latencyMs":1189.92}
{"timestamp":1791473745670,"service":"control","requestId":"73cbcf81-66e2-4dc6-b273-8762ddde4273","method":"POST","result":200,"reason":"OK","latencyMs":1209.28}
{"timestamp":1791473745826,"service":"control","requestId":"14c7547a-0fab-4286-adbb-2cb951703293","method":"POST","result":200,"reason":"OK","latencyMs":1217.66}
{"timestamp":1791473745966,"service":"control","requestId":"555abdc9-7985-481c-a387-c12cba532bf6","method":"POST","result":200,"reason":"OK","latencyMs":1207.82}
{"timestamp":1791473746121,"service":"control","requestId":"03895298-c45c-4490-9442-8c27c8e162fa","method":"POST","result":200,"reason":"OK","latencyMs":1225.09}
{"timestamp":1791473746266,"service":"control","requestId":"e2dc6f7c-9bd5-4b0e-902e-aebe597cfa34","method":"POST","result":200,"reason":"OK","latencyMs":1219.5}
{"timestamp":1791473746396,"service":"control","requestId":"20d26c3e-8dd9-4855-921f-0441e8969512","method":"POST","result":200,"reason":"OK","latencyMs":1202.41}
{"timestamp":1791473746523,"service":"control","requestId":"2e24fe61-8429-40ec-9ad6-516e4976ce5c","method":"POST","result":200,"reason":"OK","latencyMs":1183.15}
{"timestamp":1791473746664,"service":"control","requestId":"4ef0b500-95a8-49c3-ab0a-0ae0666bda58","method":"POST","result":200,"reason":"OK","latencyMs":1161.15}
{"timestamp":1791473746804,"service":"control","requestId":"901daa63-3ced-4fbc-ab66-603a50b85ecf","method":"POST","result":200,"reason":"OK","latencyMs":1143.22}
{"timestamp":1791473746942,"service":"control","requestId":"d85873ff-0276-4ba5-9cca-7c5de85534ed","method":"POST","result":200,"reason":"OK","latencyMs":1124.42}
{"timestamp":1791473747105,"service":"control","requestId":"ae80118c-fd59-4d30-8324-db0682522640","method":"POST","result":200,"reason":"OK","latencyMs":1148.76}
{"timestamp":1791473747267,"service":"control","requestId":"f980d3d1-0550-4fbb-80a3-f0752ace0734","method":"POST","result":200,"reason":"OK","latencyMs":1156.1}
{"timestamp":1791473747426,"service":"control","requestId":"171c65a3-dc07-4937-abf7-c24a0ab773db","method":"POST","result":200,"reason":"OK","latencyMs":1176.95}
{"timestamp":1791473747589,"service":"control","requestId":"2b050092-dee6-4e08-8cb3-b0f1fe406505","method":"POST","result":200,"reason":"OK","latencyMs":1203.1}
{"timestamp":1791473747736,"service":"control","requestId":"32e0e64f-b10c-42bf-bfe7-274375cf5edc","method":"POST","result":200,"reason":"OK","latencyMs":1221.77}
{"timestamp":1791473747922,"service":"control","requestId":"bc46c656-6b51-43ff-9844-46d64b967be6","method":"POST","result":200,"reason":"OK","latencyMs":1268.5}
{"timestamp":1791473748081,"service":"control","requestId":"bdfaa26d-fe88-4d6b-8b51-959cc7670f21","method":"POST","result":200,"reason":"OK","latencyMs":1290.38}
{"timestamp":1791473748253,"service":"control","requestId":"d49086d7-1fae-4249-826c-f6780c6b1bf8","method":"POST","result":200,"reason":"OK","latencyMs":1322.11}
{"timestamp":1791473748405,"service":"control","requestId":"85310046-6d7b-4eeb-9330-7ba5f70af25e","method":"POST","result":200,"reason":"OK","latencyMs":1308.38}
{"timestamp":1791473748544,"service":"control","requestId":"48f329c4-8820-4a4c-9557-68674a255178","method":"POST","result":200,"reason":"OK","latencyMs":1286.21}
{"timestamp":1791473748700,"service":"control","requestId":"4618318f-84f8-4183-87f6-0888a2d0c6cf","method":"POST","result":200,"reason":"OK","latencyMs":1281.32}
{"timestamp":1791473748842,"service":"control","requestId":"ba2059bb-4a84-43f6-907c-7abb7b024de4","method":"POST","result":200,"reason":"OK","latencyMs":1261.89}
{"timestamp":1791473749002,"service":"control","requestId":"1bdd5294-267e-447c-a7ac-1e7ee4301982","method":"POST","result":200,"reason":"OK","latencyMs":1278.27}
{"timestamp":1791473749132,"service":"control","requestId":"57ed344f-4b60-413c-8b39-d1375e07a0a5","method":"POST","result":200,"reason":"OK","latencyMs":1213.08}
{"timestamp":1791473749274,"service":"control","requestId":"7c79f1d6-fa25-4a87-897a-8a1e0cb427ed","method":"POST","result":200,"reason":"OK","latencyMs":1204.92}
{"timestamp":1791473749425,"service":"control","requestId":"fb943392-d5cd-40a0-bd51-de8d6be1db03","method":"POST","result":200,"reason":"OK","latencyMs":1187.65}
{"timestamp":1791473749549,"service":"control","requestId":"b063fac1-8e98-480b-91d8-c34b661ef3c0","method":"POST","result":200,"reason":"OK","latencyMs":1154.52}
{"timestamp":1791473749707,"service":"control","requestId":"f91a31cf-4975-4298-8b33-f9a17f895f0f","method":"POST","result":200,"reason":"OK","latencyMs":1171.62}
{"timestamp":1791473749836,"service":"control","requestId":"5e68f778-6b0c-4d65-8cc4-4ec3b1f124e5","method":"POST","result":200,"reason":"OK","latencyMs":1147.04}
{"timestamp":1791473749974,"service":"control","requestId":"7e73279f-4fc9-44c4-a599-bd2dcde5a690","method":"POST","result":200,"reason":"OK","latencyMs":1141.18}
{"timestamp":1791473750124,"service":"control","requestId":"001ef219-2d16-49d3-b121-c20a72466c76","method":"POST","result":200,"reason":"OK","latencyMs":1132.76}
{"timestamp":1791473750302,"service":"control","requestId":"8e002096-3e26-4ea2-9122-35d787e1a2f7","method":"POST","result":200,"reason":"OK","latencyMs":1181.88}
{"timestamp":1791473750482,"service":"control","requestId":"3fc88801-e706-46c3-bbd3-32d2e87bf7b2","method":"POST","result":200,"reason":"OK","latencyMs":1218.66}
{"timestamp":1791473750709,"service":"control","requestId":"92825c95-23e0-4fd9-a281-cac6e9aa2e6d","method":"POST","result":200,"reason":"OK","latencyMs":1294.61}
{"timestamp":1791473750846,"service":"control","requestId":"32fd120c-cfb9-4220-a2ba-bea54343a216","method":"POST","result":200,"reason":"OK","latencyMs":1293.51}
{"timestamp":1791473750986,"service":"control","requestId":"e0c7561f-0912-4e67-8079-53ac3c44aa95","method":"POST","result":200,"reason":"OK","latencyMs":1289.98}
{"timestamp":1791473751124,"service":"control","requestId":"81162b4d-ef78-4e00-9779-cc2bfb2ff3fb","method":"POST","result":200,"reason":"OK","latencyMs":1292.03}
{"timestamp":1791473751260,"service":"control","requestId":"6d868fc5-894e-4706-92ad-b6606f528884","method":"POST","result":200,"reason":"OK","latencyMs":1295.19}
{"timestamp":1791473751417,"service":"control","requestId":"6cd83d75-fb11-4f01-8fa8-19d2065d7e54","method":"POST","result":200,"reason":"OK","latencyMs":1302.7}
{"timestamp":1791473751587,"service":"control","requestId":"985102f6-813b-4242-adc5-9145ef6ffc66","method":"POST","result":200,"reason":"OK","latencyMs":1291.74}
{"timestamp":1791473751729,"service":"control","requestId":"2f1c9972-6043-46f9-b93e-463dcba845ad","method":"POST","result":200,"reason":"OK","latencyMs":1270.06}
{"timestamp":1791473751857,"service":"control","requestId":"ee71dbc9-b907-4e62-9167-0f5c7b2e1b84","method":"POST","result":200,"reason":"OK","latencyMs":1159.81}
{"timestamp":1791473752007,"service":"control","requestId":"f3d67041-15e5-4a7d-85d2-9c2328460bd4","method":"POST","result":200,"reason":"OK","latencyMs":1169.3}
{"timestamp":1791473752196,"service":"control","requestId":"ef3367d2-01b5-4ac2-b6b5-ef3daaca90c5","method":"POST","result":200,"reason":"OK","latencyMs":1223.42}
{"timestamp":1791473752357,"service":"control","requestId":"562c8773-bb58-48be-bd87-e43f2f2b52b3","method":"POST","result":200,"reason":"OK","latencyMs":1242.72}
{"timestamp":1791473752518,"service":"control","requestId":"02f64131-a195-4e67-945f-b5150c94fc53","method":"POST","result":200,"reason":"OK","latencyMs":1267.6}
{"timestamp":1791473752677,"service":"control","requestId":"acdd7c71-c39c-41e0-a61b-cde72dfcf883","method":"POST","result":200,"reason":"OK","latencyMs":1265.59}
{"timestamp":1791473752835,"service":"control","requestId":"abdd5fb9-7348-4a70-a0a8-4498b1c3f74e","method":"POST","result":200,"reason":"OK","latencyMs":1256.89}
{"timestamp":1791473752995,"service":"control","requestId":"3c8ba93f-60c9-4100-839c-5e936ea10973","method":"POST","result":200,"reason":"OK","latencyMs":1276.8}
{"timestamp":1791473753169,"service":"control","requestId":"38761b53-0241-44e3-a6dd-d8a37c3ea09a","method":"POST","result":200,"reason":"OK","latencyMs":1323.85}
{"timestamp":1791473753334,"service":"control","requestId":"9aa5711b-d1c1-4710-b927-adf50811a080","method":"POST","result":200,"reason":"OK","latencyMs":1336.4}
{"timestamp":1791473753471,"service":"control","requestId":"063ebe20-fbf1-4118-9b96-2acb8a8363ec","method":"POST","result":200,"reason":"OK","latencyMs":1287.21}
{"timestamp":1791473753612,"service":"control","requestId":"0a0b6b0a-e364-483b-b316-a86906d80d4d","method":"POST","result":200,"reason":"OK","latencyMs":1265.2}
{"timestamp":1791473753760,"service":"control","requestId":"fa4691eb-2e77-4d6e-8f97-491f9c4608a3","method":"POST","result":200,"reason":"OK","latencyMs":1254.43}
{"timestamp":1791473753901,"service":"control","requestId":"4770ea26-8284-42c9-9091-c8845e17d2e1","method":"POST","result":200,"reason":"OK","latencyMs":1235.44}
{"timestamp":1791473754056,"service":"control","requestId":"0a4da09e-5c24-4ed7-85e9-9b255a84aa2a","method":"POST","result":200,"reason":"OK","latencyMs":1228.09}
{"timestamp":1791473754201,"service":"control","requestId":"82bd077a-e3e7-40ab-865b-ecb1acc0467f","method":"POST","result":200,"reason":"OK","latencyMs":1217.95}
{"timestamp":1791473754351,"service":"control","requestId":"ab1b8034-c23e-42f3-9edf-5a16c6c6307f","method":"POST","result":200,"reason":"OK","latencyMs":1192.91}
{"timestamp":1791473754526,"service":"control","requestId":"13936488-4f76-4921-8bb4-1f2c1af10c84","method":"POST","result":200,"reason":"OK","latencyMs":1205.05}
{"timestamp":1791473754662,"service":"control","requestId":"35442f73-ffb4-4b70-88f2-9529d008523f","method":"POST","result":200,"reason":"OK","latencyMs":1198.5}
{"timestamp":1791473754819,"service":"control","requestId":"23ea3c7b-1d4c-45eb-b8a8-b23e88878758","method":"POST","result":200,"reason":"OK","latencyMs":1214.95}
{"timestamp":1791473754964,"service":"control","requestId":"86789a5b-7954-48b2-a350-9a43d9943bfb","method":"POST","result":200,"reason":"OK","latencyMs":1215.98}
{"timestamp":1791473755133,"service":"control","requestId":"7abdaf12-e23c-42dd-be2a-0e574cba3ca0","method":"POST","result":200,"reason":"OK","latencyMs":1244.63}
{"timestamp":1791473755289,"service":"control","requestId":"96897af2-03b5-48b2-87c4-1614a0c63698","method":"POST","result":200,"reason":"OK","latencyMs":1243.23}
{"timestamp":1791473755482,"service":"control","requestId":"1a10d8e5-2957-4681-8906-a26b0f1d40f0","method":"POST","result":200,"reason":"OK","latencyMs":1290.81}
{"timestamp":1791473755682,"service":"control","requestId":"d459542c-b2ee-4874-988b-cd19aa9b907c","method":"POST","result":200,"reason":"OK","latencyMs":1340.69}
{"timestamp":1791473755867,"service":"control","requestId":"7f6391e7-21a4-4214-8d08-f7bf945e1b88","method":"POST","result":200,"reason":"OK","latencyMs":1350.31}
{"timestamp":1791473756031,"service":"control","requestId":"8b7204ca-5769-4dbc-a9da-2b5fd3b831b7","method":"POST","result":200,"reason":"OK","latencyMs":1372.35}
{"timestamp":1791473756254,"service":"control","requestId":"2eb7cd99-239d-457e-b11e-ad71e367ec79","method":"POST","result":200,"reason":"OK","latencyMs":1444.59}
{"timestamp":1791473756430,"service":"control","requestId":"dfbb9215-1d2a-45ad-8baf-38a4429e5a65","method":"POST","result":200,"reason":"OK","latencyMs":1467.97}
{"timestamp":1791473756584,"service":"control","requestId":"13a4876d-fc96-43dc-9eb6-71994b1a52e3","method":"POST","result":200,"reason":"OK","latencyMs":1461.78}
{"timestamp":1791473756752,"service":"control","requestId":"8a2c6fd6-cfae-47a2-a6c3-c3e1a194274b","method":"POST","result":200,"reason":"OK","latencyMs":1470.58}
{"timestamp":1791473756898,"service":"control","requestId":"e50a9537-74f0-4fcb-9df1-2980d93d4bb1","method":"POST","result":200,"reason":"OK","latencyMs":1428.66}
{"timestamp":1791473757048,"service":"control","requestId":"75209d04-e423-4b8c-8f0c-af57ed58de53","method":"POST","result":200,"reason":"OK","latencyMs":1368.31}
{"timestamp":1791473757211,"service":"control","requestId":"a66f949d-8b80-4f57-8b3a-06b61fc313ca","method":"POST","result":200,"reason":"OK","latencyMs":1353.24}
{"timestamp":1791473757362,"service":"control","requestId":"97ed40dc-308e-45c1-9631-e4e75a69def8","method":"POST","result":200,"reason":"OK","latencyMs":1343.92}
{"timestamp":1791473757517,"service":"control","requestId":"ece5dab2-7c7b-4b27-b28a-52a398af2a09","method":"POST","result":200,"reason":"OK","latencyMs":1261.67}
{"timestamp":1791473757661,"service":"control","requestId":"9ebc5bbf-5450-4fcc-9f8e-9b6f6fb35169","method":"POST","result":200,"reason":"OK","latencyMs":1269.07}
{"timestamp":1791473757818,"service":"control","requestId":"8c090ae6-40e0-43cb-b96d-3d3b58d00044","method":"POST","result":200,"reason":"OK","latencyMs":1242.87}
{"timestamp":1791473757959,"service":"control","requestId":"920fa56f-7209-42aa-8c8a-bda677604287","method":"POST","result":200,"reason":"OK","latencyMs":1216.97}
{"timestamp":1791473758136,"service":"control","requestId":"3a624932-09bc-4441-ac64-574f94128b6a","method":"POST","result":200,"reason":"OK","latencyMs":1248.9}
{"timestamp":1791473758280,"service":"control","requestId":"0865b06b-17d2-4006-9e33-eaaca397b7b8","method":"POST","result":200,"reason":"OK","latencyMs":1244.21}
{"timestamp":1791473758431,"service":"control","requestId":"7c54088a-d88f-4173-885a-8edb6b4cd3cb","method":"POST","result":200,"reason":"OK","latencyMs":1228.99}
{"timestamp":1791473758583,"service":"control","requestId":"0c701838-ea89-4801-91b2-311cb2a9cf12","method":"POST","result":200,"reason":"OK","latencyMs":1233.91}
{"timestamp":1791473758733,"service":"control","requestId":"d9ca7828-7906-46e0-96af-f2ebe90fa0f7","method":"POST","result":200,"reason":"OK","latencyMs":1224.74}
{"timestamp":1791473758892,"service":"control","requestId":"34dd1159-e878-49ef-a518-40f4f2aaeeff","method":"POST","result":200,"reason":"OK","latencyMs":1236.38}
{"timestamp":1791473759082,"service":"control","requestId":"2b2b8445-6519-470c-bb06-85dc15d01167","method":"POST","result":200,"reason":"OK","latencyMs":1271.5}
{"timestamp":1791473759232,"service":"control","requestId":"8147e2ec-0ee4-4c10-967e-e886b79b716f","method":"POST","result":200,"reason":"OK","latencyMs":1280.08}
{"timestamp":1791473759389,"service":"control","requestId":"b8381635-9c61-4c30-9749-27f3fbfe5fce","method":"POST","result":200,"reason":"OK","latencyMs":1270.78}
{"timestamp":1791473759545,"service":"control","requestId":"902f0267-ab36-4de7-8c90-a7084fa46b4b","method":"POST","result":200,"reason":"OK","latencyMs":1273.62}
{"timestamp":1791473759700,"service":"control","requestId":"27763a91-c947-426c-b661-d6ddad28d0eb","method":"POST","result":200,"reason":"OK","latencyMs":1278.55}
{"timestamp":1791473759869,"service":"control","requestId":"ffae228c-ede5-4622-aa1d-725b781f62f7","method":"POST","result":200,"reason":"OK","latencyMs":1296.52}
{"timestamp":1791473760032,"service":"control","requestId":"090b9bd4-5e57-4d87-b93c-c26eae99e20a","method":"POST","result":200,"reason":"OK","latencyMs":1307.67}
{"timestamp":1791473760183,"service":"control","requestId":"92632b52-5f22-4b11-aa12-7c13b69709bd","method":"POST","result":200,"reason":"OK","latencyMs":1303.92}
{"timestamp":1791473760342,"service":"control","requestId":"90f7a417-435c-4193-86ab-101c297610b7","method":"POST","result":200,"reason":"OK","latencyMs":1272.39}
{"timestamp":1791473760501,"service":"control","requestId":"d279bf3b-cef4-41b8-ab3c-e9df991b5c3b","method":"POST","result":200,"reason":"OK","latencyMs":1282.13}
{"timestamp":1791473760658,"service":"control","requestId":"6d5cb9b3-de13-4f51-a777-15180137e3ef","method":"POST","result":200,"reason":"OK","latencyMs":1278.52}
{"timestamp":1791473760794,"service":"control","requestId":"156b9d07-569c-4e6d-9cf7-51dbcb6c5779","method":"POST","result":200,"reason":"OK","latencyMs":1259.57}
{"timestamp":1791473760941,"service":"control","requestId":"6fbe80a7-694b-4d84-9bc7-29ebeb5ecc03","method":"POST","result":200,"reason":"OK","latencyMs":1249.98}
{"timestamp":1791473761105,"service":"control","requestId":"6b9ec613-c302-4604-8c3d-f1b04132ea30","method":"POST","result":200,"reason":"OK","latencyMs":1234.3}
{"timestamp":1791473761263,"service":"control","requestId":"93ad2840-b7dd-459c-bed1-aa65d6559c39","method":"POST","result":200,"reason":"OK","latencyMs":1241.57}
{"timestamp":1791473761400,"service":"control","requestId":"2aea9d10-0b7d-45de-b8f9-8b26553c30bb","method":"POST","result":200,"reason":"OK","latencyMs":1223.6}
{"timestamp":1791473761551,"service":"control","requestId":"10b819e3-e7f0-4299-8cb7-a8b15ceebf0d","method":"POST","result":200,"reason":"OK","latencyMs":1213.7}
{"timestamp":1791473761705,"service":"control","requestId":"109c548e-e944-4505-a3de-e5e24571cc73","method":"POST","result":200,"reason":"OK","latencyMs":1216.98}
{"timestamp":1791473761857,"service":"control","requestId":"647e5173-f84e-4683-bd9e-1b445d3e4f9d","method":"POST","result":200,"reason":"OK","latencyMs":1204.71}
{"timestamp":1791473762025,"service":"control","requestId":"e484ecca-81d0-4b74-b49e-315bd2c07007","method":"POST","result":200,"reason":"OK","latencyMs":1235.58}
{"timestamp":1791473762213,"service":"control","requestId":"5ecdca61-6c50-43a1-b03a-6cb0cca58465","method":"POST","result":200,"reason":"OK","latencyMs":1282}
{"timestamp":1791473762400,"service":"control","requestId":"b4be81e3-acec-468d-9e39-cdcb04f1de3b","method":"POST","result":200,"reason":"OK","latencyMs":1304.24}
{"timestamp":1791473762567,"service":"control","requestId":"64d763a0-1c4e-4ce1-8520-76b1b9fc858e","method":"POST","result":200,"reason":"OK","latencyMs":1316.59}
{"timestamp":1791473762726,"service":"control","requestId":"a1cc3253-4c75-46a8-900d-7027f1fe2e98","method":"POST","result":200,"reason":"OK","latencyMs":1337.27}
{"timestamp":1791473762902,"service":"control","requestId":"92429ea4-7c00-45e0-b5a1-cbc63dc37bb1","method":"POST","result":200,"reason":"OK","latencyMs":1361.33}
{"timestamp":1791473763069,"service":"control","requestId":"127015ce-42dc-45b2-93b1-a33fb180d9f1","method":"POST","result":200,"reason":"OK","latencyMs":1376.41}
{"timestamp":1791473763237,"service":"control","requestId":"24fa9bb4-b380-4f6f-9943-30dae37ce183","method":"POST","result":200,"reason":"OK","latencyMs":1388.32}
{"timestamp":1791473763424,"service":"control","requestId":"e2a87d44-f7e0-44b5-8028-729b23ace7cd","method":"POST","result":200,"reason":"OK","latencyMs":1412.88}
{"timestamp":1791473763582,"service":"control","requestId":"143cdc52-48b3-4115-92f6-4dd78312f034","method":"POST","result":200,"reason":"OK","latencyMs":1378.81}
{"timestamp":1791473763740,"service":"control","requestId":"a05b2c55-df6b-443b-8313-fb650f8e1b7e","method":"POST","result":200,"reason":"OK","latencyMs":1353.07}
{"timestamp":1791473763887,"service":"control","requestId":"143cbdee-00c6-452c-b914-d755e1c3678b","method":"POST","result":200,"reason":"OK","latencyMs":1329.25}
{"timestamp":1791473764074,"service":"control","requestId":"1e6d1625-1916-40c1-9ecb-75a7c3a24d9a","method":"POST","result":200,"reason":"OK","latencyMs":1356.72}
{"timestamp":1791473764219,"service":"control","requestId":"9ab7e229-b3ed-4799-8f8e-e0bf23942fae","method":"POST","result":200,"reason":"OK","latencyMs":1327.08}
{"timestamp":1791473764387,"service":"control","requestId":"9775589c-634a-4004-ac78-00df7da6fad8","method":"POST","result":200,"reason":"OK","latencyMs":1327.49}
{"timestamp":1791473764549,"service":"control","requestId":"3075dc25-a4c0-410b-b40f-62f635d13457","method":"POST","result":200,"reason":"OK","latencyMs":1321.71}
{"timestamp":1791473764704,"service":"control","requestId":"508d6967-60f8-446f-a5d0-d0a45539c727","method":"POST","result":200,"reason":"OK","latencyMs":1290.48}
{"timestamp":1791473764844,"service":"control","requestId":"3e28b2dd-13e7-44ff-a9e3-9fe5ce4b3926","method":"POST","result":200,"reason":"OK","latencyMs":1270.41}
{"timestamp":1791473764987,"service":"control","requestId":"f855477f-5435-4a35-a032-e2d995fe3614","method":"POST","result":200,"reason":"OK","latencyMs":1260.36}
{"timestamp":1791473765141,"service":"control","requestId":"484aaa06-83bc-4f94-80ab-c98d7df7162e","method":"POST","result":200,"reason":"OK","latencyMs":1262.46}
{"timestamp":1791473765295,"service":"control","requestId":"c624fa34-fa77-4dce-93e7-463e9f780f22","method":"POST","result":200,"reason":"OK","latencyMs":1232.02}
{"timestamp":1791473765440,"service":"control","requestId":"136604fb-3bca-4db4-8b3e-457348aa56fb","method":"POST","result":200,"reason":"OK","latencyMs":1226.59}
{"timestamp":1791473765589,"service":"control","requestId":"c205d512-376e-4efe-a220-7e531555c24a","method":"POST","result":200,"reason":"OK","latencyMs":1224.6}
{"timestamp":1791473765743,"service":"control","requestId":"d8596c22-1e4a-4fb7-ad8e-c6444c8073cb","method":"POST","result":200,"reason":"OK","latencyMs":1207.64}
{"timestamp":1791473765878,"service":"control","requestId":"ecb44a5e-3e93-439f-8c78-ba3d34aaab8a","method":"POST","result":200,"reason":"OK","latencyMs":1185.26}
{"timestamp":1791473766068,"service":"control","requestId":"f85668f2-e54d-4a52-989a-88e429c58cca","method":"POST","result":200,"reason":"OK","latencyMs":1229.92}
{"timestamp":1791473766227,"service":"control","requestId":"47b3ad21-0544-4e89-aebc-bd2971f92aa0","method":"POST","result":200,"reason":"OK","latencyMs":1231.11}
{"timestamp":1791473766372,"service":"control","requestId":"53807da1-89ba-4568-8953-4fde7f84087d","method":"POST","result":200,"reason":"OK","latencyMs":1238.23}
{"timestamp":1791473766531,"service":"control","requestId":"ec6f0937-0d1f-4ba5-866c-05960b00d7a2","method":"POST","result":200,"reason":"OK","latencyMs":1243.21}
{"timestamp":1791473766702,"service":"control","requestId":"f0ce2458-c5ff-41bf-a295-9a0ab010443d","method":"POST","result":200,"reason":"OK","latencyMs":1267.7}
{"timestamp":1791473766883,"service":"control","requestId":"601fc224-666d-466a-b04a-70301b5e7773","method":"POST","result":200,"reason":"OK","latencyMs":1300.31}
{"timestamp":1791473767083,"service":"control","requestId":"ad8ed8f7-e720-4afc-a53f-a6d25a4bfd9b","method":"POST","result":200,"reason":"OK","latencyMs":1350.73}
{"timestamp":1791473767213,"service":"control","requestId":"cc8bd6da-5b3a-4553-ab60-a5104f992d0f","method":"POST","result":200,"reason":"OK","latencyMs":1340.68}
{"timestamp":1791473767371,"service":"control","requestId":"ad340dda-51f8-4b5a-abe0-ab90da3ed7a8","method":"POST","result":200,"reason":"OK","latencyMs":1317.56}
{"timestamp":1791473767530,"service":"control","requestId":"464106bb-1b56-42c1-8838-6ead3e326a3a","method":"POST","result":200,"reason":"OK","latencyMs":1321.19}
{"timestamp":1791473767695,"service":"control","requestId":"898c8f98-a4e5-451d-a7f5-5390e203c78f","method":"POST","result":200,"reason":"OK","latencyMs":1332.74}
{"timestamp":1791473767846,"service":"control","requestId":"95a235ab-913c-428e-9371-2552b33acc1f","method":"POST","result":200,"reason":"OK","latencyMs":1324.05}
{"timestamp":1791473767988,"service":"control","requestId":"cabe8e3a-4e6b-42ce-9a9a-281d0930b111","method":"POST","result":200,"reason":"OK","latencyMs":1297.82}
{"timestamp":1791473768197,"service":"control","requestId":"7e467a67-771f-4edb-9218-56910f076d81","method":"POST","result":200,"reason":"OK","latencyMs":1326.38}
{"timestamp":1791473768343,"service":"control","requestId":"80bc74ee-700e-4d47-ad30-114c5e8f3242","method":"POST","result":200,"reason":"OK","latencyMs":1272.72}
{"timestamp":1791473768519,"service":"control","requestId":"29fd4636-e1f3-45bd-aff7-a26ed21ff073","method":"POST","result":200,"reason":"OK","latencyMs":1317.01}
{"timestamp":1791473768671,"service":"control","requestId":"87ea2c41-e3cc-49cf-bf3c-44e0fa35832f","method":"POST","result":200,"reason":"OK","latencyMs":1310.47}
{"timestamp":1791473768835,"service":"control","requestId":"543f258d-bc04-463f-892c-23a45794ddf9","method":"POST","result":200,"reason":"OK","latencyMs":1314.72}
{"timestamp":1791473768988,"service":"control","requestId":"8778d29e-0410-4e59-beb4-db2a482e19f7","method":"POST","result":200,"reason":"OK","latencyMs":1306.34}
{"timestamp":1791473769152,"service":"control","requestId":"f1a00f13-9611-45e4-9e51-42e9432a45e6","method":"POST","result":200,"reason":"OK","latencyMs":1314.9}
{"timestamp":1791473769312,"service":"control","requestId":"7e6dd738-f95c-44f8-a738-89c63484ecd2","method":"POST","result":200,"reason":"OK","latencyMs":1331.32}
{"timestamp":1791473769461,"service":"control","requestId":"f582dbd3-28ec-4c8b-b174-0bd2ab157588","method":"POST","result":200,"reason":"OK","latencyMs":1273.61}
{"timestamp":1791473769606,"service":"control","requestId":"852fd652-2ddd-46b3-b018-56510d07e973","method":"POST","result":200,"reason":"OK","latencyMs":1271.95}
{"timestamp":1791473769762,"service":"control","requestId":"7f25acde-861e-479a-8d7f-0798a54d7310","method":"POST","result":200,"reason":"OK","latencyMs":1262.08}
{"timestamp":1791473769910,"service":"control","requestId":"7178eacc-aabe-4b19-b9d5-ee92ebadb59d","method":"POST","result":200,"reason":"OK","latencyMs":1251.03}
{"timestamp":1791473770069,"service":"control","requestId":"cab16051-3ca6-4325-8609-eefcd20a099d","method":"POST","result":200,"reason":"OK","latencyMs":1238.56}
{"timestamp":1791473770212,"service":"control","requestId":"c5892fa5-9de2-4454-8bdd-db9353180274","method":"POST","result":200,"reason":"OK","latencyMs":1226.12}
{"timestamp":1791473770394,"service":"control","requestId":"1c8f57a0-0d59-4cfc-8e5e-24491a533ddb","method":"POST","result":200,"reason":"OK","latencyMs":1252.34}
{"timestamp":1791473770521,"service":"control","requestId":"d395cb1d-95d3-471f-a62e-868d5fe56405","method":"POST","result":200,"reason":"OK","latencyMs":1219.42}
{"timestamp":1791473770690,"service":"control","requestId":"0520c77e-2313-4d8b-8348-12fcd56ab6a3","method":"POST","result":200,"reason":"OK","latencyMs":1236.09}
{"timestamp":1791473770834,"service":"control","requestId":"b5add308-f0bc-42c0-832f-d514a6e1c20f","method":"POST","result":200,"reason":"OK","latencyMs":1241.45}
{"timestamp":1791473771003,"service":"control","requestId":"ea494867-392d-4630-a528-4c15f65d6e35","method":"POST","result":200,"reason":"OK","latencyMs":1250.84}
{"timestamp":1791473771156,"service":"control","requestId":"bb119823-a899-4344-a0d0-7c3bbf16ac21","method":"POST","result":200,"reason":"OK","latencyMs":1251.38}
{"timestamp":1791473771312,"service":"control","requestId":"174eabc2-0ca8-48ee-a627-4a04e62e6186","method":"POST","result":200,"reason":"OK","latencyMs":1253.19}
{"timestamp":1791473771462,"service":"control","requestId":"8da573c8-0d6d-4869-a63f-8cfe904e750d","method":"POST","result":200,"reason":"OK","latencyMs":1256.38}
{"timestamp":1791473771614,"service":"control","requestId":"70ee24e4-f2c2-478f-8a93-bc3aa05c0d4d","method":"POST","result":200,"reason":"OK","latencyMs":1232.43}
{"timestamp":1791473771760,"service":"control","requestId":"3b9cc652-2cb9-4445-a025-12c5f7c4d8d5","method":"POST","result":200,"reason":"OK","latencyMs":1247.2}
{"timestamp":1791473771914,"service":"control","requestId":"fe72f462-4a72-463e-b284-608ca29a7570","method":"POST","result":200,"reason":"OK","latencyMs":1239.7}
{"timestamp":1791473772071,"service":"control","requestId":"6d64d8b7-56fd-43d8-86ca-ee8f13e90330","method":"POST","result":200,"reason":"OK","latencyMs":1242.97}
{"timestamp":1791473772219,"service":"control","requestId":"fc271e1a-4f66-460a-bac6-b42407a7b3e5","method":"POST","result":200,"reason":"OK","latencyMs":1222.52}
{"timestamp":1791473772390,"service":"control","requestId":"8c0c02e3-55a5-4778-a097-8eb96619265a","method":"POST","result":200,"reason":"OK","latencyMs":1242.62}
{"timestamp":1791473772577,"service":"control","requestId":"a82d05d3-63cd-4c3d-928f-9a656ec0ea33","method":"POST","result":200,"reason":"OK","latencyMs":1277.48}
{"timestamp":1791473772740,"service":"control","requestId":"1d2581b9-bb36-4308-be21-cbb3e6534837","method":"POST","result":200,"reason":"OK","latencyMs":1295.27}
{"timestamp":1791473772909,"service":"control","requestId":"e8ae7b9e-3047-43a3-9816-e9c9ce447ac7","method":"POST","result":200,"reason":"OK","latencyMs":1305.3}
{"timestamp":1791473773080,"service":"control","requestId":"d73f6706-8d3f-4a5e-a225-2b784117a71c","method":"POST","result":200,"reason":"OK","latencyMs":1332.05}
{"timestamp":1791473773247,"service":"control","requestId":"ff9a60d6-0a00-4786-8532-8d557c233e77","method":"POST","result":200,"reason":"OK","latencyMs":1343.19}
{"timestamp":1791473773410,"service":"control","requestId":"77e4040c-15aa-4f45-86b0-7747263a7b6b","method":"POST","result":200,"reason":"OK","latencyMs":1350.57}
{"timestamp":1791473773764,"service":"control","requestId":"992b083e-60cb-4ed4-98b2-8193aac24615","method":"POST","result":200,"reason":"OK","latencyMs":1554.71}
{"timestamp":1791473773918,"service":"control","requestId":"cec1682a-eb8c-4b4c-be01-db53263b640c","method":"POST","result":200,"reason":"OK","latencyMs":1537.86}
{"timestamp":1791473774082,"service":"control","requestId":"6f88df1d-7c59-4161-9a92-279d0328177b","method":"POST","result":200,"reason":"OK","latencyMs":1521.74}
{"timestamp":1791473774233,"service":"control","requestId":"7008849a-9c19-4070-a1ca-0b65da27c588","method":"POST","result":200,"reason":"OK","latencyMs":1502.75}
{"timestamp":1791473774391,"service":"control","requestId":"3ac848e7-0ea5-4825-ba45-5518903a78c2","method":"POST","result":200,"reason":"OK","latencyMs":1495.49}
{"timestamp":1791473774551,"service":"control","requestId":"b917c95b-b475-4a05-8cde-b3d4484b367d","method":"POST","result":200,"reason":"OK","latencyMs":1478.49}
{"timestamp":1791473774695,"service":"control","requestId":"4277d0dd-aaf8-4699-b789-e11a9a5d620b","method":"POST","result":200,"reason":"OK","latencyMs":1458.28}
{"timestamp":1791473774852,"service":"control","requestId":"cf2d12e8-71bb-4c5b-bcee-6cd9446b5d41","method":"POST","result":200,"reason":"OK","latencyMs":945.08}
{"timestamp":1791473775012,"service":"control","requestId":"bf15fff9-a645-4755-9111-b0a279c09fa8","method":"POST","result":200,"reason":"OK","latencyMs":939.2}
{"timestamp":1791473775170,"service":"control","requestId":"a17d974d-5a1a-4f2d-8042-8f33e34e5f30","method":"POST","result":200,"reason":"OK","latencyMs":947.97}
{"timestamp":1791473775370,"service":"control","requestId":"4d90839e-3b3c-4369-9602-6754b7315e9b","method":"POST","result":200,"reason":"OK","latencyMs":987.58}
{"timestamp":1791473775520,"service":"control","requestId":"3080ffdb-16de-451f-8d65-f6fd3cbd6376","method":"POST","result":200,"reason":"OK","latencyMs":979.98}
{"timestamp":1791473775694,"service":"control","requestId":"c75bd5fe-c40b-4496-a4af-ba7180c5d6ba","method":"POST","result":200,"reason":"OK","latencyMs":1007.59}
{"timestamp":1791473775855,"service":"control","requestId":"e2f15337-d75e-4231-9518-c2f3af2c0d6b","method":"POST","result":200,"reason":"OK","latencyMs":1015.12}
{"timestamp":1791473776021,"service":"control","requestId":"84b86c9d-6042-4858-9117-2263df618765","method":"POST","result":200,"reason":"OK","latencyMs":1015.45}
{"timestamp":1791473776169,"service":"control","requestId":"5152ec27-8012-4b09-b401-78fc1cf6ea94","method":"POST","result":200,"reason":"OK","latencyMs":1001.52}
{"timestamp":1791473776362,"service":"control","requestId":"429aa6d5-c2c2-4f53-9e32-d1a868ef0d7a","method":"POST","result":200,"reason":"OK","latencyMs":1007.03}
{"timestamp":1791473776516,"service":"control","requestId":"870a5b0c-5706-4050-a6b1-f49471a7ab86","method":"POST","result":200,"reason":"OK","latencyMs":1003.76}
{"timestamp":1791473776704,"service":"control","requestId":"f69932ed-894a-4818-ba91-e9871edb5665","method":"POST","result":200,"reason":"OK","latencyMs":1020.15}
{"timestamp":1791473776859,"service":"control","requestId":"9f5aa7af-3f3f-40f9-bc10-96364ba7ce7f","method":"POST","result":200,"reason":"OK","latencyMs":1013.05}
{"timestamp":1791473777052,"service":"control","requestId":"7efebc38-b455-43c9-9319-b1286e7e0748","method":"POST","result":200,"reason":"OK","latencyMs":1042.67}
{"timestamp":1791473777219,"service":"control","requestId":"c43ae3f4-c98e-48f0-a6ed-44312e92d61e","method":"POST","result":200,"reason":"OK","latencyMs":1059.74}
{"timestamp":1791473777490,"service":"control","requestId":"b563bd19-9910-4d61-ab71-965178934b1c","method":"POST","result":200,"reason":"OK","latencyMs":1137.28}
{"timestamp":1791473777775,"service":"control","requestId":"563bef5d-579a-4317-91c3-f24827563583","method":"POST","result":200,"reason":"OK","latencyMs":1268.79}
{"timestamp":1791473777941,"service":"control","requestId":"21347b4b-a9d8-4de2-a1a6-0e2cca15ead6","method":"POST","result":200,"reason":"OK","latencyMs":1255.39}
{"timestamp":1791473778305,"service":"control","requestId":"e4f439df-834a-4719-9f71-ea99df2ee0d3","method":"GET","result":200,"reason":"OK","latencyMs":235.62}
{"timestamp":1791473778489,"service":"control","requestId":"98c421b2-d079-431f-9711-2977bd847375","method":"GET","result":200,"reason":"OK","latencyMs":402.14}
{"timestamp":1791473778640,"service":"control","requestId":"376db1cc-983f-4a59-823f-6cbb102fcdd2","method":"GET","result":200,"reason":"OK","latencyMs":547.5}
{"timestamp":1791473778822,"service":"control","requestId":"14ea3a97-7456-4301-b9a9-c7a7a456b9ed","method":"GET","result":200,"reason":"OK","latencyMs":726.34}
{"timestamp":1791473778981,"service":"control","requestId":"08b436d6-5a3e-4e0a-8e71-d29e6af5658b","method":"GET","result":200,"reason":"OK","latencyMs":689.27}
{"timestamp":1791473779149,"service":"control","requestId":"cdce25fb-e6b3-493f-9c11-4d9aada6da1d","method":"GET","result":200,"reason":"OK","latencyMs":673.25}
{"timestamp":1791473779301,"service":"control","requestId":"a53b7aeb-8934-490e-9c96-48881668d922","method":"GET","result":200,"reason":"OK","latencyMs":673.24}
{"timestamp":1791473779491,"service":"control","requestId":"61d75534-a6eb-4aea-95aa-1077388e7372","method":"GET","result":200,"reason":"OK","latencyMs":682.33}
{"timestamp":1791473779647,"service":"control","requestId":"fe600e51-aa4c-4fc1-abb1-57f78a1080f5","method":"POST","result":200,"reason":"OK","latencyMs":676.61}
{"timestamp":1791473779813,"service":"control","requestId":"cd0aa763-37c1-482b-a6dc-8f03ca6cf815","method":"POST","result":200,"reason":"OK","latencyMs":676.21}
{"timestamp":1791473779986,"service":"control","requestId":"caa179f1-586e-43b3-801d-641fe440a071","method":"POST","result":200,"reason":"OK","latencyMs":698.56}
{"timestamp":1791473780164,"service":"control","requestId":"ba701723-b38b-4195-a1bd-b9cfb4554144","method":"POST","result":200,"reason":"OK","latencyMs":683.77}
{"timestamp":1791473780355,"service":"control","requestId":"a31515ab-9a59-4a64-9235-25e8db28f813","method":"POST","result":200,"reason":"OK","latencyMs":720.07}
{"timestamp":1791473780529,"service":"control","requestId":"b26f1a3c-e46d-49d5-8c2b-3ff1e31db8ab","method":"POST","result":200,"reason":"OK","latencyMs":728.5}
{"timestamp":1791473780733,"service":"control","requestId":"2012a029-53fd-4034-bbe3-84894e5cb28e","method":"POST","result":200,"reason":"OK","latencyMs":762.34}
{"timestamp":1791473780940,"service":"control","requestId":"4d254cec-62fa-4336-8e67-672605cd3365","method":"POST","result":200,"reason":"OK","latencyMs":786.68}
{"timestamp":1791473781137,"service":"control","requestId":"1eb2f467-6244-4e6b-a31d-d0f1cf33f5e6","method":"POST","result":200,"reason":"OK","latencyMs":785.14}
{"timestamp":1791473781315,"service":"control","requestId":"f700e781-bd04-427e-9562-4500dd623c21","method":"POST","result":200,"reason":"OK","latencyMs":789.07}
{"timestamp":1791473781477,"service":"control","requestId":"85ef9087-625a-4363-8ac9-bf03f8f08378","method":"POST","result":200,"reason":"OK","latencyMs":749.97}
{"timestamp":1791473781642,"service":"control","requestId":"e6af37f3-9b32-4ef5-a0d0-3ba4f32b150a","method":"POST","result":200,"reason":"OK","latencyMs":716.6}
{"timestamp":1791473781825,"service":"control","requestId":"55d77312-f730-456c-84aa-9d4470d2cb1c","method":"POST","result":200,"reason":"OK","latencyMs":701.51}
{"timestamp":1791473782008,"service":"control","requestId":"1d3bbc13-b93f-4046-ba5a-59d5a9534766","method":"POST","result":200,"reason":"OK","latencyMs":711.53}
{"timestamp":1791473782178,"service":"control","requestId":"d3b5a43e-fd75-41ec-83f9-01f1f0967d1c","method":"POST","result":200,"reason":"OK","latencyMs":710.93}
{"timestamp":1791473782368,"service":"control","requestId":"7b55f9aa-90b9-4709-94f0-f9eb112fa4ec","method":"POST","result":200,"reason":"OK","latencyMs":740.16}
{"timestamp":1791473782525,"service":"control","requestId":"9b038230-f84e-4da6-8beb-44b56a09e477","method":"GET","result":200,"reason":"OK","latencyMs":715.51}
{"timestamp":1791473782696,"service":"control","requestId":"4b3d9642-8d38-4e53-99ca-dc3b5c28286f","method":"GET","result":200,"reason":"OK","latencyMs":702.67}
{"timestamp":1791473782865,"service":"control","requestId":"c00ac230-4039-4128-9390-9e9b8ce586b7","method":"GET","result":200,"reason":"OK","latencyMs":700.19}
{"timestamp":1791473783038,"service":"control","requestId":"fb23cbff-3f9d-4d4c-be27-2f0b18f402ba","method":"GET","result":200,"reason":"OK","latencyMs":683.29}
{"timestamp":1791473783198,"service":"control","requestId":"b287f167-2abe-44c2-a920-703ff04a484b","method":"POST","result":200,"reason":"OK","latencyMs":687.85}
{"timestamp":1791473783375,"service":"control","requestId":"1a8b00ee-2931-452a-97f2-65d6f1c3adc5","method":"POST","result":200,"reason":"OK","latencyMs":691.69}
{"timestamp":1791473783545,"service":"control","requestId":"cd41106c-41b6-43f8-86c5-aabaabad646f","method":"POST","result":200,"reason":"OK","latencyMs":690.86}
{"timestamp":1791473783742,"service":"control","requestId":"c84a1ee6-ac9e-47ea-a7d1-bf4ec48eb85a","method":"POST","result":200,"reason":"OK","latencyMs":716.11}
{"timestamp":1791473783886,"service":"control","requestId":"11763128-91b9-4d4a-8680-6f239ab5ea70","method":"POST","result":200,"reason":"OK","latencyMs":699.49}
{"timestamp":1791473784099,"service":"control","requestId":"91c0e21d-24c9-4807-a516-804c07a46d65","method":"POST","result":200,"reason":"OK","latencyMs":736.2}
{"timestamp":1791473784260,"service":"control","requestId":"8cb5cb41-459a-42b9-ae0d-9272590f4c81","method":"POST","result":200,"reason":"OK","latencyMs":726.34}
{"timestamp":1791473784467,"service":"control","requestId":"27d156c5-e955-41b3-a5fd-4395c5db4b7c","method":"POST","result":200,"reason":"OK","latencyMs":742.08}
{"timestamp":1791473784670,"service":"control","requestId":"5dff6714-08e9-4192-b56a-c45eccff6cda","method":"POST","result":200,"reason":"OK","latencyMs":798.88}
{"timestamp":1791473784884,"service":"control","requestId":"f379871c-e2c9-49c5-9e9d-69d47eb45e8e","method":"POST","result":200,"reason":"OK","latencyMs":802.18}
{"timestamp":1791473785098,"service":"control","requestId":"59cda322-7643-4bbd-bcfa-40f2973f232e","method":"POST","result":200,"reason":"OK","latencyMs":848.35}
{"timestamp":1791473785301,"service":"control","requestId":"ec1036fb-926f-493e-b56a-9df7d9808211","method":"POST","result":200,"reason":"OK","latencyMs":850.55}
{"timestamp":1791473785494,"service":"control","requestId":"b68374e7-5b91-43eb-858c-211a71edb22a","method":"POST","result":200,"reason":"OK","latencyMs":838.18}
{"timestamp":1791473785684,"service":"control","requestId":"915342eb-c019-44c8-8a43-10c03c2dfa29","method":"POST","result":200,"reason":"OK","latencyMs":811.67}
{"timestamp":1791473785858,"service":"control","requestId":"1b74664a-c9b5-4d06-a04c-d1269a428bcd","method":"POST","result":200,"reason":"OK","latencyMs":776.87}
{"timestamp":1791473786057,"service":"control","requestId":"56f19bdc-1891-4cb2-b2dc-d2a5eee8b309","method":"POST","result":200,"reason":"OK","latencyMs":768.57}
{"timestamp":1791473786228,"service":"control","requestId":"7c33fc79-83ba-4f7b-bfce-43b678663cc2","method":"GET","result":200,"reason":"OK","latencyMs":748.81}
{"timestamp":1791473786436,"service":"control","requestId":"94b4babf-7f60-4cec-b76b-9cae68dcef3a","method":"GET","result":200,"reason":"OK","latencyMs":765.43}
{"timestamp":1791473786597,"service":"control","requestId":"8481463d-4afb-4498-a9dd-70bffc19adfd","method":"GET","result":200,"reason":"OK","latencyMs":753.31}
{"timestamp":1791473786778,"service":"control","requestId":"e9e0a232-ad01-4930-a463-9a7aa4cfc63a","method":"GET","result":200,"reason":"OK","latencyMs":738.53}
{"timestamp":1791473786940,"service":"control","requestId":"a0c49912-deec-41a1-a8b3-d1c918096636","method":"POST","result":200,"reason":"OK","latencyMs":729.53}
{"timestamp":1791473787132,"service":"control","requestId":"2df39f03-c345-4194-8410-ecdba6460249","method":"POST","result":200,"reason":"OK","latencyMs":742.97}
{"timestamp":1791473787312,"service":"control","requestId":"63ee7a28-16ae-44af-9522-76d65dec806d","method":"POST","result":200,"reason":"OK","latencyMs":733.88}
{"timestamp":1791473787487,"service":"control","requestId":"e0be71f1-de11-4d9e-8435-b6a86d33851b","method":"POST","result":200,"reason":"OK","latencyMs":721.63}
{"timestamp":1791473787661,"service":"control","requestId":"736465b0-f4d1-4230-9526-9c6ba9f309fd","method":"POST","result":200,"reason":"OK","latencyMs":737.55}
{"timestamp":1791473787842,"service":"control","requestId":"9f51eea3-9cbf-41d1-be28-6c955af21743","method":"POST","result":200,"reason":"OK","latencyMs":724.11}
{"timestamp":1791473788016,"service":"control","requestId":"d00745df-bde0-4f38-a29c-51479fe74783","method":"POST","result":200,"reason":"OK","latencyMs":716.03}
{"timestamp":1791473788188,"service":"control","requestId":"983e2796-563b-46c8-9ca9-04aae2afe6dd","method":"POST","result":200,"reason":"OK","latencyMs":714.94}
{"timestamp":1791473788358,"service":"control","requestId":"489c5b94-d4b4-47fe-9a74-43be28562c24","method":"POST","result":200,"reason":"OK","latencyMs":710.82}
{"timestamp":1791473788533,"service":"control","requestId":"b6c1ff85-9a6b-4151-9192-e5ad1bf73f20","method":"POST","result":200,"reason":"OK","latencyMs":702.54}
{"timestamp":1791473788695,"service":"control","requestId":"dd36fdcf-0ff0-4910-bd9f-ed4b3ca71bb3","method":"POST","result":200,"reason":"OK","latencyMs":691.84}
{"timestamp":1791473788875,"service":"control","requestId":"6e7d706c-57fa-441a-9058-c28a56a85c17","method":"POST","result":200,"reason":"OK","latencyMs":699.35}
{"timestamp":1791473789049,"service":"control","requestId":"9551c2a1-f4f1-479b-8234-371f48771f84","method":"POST","result":200,"reason":"OK","latencyMs":703.3}
{"timestamp":1791473789224,"service":"control","requestId":"ea60675f-8b6f-44bf-b994-236dade9f6be","method":"POST","result":200,"reason":"OK","latencyMs":703.96}
{"timestamp":1791473789756,"service":"control","requestId":"5ace02bf-d07f-4981-abe5-7708fb18873a","method":"POST","result":200,"reason":"OK","latencyMs":1073.69}
{"timestamp":1791473789880,"service":"control","requestId":"fb81c3d5-6274-4566-805b-ef3c6ccdcf30","method":"POST","result":200,"reason":"OK","latencyMs":1018.53}
{"timestamp":1791473790043,"service":"control","requestId":"a8e8f610-22f6-4ca0-94e4-77dc2a4b0428","method":"GET","result":200,"reason":"OK","latencyMs":1006.17}
{"timestamp":1791473790243,"service":"control","requestId":"f908ffb2-c3ba-453f-a959-c957771d3947","method":"GET","result":200,"reason":"OK","latencyMs":1032.8}
{"timestamp":1791473790412,"service":"control","requestId":"c14d57a2-6bce-4ae0-bf86-1c5a70a0efb0","method":"GET","result":200,"reason":"OK","latencyMs":1034.99}
{"timestamp":1791473790588,"service":"control","requestId":"7f38a65c-6c44-4847-a256-272643951f21","method":"GET","result":200,"reason":"OK","latencyMs":724.29}
{"timestamp":1791473790749,"service":"control","requestId":"3200c177-dd4d-45b9-a516-f20df02573f0","method":"POST","result":200,"reason":"OK","latencyMs":719.99}
{"timestamp":1791473790927,"service":"control","requestId":"95082266-4433-4398-8ffb-e6361296d506","method":"POST","result":200,"reason":"OK","latencyMs":696.87}
{"timestamp":1791473791074,"service":"control","requestId":"c2494efe-76d4-49b8-a52a-492431daf003","method":"POST","result":200,"reason":"OK","latencyMs":674.89}
{"timestamp":1791473791236,"service":"control","requestId":"987ce39f-c859-4ee7-bdc9-711b1bee3f0b","method":"POST","result":200,"reason":"OK","latencyMs":651.71}
{"timestamp":1791473791422,"service":"control","requestId":"6760d404-4b5d-4f45-b334-3d51e119298a","method":"POST","result":200,"reason":"OK","latencyMs":685.42}
{"timestamp":1791473791615,"service":"control","requestId":"841ee082-f6fd-40b1-8df8-371ce4a6e31c","method":"POST","result":200,"reason":"OK","latencyMs":704.25}
{"timestamp":1791473791786,"service":"control","requestId":"f8648591-dda9-4598-8d82-dfa589ca8842","method":"POST","result":200,"reason":"OK","latencyMs":723.68}
{"timestamp":1791473791969,"service":"control","requestId":"55e65e31-1506-4939-bc3d-3aa6cb9fad65","method":"POST","result":200,"reason":"OK","latencyMs":746.99}
{"timestamp":1791473792125,"service":"control","requestId":"4e7c3674-d2b1-475d-b4ad-fd48f869d93c","method":"POST","result":200,"reason":"OK","latencyMs":716.62}
{"timestamp":1791473792298,"service":"control","requestId":"dd3e468a-4912-4b0a-a92c-74de432f36df","method":"POST","result":200,"reason":"OK","latencyMs":693.14}
{"timestamp":1791473792476,"service":"control","requestId":"eb98085c-6efc-4477-9d52-d22c548fd28d","method":"POST","result":200,"reason":"OK","latencyMs":702.8}
{"timestamp":1791473792646,"service":"control","requestId":"ad00e8d8-e989-4059-994c-b3ead6a63ff2","method":"POST","result":200,"reason":"OK","latencyMs":695.09}
{"timestamp":1791473792818,"service":"control","requestId":"a2945343-9c51-4a77-9261-173ce150563c","method":"POST","result":200,"reason":"OK","latencyMs":706.99}
{"timestamp":1791473793012,"service":"control","requestId":"0245b364-8225-4bef-8d09-17a13e7b0c68","method":"POST","result":200,"reason":"OK","latencyMs":726.67}
{"timestamp":1791473793186,"service":"control","requestId":"3afb76da-3ed2-4122-90d2-0d2dc32c77c7","method":"POST","result":200,"reason":"OK","latencyMs":726.62}
{"timestamp":1791473793378,"service":"control","requestId":"7c6363ff-8610-4874-95ff-4b76bd91952e","method":"POST","result":200,"reason":"OK","latencyMs":746.26}
{"timestamp":1791473793536,"service":"control","requestId":"46dc954a-16c5-4a55-a44d-96d2123634bb","method":"GET","result":200,"reason":"OK","latencyMs":732.1}
{"timestamp":1791473793722,"service":"control","requestId":"3470d0a1-d54f-4c97-8262-5aa77ab735df","method":"GET","result":200,"reason":"OK","latencyMs":724.02}
{"timestamp":1791473793905,"service":"control","requestId":"01e7454f-bddb-45cc-99d1-94e0e3878fe0","method":"GET","result":200,"reason":"OK","latencyMs":737.53}
{"timestamp":1791473794112,"service":"control","requestId":"0c840c86-5eb7-46cc-a294-825454944c43","method":"GET","result":200,"reason":"OK","latencyMs":750.59}
{"timestamp":1791473794295,"service":"control","requestId":"b05d77f3-2f54-4d35-a44a-937f97f8c5c8","method":"POST","result":200,"reason":"OK","latencyMs":771}
{"timestamp":1791473794471,"service":"control","requestId":"2d760ac5-1989-428c-b28d-775f0ae7e636","method":"POST","result":200,"reason":"OK","latencyMs":762.47}
{"timestamp":1791473794628,"service":"control","requestId":"467efc58-613d-44da-9cd6-0d2d55b4bc6b","method":"POST","result":200,"reason":"OK","latencyMs":734.78}
{"timestamp":1791473794804,"service":"control","requestId":"1904c724-fec2-4ad5-94dd-8c22a54601f4","method":"POST","result":200,"reason":"OK","latencyMs":707.04}
{"timestamp":1791473794981,"service":"control","requestId":"44014083-f728-4945-8099-6af5e118e969","method":"POST","result":200,"reason":"OK","latencyMs":699.46}
{"timestamp":1791473795168,"service":"control","requestId":"da1aa244-4c42-49ce-92ee-c0426ef93fdf","method":"POST","result":200,"reason":"OK","latencyMs":710.22}
{"timestamp":1791473795345,"service":"control","requestId":"99cca9f2-1371-453b-a2e7-111166fcd7a9","method":"POST","result":200,"reason":"OK","latencyMs":730.96}
{"timestamp":1791473795545,"service":"control","requestId":"bc6b736f-8728-4ac0-820c-3beb4402bba0","method":"POST","result":200,"reason":"OK","latencyMs":753.18}
{"timestamp":1791473795698,"service":"control","requestId":"cc6cfcf2-b94e-4272-a27a-d944d77f7dcb","method":"POST","result":200,"reason":"OK","latencyMs":727.83}
{"timestamp":1791473795878,"service":"control","requestId":"ad4474a5-7bbe-4781-81e3-5306e767aa34","method":"POST","result":200,"reason":"OK","latencyMs":719.17}
{"timestamp":1791473796051,"service":"control","requestId":"b4f0bbd7-3d34-4808-824a-5967a92171c1","method":"POST","result":200,"reason":"OK","latencyMs":720.98}
{"timestamp":1791473796233,"service":"control","requestId":"6d8df208-7854-4812-b95f-d2a7c5caa7fc","method":"POST","result":200,"reason":"OK","latencyMs":701.72}
{"timestamp":1791473796390,"service":"control","requestId":"e7bbd926-c598-415e-94fd-87d7c3dfaafe","method":"POST","result":200,"reason":"OK","latencyMs":704.78}
{"timestamp":1791473796568,"service":"control","requestId":"5495f9b4-51fb-46e9-959f-c113583f735c","method":"POST","result":200,"reason":"OK","latencyMs":703.91}
{"timestamp":1791473796746,"service":"control","requestId":"0445e13f-745a-4eaf-bf13-f7f11366cc2e","method":"POST","result":200,"reason":"OK","latencyMs":707.2}
{"timestamp":1791473796926,"service":"control","requestId":"e77288aa-4734-4155-be8f-11982a52eac7","method":"POST","result":200,"reason":"OK","latencyMs":705.95}
{"timestamp":1791473797081,"service":"control","requestId":"f4ead16c-0a1f-47e4-9b0c-7a6fc763dbc5","method":"GET","result":200,"reason":"OK","latencyMs":705}
{"timestamp":1791473797270,"service":"control","requestId":"4fa6e8d5-5013-4a44-874b-ab46dbcb6376","method":"GET","result":200,"reason":"OK","latencyMs":717.52}
{"timestamp":1791473797422,"service":"control","requestId":"3a213408-7543-4e87-856d-1fce9b3cff90","method":"GET","result":200,"reason":"OK","latencyMs":689.05}
{"timestamp":1791473797575,"service":"control","requestId":"c916b640-c59b-428d-be5b-6b01fb5f0741","method":"GET","result":200,"reason":"OK","latencyMs":661.99}
{"timestamp":1791473797747,"service":"control","requestId":"10241826-cfa6-4037-a6c1-95a221785319","method":"POST","result":200,"reason":"OK","latencyMs":678.55}
{"timestamp":1791473797921,"service":"control","requestId":"15fc58ff-080e-41f8-a427-fea5c6b95c39","method":"POST","result":200,"reason":"OK","latencyMs":667.23}
{"timestamp":1791473798085,"service":"control","requestId":"b20d2ad6-bacf-44dc-99d4-4f6251ef6d6b","method":"POST","result":200,"reason":"OK","latencyMs":675.38}
{"timestamp":1791473798289,"service":"control","requestId":"faeef98b-5b6b-4dc9-87b5-a8641d080a7b","method":"POST","result":200,"reason":"OK","latencyMs":724.55}
{"timestamp":1791473798471,"service":"control","requestId":"9dafb00c-06c6-496c-8383-f4d24fb9b3c7","method":"POST","result":200,"reason":"OK","latencyMs":737.51}
{"timestamp":1791473798708,"service":"control","requestId":"1be80cb8-b3c9-4329-935d-4a49ab7a90ea","method":"POST","result":200,"reason":"OK","latencyMs":805.77}
{"timestamp":1791473798908,"service":"control","requestId":"602561a1-bd70-46c1-95fe-a04624b37484","method":"POST","result":200,"reason":"OK","latencyMs":836.63}
{"timestamp":1791473799094,"service":"control","requestId":"6813a207-64ad-41a4-bfc8-9bb3a18d1cd3","method":"POST","result":200,"reason":"OK","latencyMs":818.41}
{"timestamp":1791473799258,"service":"control","requestId":"983370ff-f4c7-4d4b-a596-860e82afdebf","method":"POST","result":200,"reason":"OK","latencyMs":801.39}
{"timestamp":1791473799448,"service":"control","requestId":"79bc2113-527f-49b6-a919-20ba730d0c7e","method":"POST","result":200,"reason":"OK","latencyMs":758.67}
{"timestamp":1791473799640,"service":"control","requestId":"3e345053-365d-4aa2-a813-f7edc818a400","method":"POST","result":200,"reason":"OK","latencyMs":746.93}
{"timestamp":1791473799849,"service":"control","requestId":"c84d114a-fe75-4779-a4ef-d92d5c6eecf0","method":"POST","result":200,"reason":"OK","latencyMs":766.88}
{"timestamp":1791473800036,"service":"control","requestId":"676fcd50-b7a4-469c-8326-2baa4ce0a5f8","method":"POST","result":200,"reason":"OK","latencyMs":759.89}
{"timestamp":1791473800232,"service":"control","requestId":"895e63fc-501c-4eae-94dc-c58d49fe01f6","method":"POST","result":200,"reason":"OK","latencyMs":797.45}
{"timestamp":1791473800409,"service":"control","requestId":"09162d45-8410-461d-bdb9-fa3087943792","method":"POST","result":200,"reason":"OK","latencyMs":786.42}
{"timestamp":1791473800596,"service":"control","requestId":"45864abe-aa30-46c3-bb53-6860399ffe6a","method":"POST","result":200,"reason":"OK","latencyMs":758.33}
{"timestamp":1791473800797,"service":"control","requestId":"0ad574fc-742e-4c14-aca5-f672ad517323","method":"GET","result":200,"reason":"OK","latencyMs":774}
{"timestamp":1791473801026,"service":"control","requestId":"f0094e58-f89f-4724-9bfa-1653b20c4dd3","method":"GET","result":200,"reason":"OK","latencyMs":810.13}
{"timestamp":1791473801220,"service":"control","requestId":"25865cf7-1969-425a-b28a-b59becf8755d","method":"GET","result":200,"reason":"OK","latencyMs":825.7}
{"timestamp":1791473801421,"service":"control","requestId":"bf809e86-5c21-4f5e-ae9d-e955a91939d0","method":"GET","result":200,"reason":"OK","latencyMs":838.69}
{"timestamp":1791473801619,"service":"control","requestId":"aa7d89da-eae7-4d41-9d09-8eef37a426ee","method":"POST","result":200,"reason":"OK","latencyMs":834.95}
{"timestamp":1791473801785,"service":"control","requestId":"a923d80d-63a8-4538-acff-8acbaa9d559d","method":"POST","result":200,"reason":"OK","latencyMs":780.17}
{"timestamp":1791473801941,"service":"control","requestId":"8d5e5649-e39d-4727-bb1f-f0091a1c681d","method":"POST","result":200,"reason":"OK","latencyMs":735.51}
{"timestamp":1791473802134,"service":"control","requestId":"0cd76806-dc38-4e2d-890b-4806e6e2579b","method":"POST","result":200,"reason":"OK","latencyMs":725.9}
{"timestamp":1791473802339,"service":"control","requestId":"0916cbee-92e6-4af0-a6a3-03574f76fe67","method":"POST","result":200,"reason":"OK","latencyMs":733.82}
{"timestamp":1791473802569,"service":"control","requestId":"3fba2bb3-fdde-4590-9c87-f2991d2f7166","method":"POST","result":200,"reason":"OK","latencyMs":797.39}
{"timestamp":1791473802766,"service":"control","requestId":"2bde03c8-9996-4b34-9456-de5b91d6c327","method":"POST","result":200,"reason":"OK","latencyMs":838.49}
{"timestamp":1791473802970,"service":"control","requestId":"702298f3-9410-4bb0-832e-42d9ba0b3be4","method":"POST","result":200,"reason":"OK","latencyMs":851.79}
{"timestamp":1791473803162,"service":"control","requestId":"b35a18ac-c340-4df8-8fda-e568f5369881","method":"POST","result":200,"reason":"OK","latencyMs":835.32}
{"timestamp":1791473803342,"service":"control","requestId":"2b8b84ce-02af-48d6-ba74-62ba453cc68f","method":"POST","result":200,"reason":"OK","latencyMs":788.64}
{"timestamp":1791473803503,"service":"control","requestId":"e4b8224a-c5b8-4648-bb95-ecb0829299b6","method":"POST","result":200,"reason":"OK","latencyMs":750.82}
{"timestamp":1791473803679,"service":"control","requestId":"54971b2d-cb72-4b0c-9b2b-c5e7fc74d6bd","method":"POST","result":200,"reason":"OK","latencyMs":724.4}
{"timestamp":1791473803864,"service":"control","requestId":"3e8c7fad-a0d6-4d85-a788-7b6b9ee21091","method":"POST","result":200,"reason":"OK","latencyMs":713.3}
{"timestamp":1791473804045,"service":"control","requestId":"745d1ed7-ad0f-4ecb-aa87-87c653e5a423","method":"POST","result":200,"reason":"OK","latencyMs":718.51}
{"timestamp":1791473804234,"service":"control","requestId":"08b7f770-cc0b-46db-a508-00ec0a431ddb","method":"POST","result":200,"reason":"OK","latencyMs":744.14}
{"timestamp":1791473804427,"service":"control","requestId":"84e004e5-f9b6-4225-a679-660e6f0e501b","method":"POST","result":200,"reason":"OK","latencyMs":760.91}
{"timestamp":1791473804609,"service":"control","requestId":"567481fc-ee28-45cb-bf9f-7ff6a7633b23","method":"GET","result":200,"reason":"OK","latencyMs":760.44}
{"timestamp":1791473804815,"service":"control","requestId":"f0317a27-517b-428e-a0fe-c49ba91005b6","method":"GET","result":200,"reason":"OK","latencyMs":782.38}
{"timestamp":1791473805017,"service":"control","requestId":"5061c878-9546-4eb6-9032-29bf99a07ec4","method":"GET","result":200,"reason":"OK","latencyMs":795.97}
{"timestamp":1791473805228,"service":"control","requestId":"ed3fcf0f-22ab-4e27-893a-2ee307a871b7","method":"GET","result":200,"reason":"OK","latencyMs":817.99}
{"timestamp":1791473805403,"service":"control","requestId":"87deaba5-f705-41ee-811e-ed4eedea9e3a","method":"POST","result":200,"reason":"OK","latencyMs":807.86}
{"timestamp":1791473805581,"service":"control","requestId":"22520ed4-e6c5-4cf8-833f-fdb685f15b09","method":"POST","result":200,"reason":"OK","latencyMs":778.38}
{"timestamp":1791473805793,"service":"control","requestId":"2d0a0c30-2313-4fe0-8dba-4e368e0a8b18","method":"POST","result":200,"reason":"OK","latencyMs":790.78}
{"timestamp":1791473805988,"service":"control","requestId":"7a94b3a2-b84e-4573-8bd1-3adda6b00a48","method":"POST","result":200,"reason":"OK","latencyMs":772.6}
{"timestamp":1791473806198,"service":"control","requestId":"7979053c-c94b-4484-9505-359c975a211f","method":"POST","result":200,"reason":"OK","latencyMs":809.73}
{"timestamp":1791473806407,"service":"control","requestId":"a7939761-0772-4dc1-a5c4-60f301a435f0","method":"POST","result":200,"reason":"OK","latencyMs":836.82}
{"timestamp":1791473806652,"service":"control","requestId":"bcdfa648-acd7-45ac-897e-95cd0abc903d","method":"POST","result":200,"reason":"OK","latencyMs":872.48}
{"timestamp":1791473806854,"service":"control","requestId":"1bc605e4-d447-48f2-ab61-1eb3e9855fcc","method":"POST","result":200,"reason":"OK","latencyMs":881.45}
{"timestamp":1791473807055,"service":"control","requestId":"5e96589b-6c10-4932-b245-7e3fdcd947e5","method":"POST","result":200,"reason":"OK","latencyMs":871.45}
{"timestamp":1791473807246,"service":"control","requestId":"4cf779c7-1602-4046-9baf-ae4c1708a8b3","method":"POST","result":200,"reason":"OK","latencyMs":852.81}
{"timestamp":1791473807452,"service":"control","requestId":"4ad09e75-0435-4520-8298-81b7b3adc50f","method":"POST","result":200,"reason":"OK","latencyMs":818.27}
{"timestamp":1791473807647,"service":"control","requestId":"19ddaef6-34b8-451a-9180-8d911e89a816","method":"POST","result":200,"reason":"OK","latencyMs":808.73}
{"timestamp":1791473807847,"service":"control","requestId":"ffbfdd94-a0bc-4ffe-92dc-fd17ebb69ffb","method":"POST","result":200,"reason":"OK","latencyMs":805.04}
{"timestamp":1791473808054,"service":"control","requestId":"6612c421-3be8-4026-bd6f-35a8663e1b1d","method":"POST","result":200,"reason":"OK","latencyMs":824.93}
{"timestamp":1791473808237,"service":"control","requestId":"8e40d5c8-551e-4d6b-93bd-cf4581b2ee41","method":"POST","result":200,"reason":"OK","latencyMs":797.39}
{"timestamp":1791473808446,"service":"control","requestId":"2a8c05e2-5e59-4e53-aab4-c9ee442858ea","method":"POST","result":200,"reason":"OK","latencyMs":812.09}
{"timestamp":1791473808665,"service":"control","requestId":"5c92cf05-861e-4e19-abfe-28c0985262da","method":"GET","result":200,"reason":"OK","latencyMs":831.06}
{"timestamp":1791473808852,"service":"control","requestId":"d8ab0075-5e5c-455c-bc19-f6db9dacae60","method":"GET","result":200,"reason":"OK","latencyMs":812.58}
{"timestamp":1791473809060,"service":"control","requestId":"aa95f953-d3ce-457a-a69e-40bd40ea4c37","method":"GET","result":200,"reason":"OK","latencyMs":836.87}
{"timestamp":1791473809229,"service":"control","requestId":"8949f96e-e87d-4349-8b4b-86d3a800f730","method":"GET","result":200,"reason":"OK","latencyMs":800.29}
{"timestamp":1791473809412,"service":"control","requestId":"7700d6dd-531d-4192-99d8-2ef7dd0a26db","method":"POST","result":200,"reason":"OK","latencyMs":760.04}
{"timestamp":1791473809615,"service":"control","requestId":"c6c74def-8e31-4889-8830-f743f79c13df","method":"POST","result":200,"reason":"OK","latencyMs":775.74}
{"timestamp":1791473809824,"service":"control","requestId":"c7a5cb1c-088b-4ffc-92e0-263eb9edd30b","method":"POST","result":200,"reason":"OK","latencyMs":778.74}
{"timestamp":1791473810060,"service":"control","requestId":"8829b84e-d7b8-43c3-bda3-d323deab885a","method":"POST","result":200,"reason":"OK","latencyMs":842.89}
{"timestamp":1791473810257,"service":"control","requestId":"5a67570e-584f-4cf7-876b-e8c9e686fad0","method":"POST","result":200,"reason":"OK","latencyMs":857.73}
{"timestamp":1791473810519,"service":"control","requestId":"66bc165a-24a2-4267-b59d-b78a03f35043","method":"POST","result":200,"reason":"OK","latencyMs":915.49}
{"timestamp":1791473810713,"service":"control","requestId":"2446bd5c-f9e3-4500-8e49-1feec6a7fd4c","method":"POST","result":200,"reason":"OK","latencyMs":902.49}
{"timestamp":1791473810919,"service":"control","requestId":"c0de5168-3257-4ce6-ae5e-75f5a8c9e76d","method":"POST","result":200,"reason":"OK","latencyMs":871.3}
{"timestamp":1791473811126,"service":"control","requestId":"99dfa08f-c86e-4d7e-aed4-9ae73ee59634","method":"POST","result":200,"reason":"OK","latencyMs":878.2}
{"timestamp":1791473811354,"service":"control","requestId":"424fc993-c185-4c33-b008-5a36b4fbc963","method":"POST","result":200,"reason":"OK","latencyMs":848.19}
{"timestamp":1791473811543,"service":"control","requestId":"92082984-c91c-4cea-9acd-e7255ec80a28","method":"POST","result":200,"reason":"OK","latencyMs":841.43}
{"timestamp":1791473811782,"service":"control","requestId":"191b4bf1-70d5-439d-a0d4-e1e133bd35ee","method":"POST","result":200,"reason":"OK","latencyMs":878.66}
{"timestamp":1791473811985,"service":"control","requestId":"98202410-5942-4823-970a-261a9bc46b8c","method":"POST","result":200,"reason":"OK","latencyMs":872.69}
{"timestamp":1791473812184,"service":"control","requestId":"284af07e-af39-4353-8394-ae07538ce5d1","method":"POST","result":200,"reason":"OK","latencyMs":852.58}
{"timestamp":1791473812369,"service":"control","requestId":"06f3d919-0a95-4687-b692-0ef53d588654","method":"POST","result":200,"reason":"OK","latencyMs":837.73}
{"timestamp":1791473812548,"service":"control","requestId":"7c1a78b0-0055-4b85-8ba1-9bd8a1bce7e7","method":"POST","result":200,"reason":"OK","latencyMs":780.09}
{"timestamp":1791473812775,"service":"control","requestId":"d0228630-3886-4700-8e56-2806d454f67e","method":"GET","result":200,"reason":"OK","latencyMs":806.45}
{"timestamp":1791473812969,"service":"control","requestId":"046ad1c6-3057-4115-a67c-40a7d485d24e","method":"GET","result":200,"reason":"OK","latencyMs":802.34}
{"timestamp":1791473813165,"service":"control","requestId":"aa662ab0-7ed4-47fc-ac19-eb59e1dce03e","method":"GET","result":200,"reason":"OK","latencyMs":809.32}
{"timestamp":1791473813385,"service":"control","requestId":"39725242-eb7f-4050-ac48-a4d579f12b06","method":"GET","result":200,"reason":"OK","latencyMs":849.87}
{"timestamp":1791473813568,"service":"control","requestId":"3f57c0db-dc39-4f60-8ba0-aed3702e144f","method":"POST","result":200,"reason":"OK","latencyMs":807.62}
{"timestamp":1791473813740,"service":"control","requestId":"8ca736d8-66dc-49c9-bf4c-a57db8229ba9","method":"POST","result":200,"reason":"OK","latencyMs":785.63}
{"timestamp":1791473813943,"service":"control","requestId":"f735b8e6-a47e-4dff-8863-89995d9f98a1","method":"POST","result":200,"reason":"OK","latencyMs":793.33}
{"timestamp":1791473814128,"service":"control","requestId":"9b213b59-f933-444b-841b-9b73498dea9c","method":"POST","result":200,"reason":"OK","latencyMs":758.3}
{"timestamp":1791473814343,"service":"control","requestId":"865d7574-7342-4397-8490-61d2089225d0","method":"POST","result":200,"reason":"OK","latencyMs":787.26}
{"timestamp":1791473814587,"service":"control","requestId":"190b2399-ef2f-4675-bd4d-703029c66b26","method":"POST","result":200,"reason":"OK","latencyMs":860.24}
{"timestamp":1791473814798,"service":"control","requestId":"a0059dc2-160f-47c1-b095-1933b54e88c2","method":"POST","result":200,"reason":"OK","latencyMs":871.17}
{"timestamp":1791473815011,"service":"control","requestId":"7cf3a0a7-f7ed-4425-8ea6-755f15d184ad","method":"POST","result":200,"reason":"OK","latencyMs":895.18}
{"timestamp":1791473815242,"service":"control","requestId":"4aba9560-0dee-4150-a00b-4f82b31c52ca","method":"POST","result":200,"reason":"OK","latencyMs":912.39}
{"timestamp":1791473815455,"service":"control","requestId":"373a0ade-6547-4b52-a744-e6aa104f4563","method":"POST","result":200,"reason":"OK","latencyMs":882.41}
{"timestamp":1791473815672,"service":"control","requestId":"ab1e6626-e85a-4d9c-a877-5efc80eaa566","method":"POST","result":200,"reason":"OK","latencyMs":884.5}
{"timestamp":1791473815873,"service":"control","requestId":"7727b38b-0ca7-4474-bf24-5ebdce0df2c1","method":"POST","result":200,"reason":"OK","latencyMs":879.78}
{"timestamp":1791473816088,"service":"control","requestId":"e4095638-6723-4cb9-bfd0-0fc135cb905b","method":"POST","result":200,"reason":"OK","latencyMs":860.3}
{"timestamp":1791473816292,"service":"control","requestId":"0d1edb17-ddfd-4439-ae12-179a5fa074d6","method":"POST","result":200,"reason":"OK","latencyMs":854.39}
{"timestamp":1791473816488,"service":"control","requestId":"4fe5cbcf-b695-42bd-8def-a12bc6265440","method":"POST","result":200,"reason":"OK","latencyMs":829.16}
{"timestamp":1791473816686,"service":"control","requestId":"d2957331-7697-4320-bc82-01634c241036","method":"POST","result":200,"reason":"OK","latencyMs":828.85}
{"timestamp":1791473816879,"service":"control","requestId":"b48e63a8-ce65-476c-8d17-06cac13933d6","method":"GET","result":200,"reason":"OK","latencyMs":809.52}
{"timestamp":1791473817126,"service":"control","requestId":"0b95ccf3-fd85-4525-9fde-e440d62c5084","method":"GET","result":200,"reason":"OK","latencyMs":847.5}
{"timestamp":1791473817329,"service":"control","requestId":"c1c5f756-f28c-4787-ad53-b0a94a1e7974","method":"GET","result":200,"reason":"OK","latencyMs":856.62}
{"timestamp":1791473817509,"service":"control","requestId":"1fb452e2-a050-4775-ac5b-b3d3754dd09d","method":"GET","result":200,"reason":"OK","latencyMs":837.77}
{"timestamp":1791473817715,"service":"control","requestId":"16ebea04-db96-47d7-a063-1654e3417cdf","method":"POST","result":200,"reason":"OK","latencyMs":848.95}
{"timestamp":1791473817905,"service":"control","requestId":"8a41d823-4745-45d4-9003-957607cfeed7","method":"POST","result":200,"reason":"OK","latencyMs":794.27}
{"timestamp":1791473818110,"service":"control","requestId":"5a63cffa-90ba-42ca-8adf-84abc078cfee","method":"POST","result":200,"reason":"OK","latencyMs":795.92}
{"timestamp":1791473818294,"service":"control","requestId":"914a96d1-62bb-407e-bc94-a9763655b786","method":"POST","result":200,"reason":"OK","latencyMs":799.31}
{"timestamp":1791473818507,"service":"control","requestId":"9e56354d-a52d-46cf-88e8-e36279a80db1","method":"POST","result":200,"reason":"OK","latencyMs":809.9}
{"timestamp":1791473818727,"service":"control","requestId":"dc37453a-7287-45fb-9828-643e95e17ef6","method":"POST","result":200,"reason":"OK","latencyMs":836.12}
{"timestamp":1791473818942,"service":"control","requestId":"4f3e77ce-e08c-4166-8e2d-46d073f82353","method":"POST","result":200,"reason":"OK","latencyMs":846.98}
{"timestamp":1791473819166,"service":"control","requestId":"d9f3a053-4325-4003-8295-596393afb244","method":"POST","result":200,"reason":"OK","latencyMs":884.52}
{"timestamp":1791473819362,"service":"control","requestId":"758d42d2-3b03-48ff-b425-e722b6bed262","method":"POST","result":200,"reason":"OK","latencyMs":868.22}
{"timestamp":1791473819569,"service":"control","requestId":"2bd485fc-472d-4e8b-a65b-0d53a90684ff","method":"POST","result":200,"reason":"OK","latencyMs":855.39}
{"timestamp":1791473819774,"service":"control","requestId":"6c444706-c558-47a7-88ac-1db7e1fa3dab","method":"POST","result":200,"reason":"OK","latencyMs":846.6}
{"timestamp":1791473819992,"service":"control","requestId":"a1f99d96-9948-41df-b255-b5296c19e8ab","method":"POST","result":200,"reason":"OK","latencyMs":840.93}
{"timestamp":1791473820212,"service":"control","requestId":"680c551f-d6af-4602-b58f-7547ee8a9ec9","method":"POST","result":200,"reason":"OK","latencyMs":862.35}
{"timestamp":1791473820435,"service":"control","requestId":"a15286b9-e2a2-4d20-ad44-749178a588a1","method":"POST","result":200,"reason":"OK","latencyMs":879.71}
{"timestamp":1791473820653,"service":"control","requestId":"6b7adbd6-8452-494a-b8c6-92c91688c13e","method":"POST","result":200,"reason":"OK","latencyMs":892.05}
{"timestamp":1791473820857,"service":"control","requestId":"4ffe37de-b0eb-42cc-a2ae-051bdddb8287","method":"POST","result":200,"reason":"OK","latencyMs":880.07}
{"timestamp":1791473821063,"service":"control","requestId":"8b77b631-1a37-42d1-a31a-50dcc8202594","method":"GET","result":200,"reason":"OK","latencyMs":867.69}
{"timestamp":1791473821245,"service":"control","requestId":"7e8de9b2-e7c5-49f2-bca9-76ec0bc4ab43","method":"GET","result":200,"reason":"OK","latencyMs":823.58}
{"timestamp":1791473821468,"service":"control","requestId":"aad09f11-7e9c-4db1-8ff0-37dbb7336f93","method":"GET","result":200,"reason":"OK","latencyMs":833.86}
{"timestamp":1791473821667,"service":"control","requestId":"ec566ff7-2e4a-4d8a-8894-97ca3798e88f","method":"GET","result":200,"reason":"OK","latencyMs":831.89}
{"timestamp":1791473821865,"service":"control","requestId":"d68e8f70-9b1b-492f-bbae-87156d1c8da5","method":"POST","result":200,"reason":"OK","latencyMs":821.35}
{"timestamp":1791473822067,"service":"control","requestId":"85663048-e332-4bea-a576-bdb7e961688b","method":"POST","result":200,"reason":"OK","latencyMs":839.75}
{"timestamp":1791473822241,"service":"control","requestId":"e1dd7513-003f-4440-a041-0865687cf2e7","method":"POST","result":200,"reason":"OK","latencyMs":788.68}
{"timestamp":1791473822444,"service":"control","requestId":"147ecb42-f890-426b-9c39-82319b058fd4","method":"POST","result":200,"reason":"OK","latencyMs":789.86}
{"timestamp":1791473822636,"service":"control","requestId":"7ee4a514-b5ca-40cc-b033-feeafb72ec63","method":"POST","result":200,"reason":"OK","latencyMs":784.06}
{"timestamp":1791473822872,"service":"control","requestId":"e61c4358-13b6-4cc5-a1bd-38f0f1621b60","method":"POST","result":200,"reason":"OK","latencyMs":817.92}
{"timestamp":1791473823075,"service":"control","requestId":"db6fb841-3d53-4d94-a0b1-d4cef43338cf","method":"POST","result":200,"reason":"OK","latencyMs":847.93}
{"timestamp":1791473823298,"service":"control","requestId":"e7c82789-6f11-4ee3-ae4d-3ede32462819","method":"POST","result":200,"reason":"OK","latencyMs":866.41}
{"timestamp":1791473823491,"service":"control","requestId":"4526bca4-bb5f-4e84-9793-2830df0b7aad","method":"POST","result":200,"reason":"OK","latencyMs":867.5}
{"timestamp":1791473823717,"service":"control","requestId":"78f135d1-232d-4023-8c52-71e358c36461","method":"POST","result":200,"reason":"OK","latencyMs":860.37}
{"timestamp":1791473823912,"service":"control","requestId":"21b492ff-2753-425d-9c22-20ce3e66527b","method":"POST","result":200,"reason":"OK","latencyMs":855.91}
{"timestamp":1791473824104,"service":"control","requestId":"bd30557d-38d6-4fa2-8a56-b68770ee0fca","method":"POST","result":200,"reason":"OK","latencyMs":820.25}
{"timestamp":1791473824319,"service":"control","requestId":"8f78a355-0fa5-4f33-8349-5f3f9d6ea0d5","method":"POST","result":200,"reason":"OK","latencyMs":843.22}
{"timestamp":1791473824549,"service":"control","requestId":"b311984f-dde1-4e70-b6e7-c37ff38d01c6","method":"POST","result":200,"reason":"OK","latencyMs":855.02}
{"timestamp":1791473824737,"service":"control","requestId":"8071367e-77fb-4a1d-a4a7-9acdba773055","method":"POST","result":200,"reason":"OK","latencyMs":842.64}
{"timestamp":1791473824941,"service":"control","requestId":"17d40cc5-91ce-4b58-aae5-771da280a808","method":"POST","result":200,"reason":"OK","latencyMs":851.72}
{"timestamp":1791473825183,"service":"control","requestId":"1b8c3d29-0f1b-4811-b408-f78b55ce89ca","method":"GET","result":200,"reason":"OK","latencyMs":889.76}
{"timestamp":1791473825374,"service":"control","requestId":"fbf74531-bcef-4ddc-b326-8ac4ecaff7e0","method":"GET","result":200,"reason":"OK","latencyMs":843.97}
{"timestamp":1791473825600,"service":"control","requestId":"5f8a7710-8499-49bf-a84a-ba9e7e4b3c18","method":"GET","result":200,"reason":"OK","latencyMs":882.78}
{"timestamp":1791473825791,"service":"control","requestId":"d282587b-d048-4aad-80e9-6bf4f2c222b0","method":"POST","result":200,"reason":"OK","latencyMs":627.5}
{"timestamp":1791473826019,"service":"control","requestId":"ded62610-0e77-4dc7-8cb3-d3aaa156e493","method":"POST","result":200,"reason":"OK","latencyMs":659.2}
{"timestamp":1791473826215,"service":"control","requestId":"601d211d-10cd-4e09-8ae3-05bb99b7503d","method":"POST","result":200,"reason":"OK","latencyMs":631.59}
{"timestamp":1791473826438,"service":"control","requestId":"2672db94-a4f4-4664-bbf7-c3bbb87e14c0","method":"POST","result":200,"reason":"OK","latencyMs":660.83}
{"timestamp":1791473826661,"service":"control","requestId":"17458018-ef6e-4b60-895f-957c9aafae14","method":"POST","result":200,"reason":"OK","latencyMs":658.41}
{"timestamp":1791473826911,"service":"control","requestId":"623667d8-78ec-43d4-a188-8ae761a4ea14","method":"POST","result":200,"reason":"OK","latencyMs":710.89}
{"timestamp":1791473827118,"service":"control","requestId":"47c7a585-7399-4b0f-8457-ec0bca639dcb","method":"POST","result":200,"reason":"OK","latencyMs":700.08}
{"timestamp":1791473827396,"service":"control","requestId":"5f719506-f779-49db-b104-1a29d5e80680","method":"POST","result":200,"reason":"OK","latencyMs":752.85}
{"timestamp":1791473827606,"service":"control","requestId":"a4bcd609-5a2c-4a9c-802d-49622b678782","method":"POST","result":200,"reason":"OK","latencyMs":712.23}
{"timestamp":1791473827804,"service":"control","requestId":"6e0ac00a-0232-47a5-99eb-ad7d6516ada3","method":"POST","result":200,"reason":"OK","latencyMs":698.55}
{"timestamp":1791473828020,"service":"control","requestId":"c0f148f8-ad51-437e-88ea-496954fd1e5b","method":"POST","result":200,"reason":"OK","latencyMs":645.12}
{"timestamp":1791473828236,"service":"control","requestId":"3cde47a4-eaa8-49cf-b341-502da42abd0f","method":"POST","result":200,"reason":"OK","latencyMs":645.02}
{"timestamp":1791473828437,"service":"control","requestId":"54e91365-216a-49ae-ac67-de79a56ac284","method":"GET","result":200,"reason":"OK","latencyMs":651.07}
{"timestamp":1791473828658,"service":"control","requestId":"4476c522-39cc-4ae4-8793-cdbb24100db4","method":"GET","result":200,"reason":"OK","latencyMs":655.11}
{"timestamp":1791473828850,"service":"control","requestId":"d9319fc6-cf23-4a8f-a71c-be088a34ffd3","method":"GET","result":200,"reason":"OK","latencyMs":639.54}
{"timestamp":1791473829079,"service":"control","requestId":"f815fa62-a8f6-4b83-9303-5cf0df6e4192","method":"POST","result":200,"reason":"OK","latencyMs":657.49}
{"timestamp":1791473829279,"service":"control","requestId":"263319e7-57cd-44bf-a7cf-213229eb4b76","method":"POST","result":200,"reason":"OK","latencyMs":639.09}
{"timestamp":1791473829486,"service":"control","requestId":"ee30ec89-286c-4840-ae4e-d6e6a199fdd6","method":"POST","result":200,"reason":"OK","latencyMs":649.09}
{"timestamp":1791473829705,"service":"control","requestId":"80afbbef-4715-477b-a205-eb287bcbcfda","method":"POST","result":200,"reason":"OK","latencyMs":644.36}
{"timestamp":1791473829939,"service":"control","requestId":"eeb3e424-f8a2-49f5-8e8c-5cdd47cb0071","method":"POST","result":200,"reason":"OK","latencyMs":674.42}
{"timestamp":1791473830179,"service":"control","requestId":"dffc4ed0-1475-45b0-8527-1491df4b1882","method":"POST","result":200,"reason":"OK","latencyMs":709.74}
{"timestamp":1791473830389,"service":"control","requestId":"475da9f8-6b7e-4da0-816d-e7edf1571374","method":"POST","result":200,"reason":"OK","latencyMs":699.52}
{"timestamp":1791473830594,"service":"control","requestId":"a35e7d77-9b97-480c-9b39-7eb2421791ba","method":"POST","result":200,"reason":"OK","latencyMs":679.85}
{"timestamp":1791473830813,"service":"control","requestId":"6999f33d-fb94-4370-a2e3-f0783b741b52","method":"POST","result":200,"reason":"OK","latencyMs":637.13}
{"timestamp":1791473831020,"service":"control","requestId":"7c2c6c54-019b-4e47-9901-683d1df0fab5","method":"POST","result":200,"reason":"OK","latencyMs":644.95}
{"timestamp":1791473831225,"service":"control","requestId":"586c562e-5aba-4601-bb0e-c405a601b92b","method":"POST","result":200,"reason":"OK","latencyMs":648.37}
{"timestamp":1791473831410,"service":"control","requestId":"f1fba8bd-1c8e-40ba-b951-5d33e33bab69","method":"POST","result":200,"reason":"OK","latencyMs":611.69}
